<?xml version='1.0' encoding='utf-8'?>
<kml xmlns="http://www.opengis.net/kml/2.2"><Document><name>Queen City Backsplash — service ZIP boundaries</name><description>Census 2020 ZIP Code Tabulation Areas, generalized at 1:500,000. These approximate ZIP areas; they are not official USPS delivery boundaries. Source: https://www.census.gov/geographies/mapping-files/2020/geo/carto-boundary-file.html</description><Style id="service-area"><LineStyle><color>ff715b00</color><width>2</width></LineStyle><PolyStyle><color>33715b00</color><fill>1</fill><outline>1</outline></PolyStyle></Style><Placemark><name>28001 — Albemarle, NC</name><description>Service ZIP: 28001. Census 2020 ZCTA boundary; approximate ZIP area.</description><styleUrl>#service-area</styleUrl><ExtendedData><Data name="ZIP"><value>28001</value></Data><Data name="Town"><value>Albemarle</value></Data><Data name="State"><value>NC</value></Data></ExtendedData><Polygon>
<extrude>0</extrude>
<tessellate>1</tessellate>
<altitudeMode>clampToGround</altitudeMode>
<outerBoundaryIs>
<LinearRing>
<coordinates>-80.367958,35.38035,0.0 -80.366504,35.377848,0.0 -80.361494,35.373982,0.0 -80.357718,35.370754,0.0 -80.358275,35.367502,0.0 -80.357519,35.365601,0.0 -80.357406,35.36196,0.0 -80.356231,35.361136,0.0 -80.352149,35.359923,0.0 -80.351337,35.358252,0.0 -80.352118,35.354289,0.0 -80.348315,35.351405,0.0 -80.346245,35.346206,0.0 -80.340513,35.340598,0.0 -80.339171,35.340277,0.0 -80.3359,35.336064,0.0 -80.335956,35.33556,0.0 -80.335731,35.333808,0.0 -80.335563,35.331804,0.0 -80.333467,35.329239,0.0 -80.331454,35.328873,0.0 -80.329861,35.325781,0.0 -80.328184,35.32443,0.0 -80.327793,35.323194,0.0 -80.32891,35.320903,0.0 -80.327457,35.319071,0.0 -80.325947,35.315796,0.0 -80.324969,35.314972,0.0 -80.324689,35.312865,0.0 -80.322761,35.31188,0.0 -80.321197,35.311972,0.0 -80.319576,35.309682,0.0 -80.319828,35.307941,0.0 -80.319072,35.306889,0.0 -80.318067,35.305491,0.0 -80.318291,35.303956,0.0 -80.315665,35.302033,0.0 -80.313485,35.297017,0.0 -80.310329,35.291727,0.0 -80.308793,35.290101,0.0 -80.307843,35.287605,0.0 -80.305553,35.284352,0.0 -80.303487,35.28252,0.0 -80.303487,35.281604,0.0 -80.300639,35.27629,0.0 -80.299941,35.273198,0.0 -80.298042,35.27258,0.0 -80.296507,35.269877,0.0 -80.296237,35.265073,0.0 -80.294118,35.266274,0.0 -80.293219,35.265475,0.0 -80.292628,35.261724,0.0 -80.289378,35.261119,0.0 -80.287637,35.261938,0.0 -80.285061,35.261374,0.0 -80.2829,35.259014,0.0 -80.287522,35.255878,0.0 -80.286878,35.254187,0.0 -80.284617,35.251759,0.0 -80.282579,35.250514,0.0 -80.282578,35.249673,0.0 -80.280513,35.248258,0.0 -80.279424,35.248876,0.0 -80.279703,35.251757,0.0 -80.279284,35.254048,0.0 -80.275123,35.255627,0.0 -80.273867,35.255306,0.0 -80.273085,35.254183,0.0 -80.273283,35.250582,0.0 -80.274845,35.24876,0.0 -80.274735,35.245462,0.0 -80.270717,35.242575,0.0 -80.269294,35.240193,0.0 -80.265919,35.236825,0.0 -80.265779,35.236183,0.0 -80.26282,35.237258,0.0 -80.262038,35.238449,0.0 -80.26198,35.241197,0.0 -80.260863,35.241861,0.0 -80.259242,35.244654,0.0 -80.25508,35.247584,0.0 -80.25254,35.248251,0.0 -80.25054,35.249358,0.0 -80.248649,35.247698,0.0 -80.247391,35.247373,0.0 -80.228811,35.245484,0.0 -80.227373,35.244651,0.0 -80.226657,35.244954,0.0 -80.224304,35.247718,0.0 -80.221765,35.249797,0.0 -80.21729,35.251801,0.0 -80.21423,35.253491,0.0 -80.213073,35.253605,0.0 -80.210749,35.256885,0.0 -80.207326,35.26335,0.0 -80.203945,35.267928,0.0 -80.203696,35.269599,0.0 -80.203355,35.269012,0.0 -80.198745,35.269551,0.0 -80.196302,35.269126,0.0 -80.196196,35.270528,0.0 -80.197746,35.271038,0.0 -80.197598,35.273353,0.0 -80.195919,35.272376,0.0 -80.194517,35.272695,0.0 -80.191947,35.275839,0.0 -80.189844,35.275775,0.0 -80.189652,35.27329,0.0 -80.187868,35.273672,0.0 -80.185523,35.27544,0.0 -80.187536,35.27624,0.0 -80.188298,35.277588,0.0 -80.188486,35.278514,0.0 -80.170137,35.272831,0.0 -80.17193,35.277575,0.0 -80.171731,35.278957,0.0 -80.169755,35.282083,0.0 -80.167323,35.281691,0.0 -80.157757,35.28033,0.0 -80.157687,35.281542,0.0 -80.154448,35.281658,0.0 -80.153655,35.280866,0.0 -80.148668,35.280493,0.0 -80.149041,35.276158,0.0 -80.143355,35.275203,0.0 -80.1472,35.281635,0.0 -80.146128,35.282264,0.0 -80.138973,35.278559,0.0 -80.139812,35.276088,0.0 -80.135967,35.277044,0.0 -80.13662,35.278582,0.0 -80.132774,35.279421,0.0 -80.131772,35.276857,0.0 -80.130584,35.275646,0.0 -80.129465,35.275949,0.0 -80.128556,35.272336,0.0 -80.128696,35.269493,0.0 -80.124804,35.269563,0.0 -80.124338,35.272709,0.0 -80.121658,35.271894,0.0 -80.121057,35.275381,0.0 -80.117626,35.274726,0.0 -80.117925,35.273677,0.0 -80.113061,35.274114,0.0 -80.113435,35.272086,0.0 -80.111976,35.27205,0.0 -80.111514,35.270521,0.0 -80.109217,35.270784,0.0 -80.108802,35.269206,0.0 -80.105715,35.269331,0.0 -80.105168,35.268745,0.0 -80.103669,35.26872,0.0 -80.10312,35.27081,0.0 -80.102562,35.271395,0.0 -80.101914,35.271505,0.0 -80.1008,35.271077,0.0 -80.101263,35.2729,0.0 -80.099732,35.272847,0.0 -80.101899,35.287523,0.0 -80.101878,35.288309,0.0 -80.10208,35.288603,0.0 -80.10151,35.289463,0.0 -80.101913,35.289548,0.0 -80.102518,35.290017,0.0 -80.102918,35.290141,0.0 -80.103376,35.290029,0.0 -80.103976,35.289636,0.0 -80.104178,35.28961,0.0 -80.10432,35.289514,0.0 -80.104427,35.289245,0.0 -80.104723,35.288851,0.0 -80.104708,35.288655,0.0 -80.104769,35.288351,0.0 -80.104913,35.288111,0.0 -80.105214,35.287516,0.0 -80.105474,35.286847,0.0 -80.105622,35.286596,0.0 -80.105928,35.287803,0.0 -80.104714,35.290717,0.0 -80.106644,35.291843,0.0 -80.108627,35.291277,0.0 -80.10855,35.290142,0.0 -80.112018,35.28987,0.0 -80.114557,35.291177,0.0 -80.117019,35.290921,0.0 -80.115374,35.291682,0.0 -80.116042,35.292621,0.0 -80.111016,35.29104,0.0 -80.104837,35.292687,0.0 -80.099024,35.28928,0.0 -80.093966,35.287087,0.0 -80.092888,35.290219,0.0 -80.090469,35.294267,0.0 -80.087045,35.299314,0.0 -80.08382,35.303009,0.0 -80.080483,35.307623,0.0 -80.080208,35.308638,0.0 -80.079537,35.311103,0.0 -80.079916,35.314543,0.0 -80.081958,35.318613,0.0 -80.081938,35.321457,0.0 -80.079372,35.325849,0.0 -80.075182,35.331278,0.0 -80.071086,35.335573,0.0 -80.0676,35.33862,0.0 -80.066335,35.340647,0.0 -80.065958,35.345213,0.0 -80.066387,35.353625,0.0 -80.066371,35.357145,0.0 -80.065388,35.360474,0.0 -80.063439,35.361974,0.0 -80.060616,35.362654,0.0 -80.056742,35.364172,0.0 -80.054138,35.365959,0.0 -80.052666,35.367563,0.0 -80.051225,35.371537,0.0 -80.051739,35.372585,0.0 -80.055903,35.375614,0.0 -80.057925,35.377688,0.0 -80.05978,35.381137,0.0 -80.062271,35.386134,0.0 -80.066137,35.389514,0.0 -80.070923,35.392738,0.0 -80.075033,35.395072,0.0 -80.078323,35.395521,0.0 -80.083904,35.395094,0.0 -80.085872,35.393874,0.0 -80.111053,35.397939,0.0 -80.111207,35.397682,0.0 -80.113047,35.398268,0.0 -80.113519,35.397592,0.0 -80.113136,35.393658,0.0 -80.114432,35.393649,0.0 -80.121482,35.393558,0.0 -80.121148,35.395459,0.0 -80.121169,35.397227,0.0 -80.121767,35.399993,0.0 -80.122681,35.400708,0.0 -80.124776,35.401766,0.0 -80.128982,35.402633,0.0 -80.132132,35.404309,0.0 -80.129932,35.407076,0.0 -80.129748,35.411401,0.0 -80.125682,35.415852,0.0 -80.135286,35.41386,0.0 -80.137793,35.413255,0.0 -80.147055,35.411026,0.0 -80.156498,35.406452,0.0 -80.155699,35.406413,0.0 -80.156876,35.402757,0.0 -80.15847,35.403072,0.0 -80.160386,35.403811,0.0 -80.160965,35.403829,0.0 -80.153067,35.41994,0.0 -80.150099,35.422715,0.0 -80.1518,35.425285,0.0 -80.153534,35.426568,0.0 -80.158064,35.434356,0.0 -80.15785,35.435755,0.0 -80.168413,35.431211,0.0 -80.168981,35.428382,0.0 -80.167821,35.421946,0.0 -80.167961,35.419589,0.0 -80.174828,35.419656,0.0 -80.17564,35.41803,0.0 -80.174723,35.413419,0.0 -80.173053,35.410635,0.0 -80.172944,35.408628,0.0 -80.172109,35.407692,0.0 -80.171978,35.404479,0.0 -80.171885,35.404,0.0 -80.169949,35.401083,0.0 -80.176752,35.397055,0.0 -80.177807,35.395847,0.0 -80.182375,35.392528,0.0 -80.182367,35.393612,0.0 -80.182047,35.393886,0.0 -80.181539,35.395381,0.0 -80.181511,35.396371,0.0 -80.181848,35.397476,0.0 -80.182015,35.398719,0.0 -80.182776,35.400169,0.0 -80.182777,35.400455,0.0 -80.182674,35.400723,0.0 -80.182679,35.401081,0.0 -80.182645,35.401503,0.0 -80.183247,35.403991,0.0 -80.184306,35.405523,0.0 -80.185566,35.405418,0.0 -80.187227,35.405611,0.0 -80.188008,35.40579,0.0 -80.187884,35.406429,0.0 -80.189855,35.406666,0.0 -80.190852,35.409174,0.0 -80.197188,35.409242,0.0 -80.196716,35.407195,0.0 -80.201784,35.406716,0.0 -80.208238,35.406335,0.0 -80.212831,35.398999,0.0 -80.214791,35.39698,0.0 -80.215944,35.396797,0.0 -80.216829,35.396408,0.0 -80.217494,35.394822,0.0 -80.217967,35.393602,0.0 -80.219964,35.39158,0.0 -80.220432,35.392845,0.0 -80.22183,35.392523,0.0 -80.221411,35.391256,0.0 -80.222103,35.391107,0.0 -80.221649,35.389681,0.0 -80.223152,35.389389,0.0 -80.235174,35.403554,0.0 -80.250695,35.399176,0.0 -80.255126,35.396653,0.0 -80.258742,35.39301,0.0 -80.261522,35.391458,0.0 -80.263815,35.389302,0.0 -80.26591,35.389342,0.0 -80.269281,35.391269,0.0 -80.270689,35.390417,0.0 -80.270763,35.392528,0.0 -80.274208,35.392121,0.0 -80.274356,35.389861,0.0 -80.277431,35.38975,0.0 -80.275504,35.381934,0.0 -80.282246,35.378489,0.0 -80.282061,35.376007,0.0 -80.284506,35.376711,0.0 -80.284548,35.376014,0.0 -80.290251,35.37632,0.0 -80.290876,35.375513,0.0 -80.293897,35.377264,0.0 -80.295836,35.377975,0.0 -80.30381,35.380781,0.0 -80.304261,35.380858,0.0 -80.30442,35.382178,0.0 -80.307124,35.38254,0.0 -80.307341,35.383482,0.0 -80.310407,35.383409,0.0 -80.310914,35.388454,0.0 -80.316611,35.390023,0.0 -80.316611,35.390868,0.0 -80.318435,35.391006,0.0 -80.320197,35.389289,0.0 -80.322546,35.385555,0.0 -80.323174,35.382255,0.0 -80.326273,35.383728,0.0 -80.328425,35.384501,0.0 -80.336618,35.384594,0.0 -80.339486,35.383573,0.0 -80.341448,35.382899,0.0 -80.342759,35.382609,0.0 -80.344079,35.384475,0.0 -80.342036,35.389532,0.0 -80.349307,35.392003,0.0 -80.351671,35.387732,0.0 -80.354929,35.388035,0.0 -80.356341,35.384419,0.0 -80.358229,35.384851,0.0 -80.364553,35.384814,0.0 -80.366189,35.381828,0.0 -80.367958,35.38035,0.0</coordinates>
</LinearRing>
</outerBoundaryIs>
</Polygon>
</Placemark><Placemark><name>28012 — Belmont, NC</name><description>Service ZIP: 28012. Census 2020 ZCTA boundary; approximate ZIP area.</description><styleUrl>#service-area</styleUrl><ExtendedData><Data name="ZIP"><value>28012</value></Data><Data name="Town"><value>Belmont</value></Data><Data name="State"><value>NC</value></Data></ExtendedData><Polygon>
<extrude>0</extrude>
<tessellate>1</tessellate>
<altitudeMode>clampToGround</altitudeMode>
<outerBoundaryIs>
<LinearRing>
<coordinates>-81.082109,35.214023,0.0 -81.082354,35.21394,0.0 -81.081761,35.212935,0.0 -81.080525,35.211633,0.0 -81.074681,35.20684,0.0 -81.076017,35.205911,0.0 -81.074704,35.203329,0.0 -81.073491,35.204588,0.0 -81.0732,35.204011,0.0 -81.072695,35.203039,0.0 -81.075093,35.200165,0.0 -81.074234,35.198567,0.0 -81.075429,35.197344,0.0 -81.071825,35.194075,0.0 -81.071877,35.193417,0.0 -81.072432,35.193761,0.0 -81.074771,35.191675,0.0 -81.074468,35.189356,0.0 -81.075507,35.186307,0.0 -81.071698,35.18351,0.0 -81.072535,35.180808,0.0 -81.07114,35.178792,0.0 -81.070135,35.175013,0.0 -81.070916,35.174853,0.0 -81.071278,35.171898,0.0 -81.06888,35.170936,0.0 -81.069772,35.169264,0.0 -81.071222,35.169791,0.0 -81.071766,35.171254,0.0 -81.080793,35.157669,0.0 -81.078857,35.158021,0.0 -81.078555,35.156855,0.0 -81.079753,35.153338,0.0 -81.072585,35.155276,0.0 -81.069640478647,35.1515557673565,0.0 -81.0586938754696,35.1508493878842,0.0 -81.0575723511473,35.1507770164146,0.0 -81.0567617204493,35.1507247067734,0.0 -81.0562079916324,35.1506889748972,0.0 -81.0463456155096,35.1500525601182,0.0 -81.043625,35.149877,0.0 -81.04287,35.149248,0.0 -81.033195,35.148685,0.0 -81.031371,35.148443,0.0 -81.024721,35.148877,0.0 -81.021558,35.150378,0.0 -81.017112,35.154318,0.0 -81.016227,35.154338,0.0 -81.011598,35.152738,0.0 -81.00951,35.153126,0.0 -81.007467,35.154506,0.0 -81.005806,35.157023,0.0 -81.005836,35.160877,0.0 -81.007188,35.164653,0.0 -81.007306,35.165175,0.0 -81.003915,35.170407,0.0 -81.003185,35.173182,0.0 -81.002387,35.180817,0.0 -81.002967,35.184764,0.0 -81.0039,35.187033,0.0 -81.00614,35.195082,0.0 -81.006273,35.198349,0.0 -81.005268,35.207686,0.0 -81.006295,35.210285,0.0 -81.007275,35.211732,0.0 -81.010099,35.214554,0.0 -81.014127,35.22196,0.0 -81.014266,35.22434,0.0 -81.013943,35.225777,0.0 -81.012459,35.231474,0.0 -81.010918,35.235562,0.0 -81.010207,35.243198,0.0 -81.009142,35.245772,0.0 -81.008268,35.248056,0.0 -81.008301,35.248748,0.0 -81.008868,35.250706,0.0 -81.011206,35.2523,0.0 -81.013825,35.257685,0.0 -81.014956,35.257624,0.0 -81.015925,35.262509,0.0 -81.015557,35.265839,0.0 -81.017574,35.267544,0.0 -81.021438,35.269523,0.0 -81.02231,35.272667,0.0 -81.026179,35.273283,0.0 -81.025805,35.274854,0.0 -81.02584,35.275899,0.0 -81.027758,35.275511,0.0 -81.029843,35.273613,0.0 -81.031935,35.27483,0.0 -81.032125,35.277596,0.0 -81.0312,35.280468,0.0 -81.035906,35.282218,0.0 -81.038976,35.278833,0.0 -81.039612,35.278996,0.0 -81.041193,35.279463,0.0 -81.041369,35.279323,0.0 -81.044775,35.281901,0.0 -81.047403,35.28476,0.0 -81.055059,35.284864,0.0 -81.056194,35.283079,0.0 -81.057997,35.278575,0.0 -81.058924,35.27881,0.0 -81.059393,35.277757,0.0 -81.060944,35.274172,0.0 -81.061742,35.273799,0.0 -81.061339,35.27334,0.0 -81.0609,35.271743,0.0 -81.059698,35.269335,0.0 -81.055843,35.27473,0.0 -81.055577,35.274546,0.0 -81.060037,35.268151,0.0 -81.061412,35.267208,0.0 -81.063441,35.266685,0.0 -81.065038,35.26629,0.0 -81.065023,35.265284,0.0 -81.066487,35.264242,0.0 -81.068589,35.26427,0.0 -81.068731,35.264115,0.0 -81.069106,35.263714,0.0 -81.067845,35.262314,0.0 -81.066948,35.260546,0.0 -81.073761,35.260537,0.0 -81.071925,35.258404,0.0 -81.070398,35.254501,0.0 -81.069786,35.253184,0.0 -81.070029,35.253001,0.0 -81.070135,35.252938,0.0 -81.072934,35.24947,0.0 -81.073096,35.249004,0.0 -81.073794,35.246966,0.0 -81.073123,35.241352,0.0 -81.070782,35.235729,0.0 -81.065728,35.23578,0.0 -81.065513,35.235638,0.0 -81.06454,35.233996,0.0 -81.064958,35.231393,0.0 -81.065518,35.23095,0.0 -81.070524,35.230756,0.0 -81.072302,35.229788,0.0 -81.073384,35.22702,0.0 -81.071381,35.223518,0.0 -81.065968,35.2205,0.0 -81.064116,35.220067,0.0 -81.064306,35.217781,0.0 -81.066909,35.213913,0.0 -81.070365,35.214747,0.0 -81.068175,35.217965,0.0 -81.071965,35.218851,0.0 -81.071233,35.215899,0.0 -81.072936,35.214316,0.0 -81.076538,35.217588,0.0 -81.076912,35.215341,0.0 -81.082109,35.214023,0.0</coordinates>
</LinearRing>
</outerBoundaryIs>
</Polygon>
</Placemark><Placemark><name>28023 — China Grove, NC</name><description>Service ZIP: 28023. Census 2020 ZCTA boundary; approximate ZIP area.</description><styleUrl>#service-area</styleUrl><ExtendedData><Data name="ZIP"><value>28023</value></Data><Data name="Town"><value>China Grove</value></Data><Data name="State"><value>NC</value></Data></ExtendedData><Polygon>
<extrude>0</extrude>
<tessellate>1</tessellate>
<altitudeMode>clampToGround</altitudeMode>
<outerBoundaryIs>
<LinearRing>
<coordinates>-80.688403,35.578685,0.0 -80.688403,35.577357,0.0 -80.683274,35.577189,0.0 -80.683549,35.574365,0.0 -80.682327,35.574121,0.0 -80.680816,35.572502,0.0 -80.683442,35.569634,0.0 -80.686192,35.564244,0.0 -80.685024,35.562531,0.0 -80.684098,35.553497,0.0 -80.683947,35.553123,0.0 -80.67971,35.54821,0.0 -80.677541,35.546677,0.0 -80.677437,35.546624,0.0 -80.678208,35.545552,0.0 -80.676082,35.544654,0.0 -80.676007,35.545221,0.0 -80.675559,35.539332,0.0 -80.671508,35.539196,0.0 -80.67231,35.537246,0.0 -80.669501,35.537225,0.0 -80.672263,35.534386,0.0 -80.671596,35.534337,0.0 -80.672843,35.532273,0.0 -80.669889,35.532227,0.0 -80.669938,35.5312,0.0 -80.667452,35.530128,0.0 -80.66465,35.529561,0.0 -80.662578,35.528581,0.0 -80.661284,35.528597,0.0 -80.656609,35.530457,0.0 -80.658208,35.532406,0.0 -80.657548,35.535497,0.0 -80.658315,35.536671,0.0 -80.657324,35.537073,0.0 -80.652006,35.539289,0.0 -80.647183,35.538861,0.0 -80.644483,35.539059,0.0 -80.641992,35.540253,0.0 -80.641955,35.540271,0.0 -80.641043,35.540687,0.0 -80.639019,35.541291,0.0 -80.639193,35.53979,0.0 -80.637678,35.539859,0.0 -80.635864,35.539943,0.0 -80.634787,35.539897,0.0 -80.633226,35.542569,0.0 -80.635252,35.54353,0.0 -80.633606,35.545212,0.0 -80.632765,35.545895,0.0 -80.631022,35.546873,0.0 -80.626709,35.5507,0.0 -80.622844,35.552564,0.0 -80.621819,35.552823,0.0 -80.620758,35.553173,0.0 -80.61868,35.554084,0.0 -80.617577,35.553173,0.0 -80.615397,35.554167,0.0 -80.61498,35.553704,0.0 -80.612278,35.553674,0.0 -80.612263,35.555374,0.0 -80.611034,35.556079,0.0 -80.610366,35.555472,0.0 -80.610085,35.558107,0.0 -80.609732,35.558269,0.0 -80.608609,35.556907,0.0 -80.606039,35.557538,0.0 -80.60412,35.556529,0.0 -80.6033,35.557768,0.0 -80.599655,35.5555,0.0 -80.599839,35.555353,0.0 -80.602435,35.552713,0.0 -80.60345,35.551831,0.0 -80.603238,35.551607,0.0 -80.597639,35.554201,0.0 -80.596913,35.554493,0.0 -80.593973,35.555874,0.0 -80.59309,35.554644,0.0 -80.593115,35.553588,0.0 -80.592966,35.552595,0.0 -80.589657,35.552465,0.0 -80.589572,35.551517,0.0 -80.590319,35.55154,0.0 -80.592519,35.551633,0.0 -80.592025,35.550569,0.0 -80.5903,35.549816,0.0 -80.590103,35.548412,0.0 -80.596224,35.544574,0.0 -80.602068,35.540853,0.0 -80.603764,35.53905,0.0 -80.602408,35.538392,0.0 -80.600205,35.540027,0.0 -80.599538,35.53958,0.0 -80.596707,35.537746,0.0 -80.595423,35.53721,0.0 -80.59555,35.535901,0.0 -80.596883,35.534098,0.0 -80.593137,35.533778,0.0 -80.593641,35.530441,0.0 -80.594646,35.53048,0.0 -80.594802,35.527836,0.0 -80.592504,35.526547,0.0 -80.591417,35.527535,0.0 -80.589819,35.527929,0.0 -80.588071,35.525868,0.0 -80.584901,35.520444,0.0 -80.581488,35.518239,0.0 -80.579575,35.516044,0.0 -80.577565,35.515147,0.0 -80.576258,35.515849,0.0 -80.573287,35.516239,0.0 -80.571987,35.513439,0.0 -80.570187,35.512439,0.0 -80.569087,35.509839,0.0 -80.566532,35.511625,0.0 -80.564755,35.509271,0.0 -80.566215,35.511677,0.0 -80.562091,35.514723,0.0 -80.558436,35.515798,0.0 -80.55642,35.513834,0.0 -80.551342,35.515718,0.0 -80.545509,35.515763,0.0 -80.545404,35.514758,0.0 -80.539658,35.514814,0.0 -80.538217,35.516106,0.0 -80.536551,35.519456,0.0 -80.534489,35.522376,0.0 -80.532251,35.521587,0.0 -80.528328,35.520138,0.0 -80.524541,35.523884,0.0 -80.524152,35.526826,0.0 -80.51816,35.525053,0.0 -80.515444,35.523527,0.0 -80.508187,35.52732,0.0 -80.501595,35.528088,0.0 -80.500775,35.530254,0.0 -80.501525,35.530275,0.0 -80.503296,35.531802,0.0 -80.503268,35.534265,0.0 -80.504344,35.535397,0.0 -80.506552,35.535624,0.0 -80.506949,35.548675,0.0 -80.505745,35.550484,0.0 -80.509285,35.547582,0.0 -80.509822,35.545408,0.0 -80.519267,35.548338,0.0 -80.524283,35.547677,0.0 -80.526988,35.54781,0.0 -80.526885,35.552306,0.0 -80.529339,35.552477,0.0 -80.529185,35.555944,0.0 -80.526696,35.557968,0.0 -80.521034,35.55778,0.0 -80.52091,35.56111,0.0 -80.517881,35.560323,0.0 -80.516495,35.560939,0.0 -80.516423,35.562164,0.0 -80.519923,35.562404,0.0 -80.519809,35.565364,0.0 -80.520726,35.565404,0.0 -80.520784,35.563577,0.0 -80.529513,35.565404,0.0 -80.527727,35.56915,0.0 -80.527752,35.57018,0.0 -80.532993,35.570504,0.0 -80.532827,35.574142,0.0 -80.533532,35.57474,0.0 -80.533775,35.56969,0.0 -80.534569,35.571035,0.0 -80.53911,35.572459,0.0 -80.541021,35.573411,0.0 -80.544088,35.575814,0.0 -80.546173,35.578414,0.0 -80.548514,35.579338,0.0 -80.549529,35.581096,0.0 -80.549374,35.582299,0.0 -80.54644,35.585142,0.0 -80.545049,35.58712,0.0 -80.544033,35.586934,0.0 -80.544088,35.587217,0.0 -80.545561,35.587986,0.0 -80.55156,35.582868,0.0 -80.554579,35.578857,0.0 -80.556223,35.57844,0.0 -80.562269,35.574344,0.0 -80.564083,35.575036,0.0 -80.56371,35.575373,0.0 -80.560972,35.575933,0.0 -80.561539,35.577244,0.0 -80.547714,35.589744,0.0 -80.550569,35.590682,0.0 -80.55137,35.59097,0.0 -80.552565,35.594346,0.0 -80.55175,35.59608,0.0 -80.549182,35.596318,0.0 -80.558108,35.599153,0.0 -80.56539,35.600656,0.0 -80.565119,35.601208,0.0 -80.564486,35.602791,0.0 -80.56666,35.602659,0.0 -80.570914,35.6036,0.0 -80.575398,35.605985,0.0 -80.575862,35.603094,0.0 -80.57858,35.603678,0.0 -80.579806,35.603628,0.0 -80.580781,35.603517,0.0 -80.581761,35.6023,0.0 -80.581632,35.596589,0.0 -80.5819,35.592706,0.0 -80.586831,35.593619,0.0 -80.586844,35.60508,0.0 -80.594395,35.606636,0.0 -80.594481,35.609343,0.0 -80.601239,35.608773,0.0 -80.60431,35.609253,0.0 -80.610521,35.61118,0.0 -80.612282,35.611343,0.0 -80.617275,35.612431,0.0 -80.620308,35.615,0.0 -80.621842,35.620079,0.0 -80.624365,35.622742,0.0 -80.626824,35.627712,0.0 -80.628784,35.630129,0.0 -80.631899,35.636555,0.0 -80.633323,35.637531,0.0 -80.639247,35.639817,0.0 -80.640369,35.637591,0.0 -80.649501,35.637493,0.0 -80.652894,35.636605,0.0 -80.656194,35.63176,0.0 -80.657587,35.626909,0.0 -80.660457,35.624035,0.0 -80.663017,35.622271,0.0 -80.659565,35.619621,0.0 -80.656786,35.614533,0.0 -80.65365,35.611963,0.0 -80.653709,35.606061,0.0 -80.65752,35.605839,0.0 -80.666163,35.607647,0.0 -80.667024,35.607936,0.0 -80.672271,35.610652,0.0 -80.673154,35.610478,0.0 -80.674255,35.606548,0.0 -80.674426,35.604243,0.0 -80.675986,35.599754,0.0 -80.67812,35.59867,0.0 -80.68217,35.595565,0.0 -80.67941,35.593726,0.0 -80.677385,35.590051,0.0 -80.67788,35.587122,0.0 -80.675836,35.584542,0.0 -80.677093,35.582553,0.0 -80.678455,35.582975,0.0 -80.679181,35.58154,0.0 -80.682826,35.58391,0.0 -80.687057,35.5847,0.0 -80.686861,35.583218,0.0 -80.682831,35.583096,0.0 -80.683259,35.581707,0.0 -80.682083,35.579891,0.0 -80.685686,35.579875,0.0 -80.685792,35.578471,0.0 -80.688403,35.578685,0.0</coordinates>
</LinearRing>
</outerBoundaryIs>
</Polygon>
</Placemark><Placemark><name>28025 — Concord, NC</name><description>Service ZIP: 28025. Census 2020 ZCTA boundary; approximate ZIP area.</description><styleUrl>#service-area</styleUrl><ExtendedData><Data name="ZIP"><value>28025</value></Data><Data name="Town"><value>Concord</value></Data><Data name="State"><value>NC</value></Data></ExtendedData><Polygon>
<extrude>0</extrude>
<tessellate>1</tessellate>
<altitudeMode>clampToGround</altitudeMode>
<outerBoundaryIs>
<LinearRing>
<coordinates>-80.617816,35.459934,0.0 -80.618582,35.459683,0.0 -80.615063,35.449248,0.0 -80.615037,35.449172,0.0 -80.613919,35.446715,0.0 -80.61277,35.445252,0.0 -80.612682,35.445163,0.0 -80.612581,35.444992,0.0 -80.609276,35.440836,0.0 -80.607944,35.438328,0.0 -80.607308,35.436337,0.0 -80.606694,35.430922,0.0 -80.606295,35.42564,0.0 -80.606266,35.425198,0.0 -80.60617,35.424769,0.0 -80.605874,35.423936,0.0 -80.604694,35.421344,0.0 -80.60372,35.41926,0.0 -80.602318,35.416199,0.0 -80.601374,35.414134,0.0 -80.599315,35.411325,0.0 -80.592574,35.404475,0.0 -80.590857,35.401802,0.0 -80.59299,35.400831,0.0 -80.592008,35.40007,0.0 -80.589767,35.399312,0.0 -80.588091,35.394169,0.0 -80.587641,35.391298,0.0 -80.588542,35.384584,0.0 -80.589154,35.381123,0.0 -80.589108,35.377453,0.0 -80.592341,35.363551,0.0 -80.591545,35.360766,0.0 -80.591162,35.360957,0.0 -80.590612,35.358359,0.0 -80.591016,35.355581,0.0 -80.592288,35.353406,0.0 -80.596094,35.347908,0.0 -80.597198,35.34635,0.0 -80.602225,35.342465,0.0 -80.604271,35.341637,0.0 -80.607669,35.340957,0.0 -80.610166,35.340447,0.0 -80.613099,35.339635,0.0 -80.615967,35.338278,0.0 -80.617466,35.334988,0.0 -80.618393,35.331638,0.0 -80.618001,35.329562,0.0 -80.615974,35.330097,0.0 -80.615643,35.328435,0.0 -80.613825,35.324748,0.0 -80.611465,35.322882,0.0 -80.607451,35.321035,0.0 -80.605366,35.322023,0.0 -80.603411,35.320832,0.0 -80.601647,35.322482,0.0 -80.600277,35.327083,0.0 -80.598553,35.327042,0.0 -80.597546,35.325016,0.0 -80.596653,35.321066,0.0 -80.598443,35.31853,0.0 -80.598335,35.317804,0.0 -80.595962,35.316469,0.0 -80.59607,35.315265,0.0 -80.597439,35.314853,0.0 -80.599803,35.311347,0.0 -80.597496,35.309992,0.0 -80.598629,35.308543,0.0 -80.59734,35.307721,0.0 -80.598163,35.306684,0.0 -80.597432,35.306073,0.0 -80.596714,35.305087,0.0 -80.594794,35.303418,0.0 -80.594918,35.300129,0.0 -80.598356,35.297489,0.0 -80.599246,35.294354,0.0 -80.601175,35.293252,0.0 -80.60489,35.293462,0.0 -80.606899,35.291281,0.0 -80.606114,35.287614,0.0 -80.608572,35.284935,0.0 -80.609579,35.281273,0.0 -80.608489,35.280701,0.0 -80.612049,35.27564,0.0 -80.609712,35.269034,0.0 -80.613396,35.26319,0.0 -80.615048,35.258173,0.0 -80.614643,35.256586,0.0 -80.61373,35.256936,0.0 -80.604172,35.256579,0.0 -80.604755,35.252579,0.0 -80.608521,35.248804,0.0 -80.610587,35.245231,0.0 -80.616361,35.242694,0.0 -80.599733,35.234105,0.0 -80.598185,35.235654,0.0 -80.596546,35.2383,0.0 -80.59294,35.240982,0.0 -80.594414,35.249981,0.0 -80.593515,35.252609,0.0 -80.588837,35.258919,0.0 -80.588479,35.260536,0.0 -80.588744,35.262392,0.0 -80.591922,35.268432,0.0 -80.590835,35.271062,0.0 -80.588954,35.270673,0.0 -80.579338,35.270488,0.0 -80.579276,35.271663,0.0 -80.58243,35.272158,0.0 -80.581285,35.276109,0.0 -80.585441,35.276196,0.0 -80.585133,35.279017,0.0 -80.587714,35.279101,0.0 -80.586982,35.280039,0.0 -80.587816,35.281809,0.0 -80.586283,35.283752,0.0 -80.586506,35.286088,0.0 -80.585139,35.287832,0.0 -80.585035,35.290617,0.0 -80.574739,35.288089,0.0 -80.567757,35.290061,0.0 -80.56685,35.290857,0.0 -80.564751,35.292644,0.0 -80.558377,35.289854,0.0 -80.55437,35.289813,0.0 -80.549728,35.288781,0.0 -80.547991,35.296855,0.0 -80.545491,35.296777,0.0 -80.542365,35.295643,0.0 -80.543381,35.294901,0.0 -80.540568,35.291932,0.0 -80.539083,35.293065,0.0 -80.533422,35.293559,0.0 -80.532502,35.300454,0.0 -80.522022,35.298145,0.0 -80.518886,35.298516,0.0 -80.514011,35.299849,0.0 -80.512758,35.294448,0.0 -80.509939,35.29519,0.0 -80.509202,35.294349,0.0 -80.506643,35.296014,0.0 -80.505092,35.293446,0.0 -80.503742,35.29299,0.0 -80.504506,35.291106,0.0 -80.495532,35.285993,0.0 -80.493768,35.28924,0.0 -80.496401,35.291183,0.0 -80.494834,35.295308,0.0 -80.493837,35.295014,0.0 -80.492723,35.296363,0.0 -80.495772,35.29994,0.0 -80.488215,35.300266,0.0 -80.48881,35.298654,0.0 -80.488961,35.29264,0.0 -80.488745,35.28928,0.0 -80.490386,35.287245,0.0 -80.486977,35.284084,0.0 -80.488092,35.282231,0.0 -80.487812,35.281364,0.0 -80.485592,35.282159,0.0 -80.482593,35.283515,0.0 -80.481553,35.285844,0.0 -80.473128,35.296105,0.0 -80.474514,35.298164,0.0 -80.474894,35.300469,0.0 -80.470428,35.303167,0.0 -80.468884,35.304771,0.0 -80.46668,35.308369,0.0 -80.463606,35.311766,0.0 -80.466122,35.31275,0.0 -80.464889,35.314406,0.0 -80.463177,35.313885,0.0 -80.460595,35.313443,0.0 -80.454271,35.3113,0.0 -80.450597,35.308457,0.0 -80.44998,35.308179,0.0 -80.44932,35.308207,0.0 -80.445867,35.310892,0.0 -80.449571,35.312654,0.0 -80.441748,35.319942,0.0 -80.440471,35.318872,0.0 -80.438989,35.319777,0.0 -80.439854,35.32163,0.0 -80.435242,35.326119,0.0 -80.440842,35.329866,0.0 -80.439359,35.333572,0.0 -80.442878,35.336675,0.0 -80.443714,35.336882,0.0 -80.445938,35.338109,0.0 -80.443072,35.340463,0.0 -80.437705,35.346326,0.0 -80.437674,35.347264,0.0 -80.439885,35.349511,0.0 -80.440528,35.351569,0.0 -80.439384,35.353016,0.0 -80.437957,35.353361,0.0 -80.439689,35.356795,0.0 -80.441256,35.357253,0.0 -80.442515,35.358603,0.0 -80.443604,35.357868,0.0 -80.445367,35.358255,0.0 -80.446539,35.361209,0.0 -80.449595,35.362946,0.0 -80.448276,35.365947,0.0 -80.448749,35.367395,0.0 -80.450621,35.36909,0.0 -80.452691,35.369261,0.0 -80.450985,35.371229,0.0 -80.452277,35.372396,0.0 -80.448965,35.377288,0.0 -80.452788,35.378746,0.0 -80.456627,35.381829,0.0 -80.45632,35.382045,0.0 -80.45066,35.38105,0.0 -80.447124,35.387327,0.0 -80.447652,35.388981,0.0 -80.450434,35.389,0.0 -80.452408,35.393736,0.0 -80.458738,35.388727,0.0 -80.462192,35.387461,0.0 -80.467272,35.38464,0.0 -80.468193,35.381646,0.0 -80.47073,35.380944,0.0 -80.470351,35.382532,0.0 -80.468811,35.385348,0.0 -80.476232,35.386969,0.0 -80.476431,35.385268,0.0 -80.481711,35.385122,0.0 -80.48401,35.381426,0.0 -80.484771,35.381666,0.0 -80.487302,35.382276,0.0 -80.489635,35.383832,0.0 -80.492916,35.387653,0.0 -80.493594,35.388969,0.0 -80.492671,35.389383,0.0 -80.492749,35.389579,0.0 -80.49093,35.390393,0.0 -80.49004,35.390782,0.0 -80.480992,35.39489,0.0 -80.48117,35.395522,0.0 -80.480941,35.397776,0.0 -80.47876,35.403359,0.0 -80.478428,35.407595,0.0 -80.479215,35.409684,0.0 -80.479257,35.410234,0.0 -80.478176,35.411929,0.0 -80.475499,35.415666,0.0 -80.477117,35.416115,0.0 -80.475261,35.417759,0.0 -80.475578,35.419994,0.0 -80.466897,35.425439,0.0 -80.462847,35.429406,0.0 -80.45229,35.434672,0.0 -80.444882,35.438071,0.0 -80.445044,35.43774,0.0 -80.445141,35.432421,0.0 -80.444241,35.429955,0.0 -80.442464,35.427822,0.0 -80.441791,35.429854,0.0 -80.43927,35.429214,0.0 -80.437242,35.430968,0.0 -80.435859,35.434357,0.0 -80.437255,35.437429,0.0 -80.438762,35.43989,0.0 -80.437902,35.440764,0.0 -80.435707,35.440314,0.0 -80.432308,35.44422,0.0 -80.433147,35.445146,0.0 -80.434491,35.444794,0.0 -80.434681,35.446103,0.0 -80.433817,35.448303,0.0 -80.435233,35.447101,0.0 -80.437367,35.447957,0.0 -80.438663,35.449464,0.0 -80.438196,35.451734,0.0 -80.438928,35.453535,0.0 -80.439082,35.457372,0.0 -80.441034,35.458546,0.0 -80.440921,35.460558,0.0 -80.443416,35.463671,0.0 -80.442833,35.466733,0.0 -80.445619,35.469307,0.0 -80.44978,35.47074,0.0 -80.450348,35.472398,0.0 -80.452518,35.471733,0.0 -80.454751,35.470991,0.0 -80.464691,35.483203,0.0 -80.463296,35.485888,0.0 -80.462093,35.486442,0.0 -80.462426,35.48822,0.0 -80.461253,35.490541,0.0 -80.461208,35.492195,0.0 -80.480026,35.493561,0.0 -80.481235,35.49331,0.0 -80.485135,35.493974,0.0 -80.486267,35.491817,0.0 -80.494784,35.491575,0.0 -80.493382,35.48384,0.0 -80.50176,35.482442,0.0 -80.502157,35.484238,0.0 -80.503781,35.48751,0.0 -80.504292,35.48825,0.0 -80.50476,35.488783,0.0 -80.506128,35.491198,0.0 -80.513364,35.485888,0.0 -80.511832,35.482425,0.0 -80.510882,35.478554,0.0 -80.514756,35.477576,0.0 -80.515926,35.476603,0.0 -80.520039,35.474773,0.0 -80.528354,35.481744,0.0 -80.53301,35.485095,0.0 -80.536884,35.478409,0.0 -80.537073,35.477197,0.0 -80.544081,35.476616,0.0 -80.545266,35.475123,0.0 -80.544035,35.474713,0.0 -80.544033,35.473404,0.0 -80.541764,35.470134,0.0 -80.549171,35.469712,0.0 -80.548975,35.469296,0.0 -80.550637,35.468841,0.0 -80.549417,35.468241,0.0 -80.551949,35.466911,0.0 -80.551894,35.462704,0.0 -80.554001,35.463282,0.0 -80.554224,35.465883,0.0 -80.560484,35.464717,0.0 -80.566433,35.467589,0.0 -80.565807,35.466049,0.0 -80.570821,35.459091,0.0 -80.573743,35.460713,0.0 -80.574914,35.462112,0.0 -80.576006,35.461268,0.0 -80.577097,35.463012,0.0 -80.577343,35.46376,0.0 -80.577487,35.464199,0.0 -80.578155,35.474842,0.0 -80.578499,35.476912,0.0 -80.578874,35.477654,0.0 -80.579022,35.477948,0.0 -80.579292,35.477543,0.0 -80.584561,35.4696,0.0 -80.587578,35.465048,0.0 -80.590507,35.460649,0.0 -80.595098,35.453728,0.0 -80.595332,35.453429,0.0 -80.595503,35.455175,0.0 -80.596628,35.45565,0.0 -80.599519,35.452987,0.0 -80.600892,35.452971,0.0 -80.601134,35.453358,0.0 -80.601393,35.454761,0.0 -80.602662,35.454156,0.0 -80.604408,35.453094,0.0 -80.605539,35.452561,0.0 -80.603581,35.449848,0.0 -80.600617,35.450467,0.0 -80.600746,35.448621,0.0 -80.601857,35.448172,0.0 -80.605844,35.447029,0.0 -80.609311,35.446082,0.0 -80.609696,35.448612,0.0 -80.609761,35.448926,0.0 -80.609858,35.44852,0.0 -80.614938,35.450273,0.0 -80.615181,35.451851,0.0 -80.611828,35.452803,0.0 -80.609448,35.455063,0.0 -80.61073,35.457517,0.0 -80.616585,35.456257,0.0 -80.617816,35.459934,0.0</coordinates>
</LinearRing>
</outerBoundaryIs>
</Polygon>
</Placemark><Placemark><name>28027 — Concord, NC</name><description>Service ZIP: 28027. Census 2020 ZCTA boundary; approximate ZIP area.</description><styleUrl>#service-area</styleUrl><ExtendedData><Data name="ZIP"><value>28027</value></Data><Data name="Town"><value>Concord</value></Data><Data name="State"><value>NC</value></Data></ExtendedData><Polygon>
<extrude>0</extrude>
<tessellate>1</tessellate>
<altitudeMode>clampToGround</altitudeMode>
<outerBoundaryIs>
<LinearRing>
<coordinates>-80.764373,35.43584,0.0 -80.763788,35.434645,0.0 -80.763152,35.434195,0.0 -80.761904,35.434589,0.0 -80.761577,35.433895,0.0 -80.759885,35.430309,0.0 -80.758763,35.429798,0.0 -80.755122,35.424331,0.0 -80.754973,35.424076,0.0 -80.748915,35.426557,0.0 -80.749194,35.424227,0.0 -80.753099,35.422495,0.0 -80.752819,35.422094,0.0 -80.751047,35.422838,0.0 -80.75066,35.421883,0.0 -80.751604,35.420876,0.0 -80.752419,35.421455,0.0 -80.753047,35.421169,0.0 -80.751455,35.420234,0.0 -80.749384,35.421752,0.0 -80.748507,35.421015,0.0 -80.749928,35.419683,0.0 -80.749253,35.419502,0.0 -80.745722,35.418528,0.0 -80.745576,35.418467,0.0 -80.744652,35.417748,0.0 -80.749478,35.413611,0.0 -80.7496,35.414719,0.0 -80.750289,35.415374,0.0 -80.751873,35.414261,0.0 -80.748585,35.41176,0.0 -80.74836,35.409559,0.0 -80.745722,35.408944,0.0 -80.745112,35.408614,0.0 -80.748394,35.408061,0.0 -80.755629,35.406779,0.0 -80.756626,35.405156,0.0 -80.761025,35.401828,0.0 -80.760968,35.401706,0.0 -80.760679,35.401441,0.0 -80.75952,35.400468,0.0 -80.758205,35.399897,0.0 -80.757157,35.398948,0.0 -80.756257,35.39849,0.0 -80.75555,35.398229,0.0 -80.752304,35.396545,0.0 -80.75175,35.399182,0.0 -80.748198,35.400428,0.0 -80.748144,35.400324,0.0 -80.743625,35.40261,0.0 -80.741471,35.399644,0.0 -80.739934,35.398259,0.0 -80.739318,35.397476,0.0 -80.738533,35.396942,0.0 -80.737973,35.396445,0.0 -80.737793,35.396052,0.0 -80.737354,35.390438,0.0 -80.735843,35.389272,0.0 -80.736933,35.387557,0.0 -80.74006,35.388406,0.0 -80.742875,35.387043,0.0 -80.742092,35.386151,0.0 -80.74308,35.381094,0.0 -80.742466,35.380889,0.0 -80.742589,35.379303,0.0 -80.74046,35.377708,0.0 -80.736617,35.374823,0.0 -80.732757,35.371931,0.0 -80.728469,35.368927,0.0 -80.725448,35.366808,0.0 -80.721775,35.364243,0.0 -80.719672,35.362792,0.0 -80.718934,35.362285,0.0 -80.717603,35.36337,0.0 -80.711975,35.360041,0.0 -80.711895,35.35944,0.0 -80.711509,35.359096,0.0 -80.709788,35.358278,0.0 -80.707925,35.357225,0.0 -80.703513,35.357898,0.0 -80.702146,35.356583,0.0 -80.701046,35.354428,0.0 -80.701642,35.352892,0.0 -80.703502,35.352306,0.0 -80.699861,35.350246,0.0 -80.695473,35.347759,0.0 -80.693772,35.346794,0.0 -80.692508,35.347789,0.0 -80.692401,35.347703,0.0 -80.691201,35.346719,0.0 -80.686373,35.345465,0.0 -80.683642,35.339431,0.0 -80.682624,35.339263,0.0 -80.677465,35.340701,0.0 -80.67581,35.340994,0.0 -80.674929,35.341151,0.0 -80.673055,35.342458,0.0 -80.67277,35.342332,0.0 -80.672288,35.342221,0.0 -80.671636,35.342195,0.0 -80.671455,35.342209,0.0 -80.670287,35.342382,0.0 -80.669878,35.342204,0.0 -80.668927,35.342427,0.0 -80.667695,35.343208,0.0 -80.66627,35.343916,0.0 -80.665293,35.344148,0.0 -80.664969,35.343843,0.0 -80.66278,35.343984,0.0 -80.660698,35.342633,0.0 -80.663563,35.340228,0.0 -80.663138,35.338234,0.0 -80.659425,35.33718,0.0 -80.658387,35.335822,0.0 -80.652692,35.335753,0.0 -80.653264,35.339356,0.0 -80.650858,35.337113,0.0 -80.644354,35.335017,0.0 -80.64404,35.336319,0.0 -80.646052,35.336786,0.0 -80.645778,35.337681,0.0 -80.646561,35.337834,0.0 -80.646459,35.339196,0.0 -80.642441,35.338591,0.0 -80.642599,35.339696,0.0 -80.640928,35.339455,0.0 -80.640289,35.339861,0.0 -80.638469,35.341792,0.0 -80.638278,35.341973,0.0 -80.637461,35.342803,0.0 -80.635098,35.342461,0.0 -80.635803,35.339906,0.0 -80.632186,35.340664,0.0 -80.631817,35.336415,0.0 -80.633124,35.333357,0.0 -80.633014,35.332089,0.0 -80.631809,35.331223,0.0 -80.628007,35.33339,0.0 -80.6278,35.332752,0.0 -80.61966,35.336986,0.0 -80.616031,35.338882,0.0 -80.615861,35.340225,0.0 -80.617005,35.34103,0.0 -80.614947,35.343555,0.0 -80.612341,35.342502,0.0 -80.611184,35.341752,0.0 -80.610272,35.340566,0.0 -80.610166,35.340447,0.0 -80.607669,35.340957,0.0 -80.604271,35.341637,0.0 -80.602225,35.342465,0.0 -80.597198,35.34635,0.0 -80.596094,35.347908,0.0 -80.592288,35.353406,0.0 -80.591016,35.355581,0.0 -80.590612,35.358359,0.0 -80.591162,35.360957,0.0 -80.591545,35.360766,0.0 -80.592341,35.363551,0.0 -80.589108,35.377453,0.0 -80.589154,35.381123,0.0 -80.588542,35.384584,0.0 -80.587641,35.391298,0.0 -80.588091,35.394169,0.0 -80.589767,35.399312,0.0 -80.592008,35.40007,0.0 -80.59299,35.400831,0.0 -80.590857,35.401802,0.0 -80.592574,35.404475,0.0 -80.599315,35.411325,0.0 -80.601374,35.414134,0.0 -80.602318,35.416199,0.0 -80.60372,35.41926,0.0 -80.604694,35.421344,0.0 -80.605874,35.423936,0.0 -80.60617,35.424769,0.0 -80.606266,35.425198,0.0 -80.606295,35.42564,0.0 -80.606694,35.430922,0.0 -80.607308,35.436337,0.0 -80.607944,35.438328,0.0 -80.609276,35.440836,0.0 -80.612581,35.444992,0.0 -80.612682,35.445163,0.0 -80.61277,35.445252,0.0 -80.613919,35.446715,0.0 -80.615037,35.449172,0.0 -80.615063,35.449248,0.0 -80.618582,35.459683,0.0 -80.618935,35.460741,0.0 -80.619513,35.459139,0.0 -80.620275,35.457866,0.0 -80.626311,35.456032,0.0 -80.6298,35.458928,0.0 -80.630882,35.45772,0.0 -80.633443,35.459203,0.0 -80.634285,35.458544,0.0 -80.63685,35.457346,0.0 -80.641044,35.453682,0.0 -80.640564,35.452366,0.0 -80.639278,35.451432,0.0 -80.640056,35.45161,0.0 -80.642962,35.450619,0.0 -80.644525,35.449128,0.0 -80.64682,35.451136,0.0 -80.649206,35.455069,0.0 -80.655706,35.45518,0.0 -80.658898,35.455784,0.0 -80.66146,35.457542,0.0 -80.664484,35.456417,0.0 -80.664855,35.455928,0.0 -80.669909,35.451191,0.0 -80.674131,35.452516,0.0 -80.675714,35.453389,0.0 -80.681648,35.457619,0.0 -80.682598,35.458658,0.0 -80.686871,35.463856,0.0 -80.688834,35.466957,0.0 -80.689921,35.471961,0.0 -80.690598,35.472705,0.0 -80.691066,35.471621,0.0 -80.69912,35.466522,0.0 -80.702363,35.471784,0.0 -80.702167,35.472817,0.0 -80.700591,35.474812,0.0 -80.698798,35.475681,0.0 -80.697529,35.476387,0.0 -80.698626,35.478023,0.0 -80.697287,35.47879,0.0 -80.697131,35.47625,0.0 -80.695768,35.476714,0.0 -80.696202,35.480488,0.0 -80.70097,35.479483,0.0 -80.702931,35.480468,0.0 -80.701994,35.484624,0.0 -80.711967,35.482534,0.0 -80.713681,35.484508,0.0 -80.71606,35.489914,0.0 -80.714594,35.492161,0.0 -80.713677,35.494634,0.0 -80.716206,35.497074,0.0 -80.719261,35.503402,0.0 -80.720924,35.503794,0.0 -80.720892,35.505806,0.0 -80.725922,35.505804,0.0 -80.730945,35.504306,0.0 -80.736232,35.504089,0.0 -80.735354,35.503218,0.0 -80.734903,35.500827,0.0 -80.733165,35.498912,0.0 -80.733248,35.495296,0.0 -80.731129,35.493721,0.0 -80.730159,35.491273,0.0 -80.730295,35.489539,0.0 -80.729173,35.488761,0.0 -80.732301,35.484589,0.0 -80.735789,35.486191,0.0 -80.74291,35.4872,0.0 -80.747458,35.486276,0.0 -80.750768,35.48631,0.0 -80.755975,35.487227,0.0 -80.758723,35.485982,0.0 -80.756791,35.482292,0.0 -80.755217,35.480547,0.0 -80.750156,35.476682,0.0 -80.752024,35.474211,0.0 -80.752229,35.472255,0.0 -80.750218,35.470162,0.0 -80.753769,35.470018,0.0 -80.754077,35.465441,0.0 -80.755349,35.465072,0.0 -80.753687,35.464559,0.0 -80.753074,35.462819,0.0 -80.75306,35.461073,0.0 -80.755805,35.460954,0.0 -80.755141,35.458404,0.0 -80.751973,35.45832,0.0 -80.751973,35.457338,0.0 -80.752648,35.45463,0.0 -80.752913,35.452278,0.0 -80.746699,35.450774,0.0 -80.747235,35.449739,0.0 -80.748377,35.450277,0.0 -80.754961,35.449767,0.0 -80.753383,35.445721,0.0 -80.752617,35.443341,0.0 -80.75557,35.443281,0.0 -80.754768,35.441744,0.0 -80.752045,35.441946,0.0 -80.750677,35.438354,0.0 -80.750365,35.437835,0.0 -80.750755,35.436734,0.0 -80.754784,35.4367,0.0 -80.76342,35.438854,0.0 -80.763691,35.438381,0.0 -80.762631,35.436129,0.0 -80.764373,35.43584,0.0</coordinates>
</LinearRing>
</outerBoundaryIs>
<innerBoundaryIs>
<LinearRing>
<coordinates>-80.749535,35.422482,0.0 -80.749562,35.423156,0.0 -80.748143,35.42254,0.0 -80.745831,35.421751,0.0 -80.74702,35.42045,0.0 -80.749535,35.422482,0.0</coordinates>
</LinearRing>
</innerBoundaryIs>
</Polygon>
</Placemark><Placemark><name>28031 — Cornelius, NC</name><description>Service ZIP: 28031. Census 2020 ZCTA boundary; approximate ZIP area.</description><styleUrl>#service-area</styleUrl><ExtendedData><Data name="ZIP"><value>28031</value></Data><Data name="Town"><value>Cornelius</value></Data><Data name="State"><value>NC</value></Data></ExtendedData><Polygon>
<extrude>0</extrude>
<tessellate>1</tessellate>
<altitudeMode>clampToGround</altitudeMode>
<outerBoundaryIs>
<LinearRing>
<coordinates>-80.951772,35.468912,0.0 -80.951515,35.467143,0.0 -80.950618,35.465289,0.0 -80.944009,35.460138,0.0 -80.943007,35.458984,0.0 -80.942489,35.457728,0.0 -80.943086,35.452916,0.0 -80.946226,35.449624,0.0 -80.949015,35.448475,0.0 -80.944623,35.44718,0.0 -80.941407,35.445639,0.0 -80.938232,35.444775,0.0 -80.935817,35.444788,0.0 -80.933944,35.445437,0.0 -80.930731,35.447831,0.0 -80.926196,35.448405,0.0 -80.922606,35.449121,0.0 -80.915296,35.451131,0.0 -80.912847,35.451804,0.0 -80.910484,35.435165,0.0 -80.909282,35.434572,0.0 -80.908514,35.433518,0.0 -80.906681,35.432645,0.0 -80.900345,35.440519,0.0 -80.895936,35.444132,0.0 -80.894428,35.444616,0.0 -80.893981,35.445414,0.0 -80.893325,35.445949,0.0 -80.890443,35.446116,0.0 -80.890862,35.446823,0.0 -80.887058,35.450315,0.0 -80.884738,35.4528,0.0 -80.884006,35.453584,0.0 -80.877728,35.452628,0.0 -80.877837,35.452331,0.0 -80.878134,35.450174,0.0 -80.87778,35.448745,0.0 -80.877542,35.448718,0.0 -80.873007,35.44807,0.0 -80.87129,35.450164,0.0 -80.870846,35.450486,0.0 -80.870652,35.450675,0.0 -80.869717,35.446777,0.0 -80.868763,35.447185,0.0 -80.868436,35.444592,0.0 -80.866288,35.445963,0.0 -80.866591,35.447548,0.0 -80.865859,35.448793,0.0 -80.865378,35.449834,0.0 -80.86479,35.450173,0.0 -80.862399,35.450826,0.0 -80.860637,35.451357,0.0 -80.85915,35.451888,0.0 -80.858625,35.452147,0.0 -80.85675,35.451571,0.0 -80.856314,35.451438,0.0 -80.850694,35.450063,0.0 -80.848656,35.450269,0.0 -80.847823,35.450436,0.0 -80.847298,35.450613,0.0 -80.847182,35.450818,0.0 -80.84751,35.451391,0.0 -80.846501,35.451779,0.0 -80.84565,35.451491,0.0 -80.845329,35.451401,0.0 -80.844862,35.451306,0.0 -80.843211,35.451022,0.0 -80.842837,35.453668,0.0 -80.842817,35.4538,0.0 -80.842675,35.457006,0.0 -80.843479,35.459156,0.0 -80.843385,35.459201,0.0 -80.839104,35.460628,0.0 -80.838483,35.459687,0.0 -80.829841,35.462833,0.0 -80.828365,35.46096,0.0 -80.824113,35.464936,0.0 -80.822835,35.463196,0.0 -80.82302,35.46123,0.0 -80.821696,35.461174,0.0 -80.823193,35.459404,0.0 -80.820807,35.458937,0.0 -80.820824,35.459047,0.0 -80.821078,35.459407,0.0 -80.821221,35.459708,0.0 -80.821199,35.459898,0.0 -80.821015,35.460131,0.0 -80.82042,35.460558,0.0 -80.81943,35.464713,0.0 -80.817569,35.464114,0.0 -80.816054,35.464877,0.0 -80.817697,35.467214,0.0 -80.817125,35.46761,0.0 -80.821263,35.470726,0.0 -80.821451,35.470518,0.0 -80.821534,35.470427,0.0 -80.821592,35.470395,0.0 -80.826587,35.472217,0.0 -80.828444,35.470883,0.0 -80.82902,35.471963,0.0 -80.830725,35.475127,0.0 -80.830582,35.478325,0.0 -80.832629,35.478373,0.0 -80.836504,35.480869,0.0 -80.837925,35.482393,0.0 -80.842051,35.482629,0.0 -80.843522,35.48387,0.0 -80.843865,35.484209,0.0 -80.844832,35.485366,0.0 -80.844962,35.485719,0.0 -80.845348,35.485888,0.0 -80.846287,35.486233,0.0 -80.846366,35.486173,0.0 -80.847014,35.48602,0.0 -80.847346,35.486118,0.0 -80.84765,35.485975,0.0 -80.84781,35.486179,0.0 -80.848229,35.486468,0.0 -80.848353,35.486773,0.0 -80.848844,35.487048,0.0 -80.851127,35.489585,0.0 -80.851593,35.490541,0.0 -80.857127,35.490074,0.0 -80.855933,35.492792,0.0 -80.856436,35.492682,0.0 -80.855625,35.494065,0.0 -80.858334,35.49484,0.0 -80.860078,35.494937,0.0 -80.860267,35.494918,0.0 -80.863758,35.494521,0.0 -80.865399,35.4947,0.0 -80.866119,35.494814,0.0 -80.866759,35.495349,0.0 -80.868938,35.496757,0.0 -80.869396,35.497042,0.0 -80.874058,35.499846,0.0 -80.874373,35.512524,0.0 -80.874796,35.512553,0.0 -80.906128,35.514741,0.0 -80.906723,35.514785,0.0 -80.908723,35.513489,0.0 -80.917007,35.508122,0.0 -80.918199,35.507351,0.0 -80.940669,35.492784,0.0 -80.945425,35.48971,0.0 -80.947344,35.488473,0.0 -80.947026,35.487513,0.0 -80.94628,35.485986,0.0 -80.945325,35.483617,0.0 -80.945485,35.483227,0.0 -80.947861,35.480698,0.0 -80.949219,35.475493,0.0 -80.950452,35.473088,0.0 -80.951772,35.468912,0.0</coordinates>
</LinearRing>
</outerBoundaryIs>
</Polygon>
</Placemark><Placemark><name>28036 — Davidson, NC</name><description>Service ZIP: 28036. Census 2020 ZCTA boundary; approximate ZIP area.</description><styleUrl>#service-area</styleUrl><ExtendedData><Data name="ZIP"><value>28036</value></Data><Data name="Town"><value>Davidson</value></Data><Data name="State"><value>NC</value></Data></ExtendedData><Polygon>
<extrude>0</extrude>
<tessellate>1</tessellate>
<altitudeMode>clampToGround</altitudeMode>
<outerBoundaryIs>
<LinearRing>
<coordinates>-80.874373,35.512524,0.0 -80.874058,35.499846,0.0 -80.869396,35.497042,0.0 -80.868938,35.496757,0.0 -80.866759,35.495349,0.0 -80.866119,35.494814,0.0 -80.865399,35.4947,0.0 -80.863758,35.494521,0.0 -80.860267,35.494918,0.0 -80.860078,35.494937,0.0 -80.858334,35.49484,0.0 -80.855625,35.494065,0.0 -80.856436,35.492682,0.0 -80.855933,35.492792,0.0 -80.857127,35.490074,0.0 -80.851593,35.490541,0.0 -80.851127,35.489585,0.0 -80.848844,35.487048,0.0 -80.848353,35.486773,0.0 -80.848229,35.486468,0.0 -80.84781,35.486179,0.0 -80.84765,35.485975,0.0 -80.847346,35.486118,0.0 -80.847014,35.48602,0.0 -80.846366,35.486173,0.0 -80.846287,35.486233,0.0 -80.845348,35.485888,0.0 -80.844962,35.485719,0.0 -80.844832,35.485366,0.0 -80.843865,35.484209,0.0 -80.843522,35.48387,0.0 -80.842051,35.482629,0.0 -80.837925,35.482393,0.0 -80.836504,35.480869,0.0 -80.832629,35.478373,0.0 -80.830582,35.478325,0.0 -80.830725,35.475127,0.0 -80.82902,35.471963,0.0 -80.828444,35.470883,0.0 -80.826587,35.472217,0.0 -80.821592,35.470395,0.0 -80.821534,35.470427,0.0 -80.821451,35.470518,0.0 -80.821263,35.470726,0.0 -80.817125,35.46761,0.0 -80.817697,35.467214,0.0 -80.816054,35.464877,0.0 -80.817569,35.464114,0.0 -80.81943,35.464713,0.0 -80.82042,35.460558,0.0 -80.821015,35.460131,0.0 -80.821199,35.459898,0.0 -80.821221,35.459708,0.0 -80.821078,35.459407,0.0 -80.820824,35.459047,0.0 -80.820807,35.458937,0.0 -80.821148,35.45732,0.0 -80.817002,35.455981,0.0 -80.813952,35.457149,0.0 -80.812299,35.456928,0.0 -80.810771,35.45655,0.0 -80.809743,35.456132,0.0 -80.808937,35.4559,0.0 -80.80779,35.455712,0.0 -80.806396,35.455349,0.0 -80.804632,35.45537,0.0 -80.802507,35.454834,0.0 -80.802,35.454597,0.0 -80.796012,35.450237,0.0 -80.795937,35.450198,0.0 -80.794847,35.449704,0.0 -80.793211,35.449286,0.0 -80.790886,35.448703,0.0 -80.789771,35.448238,0.0 -80.78708,35.447072,0.0 -80.78683,35.446966,0.0 -80.785061,35.446441,0.0 -80.782745,35.446086,0.0 -80.779546,35.44419,0.0 -80.775551,35.442829,0.0 -80.775263,35.442732,0.0 -80.774203,35.442379,0.0 -80.768932,35.440791,0.0 -80.764909,35.440968,0.0 -80.762785,35.441154,0.0 -80.761565,35.441518,0.0 -80.761528,35.443369,0.0 -80.760364,35.443355,0.0 -80.760369,35.442806,0.0 -80.761142,35.442808,0.0 -80.761171,35.442278,0.0 -80.760375,35.442255,0.0 -80.760377,35.441986,0.0 -80.761181,35.441986,0.0 -80.761178,35.441264,0.0 -80.758912,35.441429,0.0 -80.758827,35.446176,0.0 -80.757423,35.446594,0.0 -80.755559,35.444788,0.0 -80.757065,35.44856,0.0 -80.754961,35.449767,0.0 -80.748377,35.450277,0.0 -80.747235,35.449739,0.0 -80.746699,35.450774,0.0 -80.752913,35.452278,0.0 -80.752648,35.45463,0.0 -80.751973,35.457338,0.0 -80.751973,35.45832,0.0 -80.755141,35.458404,0.0 -80.755805,35.460954,0.0 -80.75306,35.461073,0.0 -80.753074,35.462819,0.0 -80.753687,35.464559,0.0 -80.755349,35.465072,0.0 -80.754077,35.465441,0.0 -80.753769,35.470018,0.0 -80.750218,35.470162,0.0 -80.752229,35.472255,0.0 -80.752024,35.474211,0.0 -80.750156,35.476682,0.0 -80.755217,35.480547,0.0 -80.756791,35.482292,0.0 -80.758723,35.485982,0.0 -80.755975,35.487227,0.0 -80.750768,35.48631,0.0 -80.747458,35.486276,0.0 -80.74291,35.4872,0.0 -80.735789,35.486191,0.0 -80.732301,35.484589,0.0 -80.729173,35.488761,0.0 -80.730295,35.489539,0.0 -80.730159,35.491273,0.0 -80.731129,35.493721,0.0 -80.733248,35.495296,0.0 -80.733165,35.498912,0.0 -80.734903,35.500827,0.0 -80.735354,35.503218,0.0 -80.736232,35.504089,0.0 -80.730945,35.504306,0.0 -80.725922,35.505804,0.0 -80.720892,35.505806,0.0 -80.720924,35.503794,0.0 -80.719261,35.503402,0.0 -80.716206,35.497074,0.0 -80.713677,35.494634,0.0 -80.713615,35.496261,0.0 -80.71236,35.503472,0.0 -80.711556,35.505811,0.0 -80.716961,35.505811,0.0 -80.720871,35.507081,0.0 -80.734087,35.50715,0.0 -80.734117,35.505803,0.0 -80.737249,35.505801,0.0 -80.742721,35.505831,0.0 -80.748099,35.508781,0.0 -80.758663,35.513533,0.0 -80.763941,35.515246,0.0 -80.766226,35.512028,0.0 -80.768887,35.511038,0.0 -80.768204,35.507023,0.0 -80.768258,35.505947,0.0 -80.784167,35.506017,0.0 -80.78427,35.50602,0.0 -80.781848,35.511004,0.0 -80.781847,35.513798,0.0 -80.779662,35.514324,0.0 -80.779241,35.515538,0.0 -80.779884,35.518836,0.0 -80.779452,35.520117,0.0 -80.797948,35.525807,0.0 -80.799467,35.523285,0.0 -80.79887,35.519427,0.0 -80.800146,35.518443,0.0 -80.805949,35.516803,0.0 -80.804751,35.512976,0.0 -80.801828,35.512892,0.0 -80.800798,35.509212,0.0 -80.803826,35.509296,0.0 -80.803935,35.50752,0.0 -80.833513,35.509648,0.0 -80.839123,35.510046,0.0 -80.839274,35.51013,0.0 -80.845853,35.510524,0.0 -80.855861,35.511227,0.0 -80.859433,35.511477,0.0 -80.862122,35.511666,0.0 -80.865518,35.511904,0.0 -80.865642,35.511911,0.0 -80.865874,35.511928,0.0 -80.874373,35.512524,0.0</coordinates>
</LinearRing>
</outerBoundaryIs>
</Polygon>
</Placemark><Placemark><name>28037 — Denver, NC</name><description>Service ZIP: 28037. Census 2020 ZCTA boundary; approximate ZIP area.</description><styleUrl>#service-area</styleUrl><ExtendedData><Data name="ZIP"><value>28037</value></Data><Data name="Town"><value>Denver</value></Data><Data name="State"><value>NC</value></Data></ExtendedData><Polygon>
<extrude>0</extrude>
<tessellate>1</tessellate>
<altitudeMode>clampToGround</altitudeMode>
<outerBoundaryIs>
<LinearRing>
<coordinates>-81.125493,35.515995,0.0 -81.12529,35.513429,0.0 -81.118458,35.508625,0.0 -81.117343,35.509354,0.0 -81.11678,35.509953,0.0 -81.11184,35.505442,0.0 -81.108347,35.503174,0.0 -81.105296,35.498406,0.0 -81.099487,35.502105,0.0 -81.096451,35.503487,0.0 -81.095591,35.502445,0.0 -81.093105,35.504773,0.0 -81.091579,35.505317,0.0 -81.089256,35.505339,0.0 -81.089147,35.502589,0.0 -81.087571,35.500612,0.0 -81.085259,35.504351,0.0 -81.083139,35.506154,0.0 -81.081248,35.50593,0.0 -81.081422,35.491099,0.0 -81.075845,35.492563,0.0 -81.074801,35.489814,0.0 -81.072875,35.488461,0.0 -81.073021,35.485489,0.0 -81.075748,35.486174,0.0 -81.076928,35.487308,0.0 -81.081547,35.486869,0.0 -81.082194,35.464573,0.0 -81.080619,35.464655,0.0 -81.079694,35.462273,0.0 -81.078013,35.463562,0.0 -81.076976,35.462665,0.0 -81.076163,35.463674,0.0 -81.07395,35.463254,0.0 -81.070082,35.461432,0.0 -81.068373,35.463478,0.0 -81.065094,35.459919,0.0 -81.063945,35.46289,0.0 -81.06473,35.464683,0.0 -81.05764,35.465916,0.0 -81.060526,35.470652,0.0 -81.057394,35.473164,0.0 -81.059395,35.474245,0.0 -81.059889,35.475739,0.0 -81.062811,35.477238,0.0 -81.064727,35.479791,0.0 -81.067599,35.480442,0.0 -81.066588,35.481642,0.0 -81.065226,35.484966,0.0 -81.064168,35.485184,0.0 -81.063645,35.487103,0.0 -81.058251,35.488912,0.0 -81.060471,35.493063,0.0 -81.060916,35.495431,0.0 -81.058421,35.498492,0.0 -81.045374,35.490596,0.0 -81.045049,35.489247,0.0 -81.043163,35.487929,0.0 -81.040574,35.48403,0.0 -81.037773,35.483294,0.0 -81.035182,35.480777,0.0 -81.034268,35.475092,0.0 -81.03307,35.47047,0.0 -81.033765,35.465545,0.0 -81.034635,35.462807,0.0 -81.034804,35.458643,0.0 -81.033546,35.454984,0.0 -81.033612,35.454194,0.0 -81.034391,35.452296,0.0 -81.033712,35.447113,0.0 -81.032794,35.44212,0.0 -81.033956,35.440021,0.0 -81.033721,35.439124,0.0 -81.032711,35.437599,0.0 -81.030865,35.437452,0.0 -81.030424,35.436714,0.0 -81.031063,35.434786,0.0 -81.030152,35.434548,0.0 -81.027548,35.431841,0.0 -81.027524,35.431182,0.0 -81.025871,35.431855,0.0 -81.026541,35.432707,0.0 -81.024747,35.43364,0.0 -81.024803,35.434984,0.0 -81.021723,35.437319,0.0 -81.019132,35.437812,0.0 -81.019304,35.44205,0.0 -81.020413,35.441947,0.0 -81.023536,35.443542,0.0 -81.022443,35.445984,0.0 -81.019932,35.448348,0.0 -81.020672,35.449643,0.0 -81.017602,35.449219,0.0 -81.014543,35.449528,0.0 -81.009405,35.448997,0.0 -81.006915,35.447026,0.0 -81.0078,35.450933,0.0 -81.007486,35.450893,0.0 -81.006133,35.446599,0.0 -81.00166,35.446868,0.0 -81.001,35.447224,0.0 -80.997836,35.445502,0.0 -81.001161,35.440768,0.0 -81.000697,35.439341,0.0 -80.995484,35.440402,0.0 -80.992264,35.441585,0.0 -80.990217,35.443147,0.0 -80.989662,35.444159,0.0 -80.990173,35.449384,0.0 -80.981849,35.444103,0.0 -80.97741,35.449247,0.0 -80.972388,35.45118,0.0 -80.97159,35.449489,0.0 -80.969058,35.450839,0.0 -80.965769,35.451567,0.0 -80.966285,35.453596,0.0 -80.966419,35.453869,0.0 -80.961387,35.453725,0.0 -80.960594,35.453335,0.0 -80.961001,35.451596,0.0 -80.96404,35.451635,0.0 -80.963128,35.450362,0.0 -80.961248,35.449733,0.0 -80.960342,35.445869,0.0 -80.961321,35.442201,0.0 -80.960617,35.439612,0.0 -80.962317,35.436755,0.0 -80.962025,35.435958,0.0 -80.958499,35.435156,0.0 -80.959889,35.43404,0.0 -80.959849,35.430007,0.0 -80.95852,35.428557,0.0 -80.957355,35.428731,0.0 -80.95696,35.428362,0.0 -80.956937,35.428565,0.0 -80.958699,35.432134,0.0 -80.958691,35.432634,0.0 -80.95603,35.438075,0.0 -80.953358,35.440714,0.0 -80.95211,35.444744,0.0 -80.950254,35.447467,0.0 -80.949015,35.448475,0.0 -80.946226,35.449624,0.0 -80.943086,35.452916,0.0 -80.942489,35.457728,0.0 -80.943007,35.458984,0.0 -80.944009,35.460138,0.0 -80.950618,35.465289,0.0 -80.951515,35.467143,0.0 -80.951772,35.468912,0.0 -80.950452,35.473088,0.0 -80.949219,35.475493,0.0 -80.947861,35.480698,0.0 -80.945485,35.483227,0.0 -80.945325,35.483617,0.0 -80.94628,35.485986,0.0 -80.947026,35.487513,0.0 -80.947344,35.488473,0.0 -80.947878,35.49045,0.0 -80.948278,35.491298,0.0 -80.948723,35.491669,0.0 -80.957888,35.494645,0.0 -80.961292,35.497049,0.0 -80.962142,35.498656,0.0 -80.963521,35.505961,0.0 -80.962814,35.507802,0.0 -80.956545,35.513896,0.0 -80.95598,35.515072,0.0 -80.956267,35.518255,0.0 -80.957509,35.521773,0.0 -80.95775,35.523658,0.0 -80.957446,35.52705,0.0 -80.95658,35.531571,0.0 -80.955508,35.532502,0.0 -80.953335,35.531929,0.0 -80.949404,35.528448,0.0 -80.944779,35.526006,0.0 -80.94221,35.526263,0.0 -80.939734,35.528631,0.0 -80.940838,35.531499,0.0 -80.952409,35.540834,0.0 -80.958802,35.544612,0.0 -80.960025,35.54702,0.0 -80.971734,35.547298,0.0 -80.977627,35.547427,0.0 -80.97775,35.546953,0.0 -80.978709,35.54676,0.0 -80.978439,35.54643,0.0 -80.979316,35.546001,0.0 -80.979991,35.546298,0.0 -80.980236,35.545906,0.0 -80.980867,35.545935,0.0 -80.980828,35.546443,0.0 -80.981297,35.546632,0.0 -80.981968,35.547484,0.0 -80.987765,35.547553,0.0 -80.987572,35.546383,0.0 -80.988422,35.544303,0.0 -80.99128,35.542971,0.0 -80.993837,35.544647,0.0 -80.994552,35.544312,0.0 -80.995683,35.547851,0.0 -80.995893,35.548718,0.0 -80.990311,35.548578,0.0 -80.992555,35.550152,0.0 -80.992185,35.551291,0.0 -80.989482,35.55236,0.0 -80.992029,35.554766,0.0 -80.995205,35.551578,0.0 -80.996056,35.552564,0.0 -80.995074,35.554948,0.0 -80.996843,35.556011,0.0 -80.997471,35.557481,0.0 -80.995881,35.561104,0.0 -80.993832,35.55848,0.0 -80.993793,35.561973,0.0 -80.990433,35.561582,0.0 -80.990374,35.565001,0.0 -80.991357,35.565073,0.0 -80.990934,35.566738,0.0 -80.991094,35.569702,0.0 -80.990533,35.570531,0.0 -80.992371,35.568338,0.0 -80.992309,35.569648,0.0 -80.993913,35.568083,0.0 -80.993228,35.565744,0.0 -80.997091,35.562615,0.0 -80.998465,35.562677,0.0 -81.00011,35.564051,0.0 -81.001719,35.568247,0.0 -81.00434,35.569636,0.0 -81.006764,35.569396,0.0 -81.009957,35.57156,0.0 -81.011187,35.570754,0.0 -81.012297,35.57446,0.0 -81.013502,35.574428,0.0 -81.014128,35.57432,0.0 -81.014978,35.572219,0.0 -81.02036,35.572055,0.0 -81.020491,35.57071,0.0 -81.022056,35.57167,0.0 -81.021857,35.570873,0.0 -81.024969,35.567177,0.0 -81.025987,35.566251,0.0 -81.025927,35.56594,0.0 -81.032146,35.564364,0.0 -81.033585,35.56477,0.0 -81.033596,35.567213,0.0 -81.03584,35.567314,0.0 -81.035551,35.570745,0.0 -81.036488,35.572338,0.0 -81.038092,35.572646,0.0 -81.035874,35.57355,0.0 -81.03189,35.576532,0.0 -81.033211,35.577368,0.0 -81.034886,35.575721,0.0 -81.036164,35.577521,0.0 -81.039494,35.575272,0.0 -81.044842,35.574687,0.0 -81.043899,35.575469,0.0 -81.046133,35.577212,0.0 -81.044846,35.574644,0.0 -81.045578,35.573391,0.0 -81.048041,35.572907,0.0 -81.051259,35.570055,0.0 -81.051693,35.569066,0.0 -81.056317,35.566543,0.0 -81.058273,35.566208,0.0 -81.061742,35.563483,0.0 -81.064335,35.563062,0.0 -81.063433,35.558795,0.0 -81.062196,35.552997,0.0 -81.060683,35.5516,0.0 -81.059707,35.551015,0.0 -81.058488,35.550507,0.0 -81.065259,35.550892,0.0 -81.074968,35.551277,0.0 -81.075276,35.551277,0.0 -81.073186,35.548688,0.0 -81.065775,35.541179,0.0 -81.066447,35.540966,0.0 -81.068816,35.541719,0.0 -81.068582,35.53944,0.0 -81.070193,35.538768,0.0 -81.073606,35.541054,0.0 -81.077725,35.53892,0.0 -81.077862,35.535128,0.0 -81.081204,35.535242,0.0 -81.081193,35.526718,0.0 -81.081845,35.524908,0.0 -81.082695,35.524031,0.0 -81.088847,35.521132,0.0 -81.090958,35.52476,0.0 -81.093569,35.525137,0.0 -81.099489,35.524811,0.0 -81.099791,35.522974,0.0 -81.101424,35.524552,0.0 -81.110059,35.519314,0.0 -81.110094,35.517432,0.0 -81.113767,35.516108,0.0 -81.112135,35.514093,0.0 -81.111119,35.51397,0.0 -81.10814,35.511075,0.0 -81.104222,35.511792,0.0 -81.100338,35.511664,0.0 -81.101027,35.510147,0.0 -81.10404,35.510305,0.0 -81.107188,35.509581,0.0 -81.110246,35.508063,0.0 -81.115592,35.513031,0.0 -81.115095,35.513343,0.0 -81.114138,35.51598,0.0 -81.115822,35.515426,0.0 -81.12004,35.515917,0.0 -81.123696,35.515749,0.0 -81.125493,35.515995,0.0</coordinates>
</LinearRing>
</outerBoundaryIs>
</Polygon>
</Placemark><Placemark><name>28052 — Gastonia, NC</name><description>Service ZIP: 28052. Census 2020 ZCTA boundary; approximate ZIP area.</description><styleUrl>#service-area</styleUrl><ExtendedData><Data name="ZIP"><value>28052</value></Data><Data name="Town"><value>Gastonia</value></Data><Data name="State"><value>NC</value></Data></ExtendedData><Polygon>
<extrude>0</extrude>
<tessellate>1</tessellate>
<altitudeMode>clampToGround</altitudeMode>
<outerBoundaryIs>
<LinearRing>
<coordinates>-81.294688,35.168138,0.0 -81.290061,35.164985,0.0 -81.286986,35.165287,0.0 -81.28473,35.164847,0.0 -81.2865888599806,35.1618097958585,0.0 -81.2694460893412,35.1611497855407,0.0 -81.2691991089359,35.1611402765985,0.0 -81.2690284167868,35.1611337048149,0.0 -81.2675191735729,35.1610755977495,0.0 -81.2665313056272,35.1610375640471,0.0 -81.2654920071096,35.1609975502267,0.0 -81.2652385668739,35.1609877925759,0.0 -81.241686,35.160081,0.0 -81.239358,35.159974,0.0 -81.2149459037575,35.1588741994783,0.0 -81.209815295008,35.1586430580751,0.0 -81.1990318744358,35.1581572492591,0.0 -81.1807225865847,35.1573323891515,0.0 -81.1805586040491,35.1573250014992,0.0 -81.180189,35.158397,0.0 -81.182087,35.158997,0.0 -81.183717,35.157853,0.0 -81.187326,35.159298,0.0 -81.19176,35.164978,0.0 -81.19271,35.167452,0.0 -81.193295,35.1717,0.0 -81.195047,35.170217,0.0 -81.195732,35.173197,0.0 -81.197881,35.176663,0.0 -81.198732,35.177477,0.0 -81.202518,35.179293,0.0 -81.205758,35.183963,0.0 -81.206757,35.187876,0.0 -81.207163,35.190734,0.0 -81.208627,35.194531,0.0 -81.209816,35.201754,0.0 -81.209339,35.2033,0.0 -81.200898,35.212108,0.0 -81.200071,35.213455,0.0 -81.199623,35.218871,0.0 -81.1996,35.219259,0.0 -81.199488,35.221132,0.0 -81.198984,35.221039,0.0 -81.19934,35.221713,0.0 -81.19935,35.223404,0.0 -81.199032,35.225072,0.0 -81.198256,35.226462,0.0 -81.194498,35.232576,0.0 -81.19461,35.232788,0.0 -81.194003,35.233695,0.0 -81.193932,35.233777,0.0 -81.19351,35.234968,0.0 -81.193547,35.236255,0.0 -81.192847,35.236136,0.0 -81.192021,35.239509,0.0 -81.188533,35.244384,0.0 -81.185892,35.246887,0.0 -81.184133,35.248653,0.0 -81.18234,35.251773,0.0 -81.182234,35.25174,0.0 -81.181731,35.252766,0.0 -81.181309,35.252733,0.0 -81.181062,35.252868,0.0 -81.181534,35.253231,0.0 -81.181816,35.253974,0.0 -81.181176,35.253895,0.0 -81.180496,35.255103,0.0 -81.178958,35.257614,0.0 -81.178643,35.2607,0.0 -81.178574,35.260701,0.0 -81.177823,35.264874,0.0 -81.177191,35.268818,0.0 -81.177551,35.271714,0.0 -81.178545,35.272295,0.0 -81.179666,35.274681,0.0 -81.181974,35.274058,0.0 -81.183209,35.276014,0.0 -81.187003,35.280081,0.0 -81.187229,35.280745,0.0 -81.187447,35.283408,0.0 -81.183944,35.282297,0.0 -81.184677,35.284617,0.0 -81.18665,35.285199,0.0 -81.18597,35.286322,0.0 -81.184668,35.287143,0.0 -81.184471,35.288461,0.0 -81.183608,35.290568,0.0 -81.182687,35.291621,0.0 -81.181962,35.291895,0.0 -81.181854,35.292111,0.0 -81.184654,35.292944,0.0 -81.185083,35.293795,0.0 -81.18566,35.29544,0.0 -81.187842,35.295706,0.0 -81.188949,35.29569,0.0 -81.189836,35.296328,0.0 -81.190869,35.296947,0.0 -81.192087,35.296499,0.0 -81.193218,35.295265,0.0 -81.197756,35.295751,0.0 -81.201149,35.296651,0.0 -81.202427,35.2976,0.0 -81.203665,35.298173,0.0 -81.209541,35.295472,0.0 -81.211765,35.295762,0.0 -81.214474,35.299246,0.0 -81.217369,35.301015,0.0 -81.220311,35.30134,0.0 -81.221743,35.30237,0.0 -81.229775,35.29771,0.0 -81.236663,35.292762,0.0 -81.238528,35.29141,0.0 -81.242714,35.288379,0.0 -81.243727,35.288036,0.0 -81.244068,35.287862,0.0 -81.244356,35.287726,0.0 -81.248047,35.286781,0.0 -81.250787,35.283568,0.0 -81.249228,35.283731,0.0 -81.250251,35.281112,0.0 -81.249101,35.278232,0.0 -81.248704,35.277049,0.0 -81.249769,35.273935,0.0 -81.248956,35.271556,0.0 -81.247389,35.270858,0.0 -81.247035,35.270306,0.0 -81.24023,35.27296,0.0 -81.240267,35.27276,0.0 -81.240276,35.272503,0.0 -81.246919,35.269727,0.0 -81.246681,35.26931,0.0 -81.24809,35.261914,0.0 -81.248059,35.257921,0.0 -81.249841,35.258144,0.0 -81.254442,35.25756,0.0 -81.253775,35.259341,0.0 -81.255669,35.260174,0.0 -81.256396,35.259085,0.0 -81.256315,35.257247,0.0 -81.256298,35.257024,0.0 -81.261206,35.256181,0.0 -81.261118,35.255603,0.0 -81.260007,35.253979,0.0 -81.260844,35.253871,0.0 -81.263517,35.252695,0.0 -81.265117,35.252109,0.0 -81.269863,35.252935,0.0 -81.270414,35.252064,0.0 -81.275924,35.248388,0.0 -81.278465,35.244293,0.0 -81.277621,35.244512,0.0 -81.27412,35.24792,0.0 -81.272462,35.248551,0.0 -81.272065,35.248165,0.0 -81.274725,35.246486,0.0 -81.275864,35.244514,0.0 -81.274105,35.243112,0.0 -81.275464,35.241694,0.0 -81.277822,35.243439,0.0 -81.278181,35.242428,0.0 -81.280312,35.241267,0.0 -81.277802,35.237382,0.0 -81.28237,35.231506,0.0 -81.282346,35.229531,0.0 -81.288118,35.2247,0.0 -81.286433,35.221514,0.0 -81.282695,35.218092,0.0 -81.28383,35.217228,0.0 -81.284896,35.218205,0.0 -81.285519,35.216726,0.0 -81.289804,35.213299,0.0 -81.289618,35.211856,0.0 -81.288783,35.211661,0.0 -81.286624,35.208118,0.0 -81.284138,35.2089,0.0 -81.282648,35.209804,0.0 -81.28088,35.209704,0.0 -81.280043,35.20773,0.0 -81.279597,35.206612,0.0 -81.280212,35.203863,0.0 -81.279012,35.202786,0.0 -81.275332,35.196556,0.0 -81.275696,35.194655,0.0 -81.274971,35.192433,0.0 -81.275391,35.190326,0.0 -81.274582,35.182167,0.0 -81.27628,35.18191,0.0 -81.282344,35.183116,0.0 -81.285126,35.181565,0.0 -81.286757,35.182417,0.0 -81.286022,35.180276,0.0 -81.284907,35.179222,0.0 -81.284546,35.176518,0.0 -81.282483,35.174592,0.0 -81.283382,35.172888,0.0 -81.294688,35.168138,0.0</coordinates>
</LinearRing>
</outerBoundaryIs>
</Polygon>
</Placemark><Placemark><name>28054 — Gastonia, NC</name><description>Service ZIP: 28054. Census 2020 ZCTA boundary; approximate ZIP area.</description><styleUrl>#service-area</styleUrl><ExtendedData><Data name="ZIP"><value>28054</value></Data><Data name="Town"><value>Gastonia</value></Data><Data name="State"><value>NC</value></Data></ExtendedData><Polygon>
<extrude>0</extrude>
<tessellate>1</tessellate>
<altitudeMode>clampToGround</altitudeMode>
<outerBoundaryIs>
<LinearRing>
<coordinates>-81.19461,35.232788,0.0 -81.194498,35.232576,0.0 -81.194191,35.233081,0.0 -81.192135,35.231237,0.0 -81.191107,35.232102,0.0 -81.190534,35.232167,0.0 -81.190432,35.232249,0.0 -81.189525,35.231937,0.0 -81.186255,35.231595,0.0 -81.183471,35.231529,0.0 -81.184528,35.230074,0.0 -81.180838,35.231018,0.0 -81.180038,35.227928,0.0 -81.18171,35.226317,0.0 -81.183893,35.22671,0.0 -81.181519,35.225449,0.0 -81.181118,35.225261,0.0 -81.180257,35.224892,0.0 -81.17971,35.224618,0.0 -81.177503,35.222229,0.0 -81.176562,35.22121,0.0 -81.169871,35.218122,0.0 -81.167441,35.215941,0.0 -81.165242,35.215312,0.0 -81.160475,35.215914,0.0 -81.159852,35.216196,0.0 -81.158846,35.217299,0.0 -81.156042,35.221073,0.0 -81.154924,35.221909,0.0 -81.15316,35.222416,0.0 -81.143181,35.222139,0.0 -81.142522,35.222329,0.0 -81.136389,35.226472,0.0 -81.135445,35.224951,0.0 -81.134156,35.224169,0.0 -81.13409,35.226089,0.0 -81.134357,35.22695,0.0 -81.134926,35.22898,0.0 -81.135029,35.230337,0.0 -81.133334,35.230211,0.0 -81.133479,35.228538,0.0 -81.131926,35.227898,0.0 -81.130374,35.229274,0.0 -81.130009,35.22753,0.0 -81.130422,35.22601,0.0 -81.12995,35.225072,0.0 -81.126883,35.227683,0.0 -81.126996,35.229774,0.0 -81.125818,35.231652,0.0 -81.125671,35.23325,0.0 -81.124956,35.23935,0.0 -81.123738,35.242182,0.0 -81.123002,35.243254,0.0 -81.123558,35.244296,0.0 -81.121475,35.2451,0.0 -81.121057,35.244026,0.0 -81.116921,35.245271,0.0 -81.117315,35.246187,0.0 -81.116259,35.246525,0.0 -81.11581,35.2468,0.0 -81.114441,35.24807,0.0 -81.113533,35.247407,0.0 -81.11077,35.251203,0.0 -81.10974,35.251991,0.0 -81.10865,35.252661,0.0 -81.112176,35.252042,0.0 -81.112354,35.252655,0.0 -81.111032,35.254143,0.0 -81.114934,35.256549,0.0 -81.117801,35.25729,0.0 -81.120667,35.256217,0.0 -81.124822,35.257939,0.0 -81.128671,35.259416,0.0 -81.129085,35.259818,0.0 -81.133392,35.260808,0.0 -81.133668,35.264786,0.0 -81.127206,35.263755,0.0 -81.114875,35.261763,0.0 -81.11935,35.264843,0.0 -81.118858,35.265307,0.0 -81.115143,35.268809,0.0 -81.115064,35.269953,0.0 -81.114404,35.272588,0.0 -81.114493,35.273079,0.0 -81.114606,35.273491,0.0 -81.109056,35.270423,0.0 -81.111198,35.272644,0.0 -81.109801,35.274325,0.0 -81.116023,35.275996,0.0 -81.115627,35.276697,0.0 -81.116022,35.277611,0.0 -81.11525,35.279045,0.0 -81.116008,35.280902,0.0 -81.114098,35.280567,0.0 -81.113819,35.282844,0.0 -81.111751,35.284111,0.0 -81.106282,35.282704,0.0 -81.104874,35.283961,0.0 -81.105512,35.284944,0.0 -81.106671,35.285597,0.0 -81.109471,35.286949,0.0 -81.105873,35.289852,0.0 -81.118507,35.294089,0.0 -81.120391,35.294697,0.0 -81.120347,35.295212,0.0 -81.132644,35.294937,0.0 -81.132426,35.300244,0.0 -81.134175,35.300311,0.0 -81.1396,35.300585,0.0 -81.139402,35.301846,0.0 -81.139723,35.301886,0.0 -81.139256,35.302711,0.0 -81.136014,35.302042,0.0 -81.132739,35.30372,0.0 -81.132416,35.304136,0.0 -81.13496,35.307171,0.0 -81.139401,35.307913,0.0 -81.140668,35.307664,0.0 -81.142832,35.307944,0.0 -81.146951,35.304697,0.0 -81.14754,35.304502,0.0 -81.147921,35.302487,0.0 -81.149086,35.301795,0.0 -81.1503,35.302416,0.0 -81.153106,35.303006,0.0 -81.154928,35.302136,0.0 -81.156768,35.299478,0.0 -81.159507,35.299397,0.0 -81.162534,35.298625,0.0 -81.164868,35.297841,0.0 -81.165277,35.297665,0.0 -81.168862,35.294587,0.0 -81.1704,35.293634,0.0 -81.171842,35.292874,0.0 -81.173403,35.290785,0.0 -81.177142,35.287883,0.0 -81.178825,35.287722,0.0 -81.180855,35.290254,0.0 -81.181139,35.292013,0.0 -81.181854,35.292111,0.0 -81.181962,35.291895,0.0 -81.182687,35.291621,0.0 -81.183608,35.290568,0.0 -81.184471,35.288461,0.0 -81.184668,35.287143,0.0 -81.18597,35.286322,0.0 -81.18665,35.285199,0.0 -81.184677,35.284617,0.0 -81.183944,35.282297,0.0 -81.187447,35.283408,0.0 -81.187229,35.280745,0.0 -81.187003,35.280081,0.0 -81.183209,35.276014,0.0 -81.181974,35.274058,0.0 -81.179666,35.274681,0.0 -81.178545,35.272295,0.0 -81.177551,35.271714,0.0 -81.177191,35.268818,0.0 -81.177823,35.264874,0.0 -81.178574,35.260701,0.0 -81.178643,35.2607,0.0 -81.178958,35.257614,0.0 -81.180496,35.255103,0.0 -81.181176,35.253895,0.0 -81.181816,35.253974,0.0 -81.181534,35.253231,0.0 -81.181062,35.252868,0.0 -81.181309,35.252733,0.0 -81.181731,35.252766,0.0 -81.182234,35.25174,0.0 -81.18234,35.251773,0.0 -81.184133,35.248653,0.0 -81.185892,35.246887,0.0 -81.188533,35.244384,0.0 -81.192021,35.239509,0.0 -81.192847,35.236136,0.0 -81.193547,35.236255,0.0 -81.19351,35.234968,0.0 -81.193932,35.233777,0.0 -81.194003,35.233695,0.0 -81.19461,35.232788,0.0</coordinates>
</LinearRing>
</outerBoundaryIs>
</Polygon>
</Placemark><Placemark><name>28056 — Gastonia, NC (part 1)</name><description>Service ZIP: 28056. Census 2020 ZCTA boundary; approximate ZIP area.</description><styleUrl>#service-area</styleUrl><ExtendedData><Data name="ZIP"><value>28056</value></Data><Data name="Town"><value>Gastonia</value></Data><Data name="State"><value>NC</value></Data></ExtendedData><Polygon>
<extrude>0</extrude>
<tessellate>1</tessellate>
<altitudeMode>clampToGround</altitudeMode>
<outerBoundaryIs>
<LinearRing>
<coordinates>-81.139723,35.301886,0.0 -81.139402,35.301846,0.0 -81.1396,35.300585,0.0 -81.134175,35.300311,0.0 -81.132426,35.300244,0.0 -81.132644,35.294937,0.0 -81.120347,35.295212,0.0 -81.120391,35.294697,0.0 -81.118507,35.294089,0.0 -81.105873,35.289852,0.0 -81.109471,35.286949,0.0 -81.106671,35.285597,0.0 -81.104667,35.287354,0.0 -81.101774,35.285611,0.0 -81.101192,35.285511,0.0 -81.098499,35.286069,0.0 -81.097614,35.287563,0.0 -81.096604,35.287653,0.0 -81.095897,35.287521,0.0 -81.092944,35.285588,0.0 -81.089575,35.284565,0.0 -81.086808,35.283025,0.0 -81.083882,35.282102,0.0 -81.082494,35.281152,0.0 -81.081646,35.278967,0.0 -81.07923,35.277125,0.0 -81.079293,35.274643,0.0 -81.082339,35.272517,0.0 -81.082409,35.270947,0.0 -81.081047,35.269275,0.0 -81.078814,35.268569,0.0 -81.07813,35.266981,0.0 -81.078017,35.265787,0.0 -81.077663,35.264351,0.0 -81.077594,35.264211,0.0 -81.069714,35.264123,0.0 -81.068731,35.264115,0.0 -81.068589,35.26427,0.0 -81.066487,35.264242,0.0 -81.065023,35.265284,0.0 -81.065038,35.26629,0.0 -81.063441,35.266685,0.0 -81.061412,35.267208,0.0 -81.060037,35.268151,0.0 -81.055577,35.274546,0.0 -81.055843,35.27473,0.0 -81.059698,35.269335,0.0 -81.0609,35.271743,0.0 -81.061339,35.27334,0.0 -81.061742,35.273799,0.0 -81.060944,35.274172,0.0 -81.059393,35.277757,0.0 -81.058924,35.27881,0.0 -81.057997,35.278575,0.0 -81.056194,35.283079,0.0 -81.055059,35.284864,0.0 -81.047403,35.28476,0.0 -81.044775,35.281901,0.0 -81.042858,35.283196,0.0 -81.041729,35.284773,0.0 -81.041327,35.285455,0.0 -81.040499,35.287013,0.0 -81.040474,35.287057,0.0 -81.044038,35.289745,0.0 -81.046461,35.288858,0.0 -81.051563,35.291301,0.0 -81.055318,35.290796,0.0 -81.060636,35.291412,0.0 -81.065361,35.294837,0.0 -81.070623,35.294585,0.0 -81.069378,35.297331,0.0 -81.070528,35.297715,0.0 -81.076765,35.301763,0.0 -81.079174,35.304101,0.0 -81.077771,35.308632,0.0 -81.0788,35.311652,0.0 -81.080237,35.313796,0.0 -81.08366,35.317445,0.0 -81.084024,35.318984,0.0 -81.083239,35.323316,0.0 -81.083961,35.324806,0.0 -81.084878,35.326498,0.0 -81.08615,35.328564,0.0 -81.089929,35.332826,0.0 -81.098728,35.325796,0.0 -81.100342,35.324933,0.0 -81.10061,35.327043,0.0 -81.102734,35.329637,0.0 -81.107111,35.328428,0.0 -81.108073,35.328573,0.0 -81.108784,35.32868,0.0 -81.109982,35.326469,0.0 -81.112376,35.326441,0.0 -81.115726,35.325424,0.0 -81.115378,35.323585,0.0 -81.11635,35.320106,0.0 -81.115731,35.317457,0.0 -81.116462,35.316284,0.0 -81.11824,35.317755,0.0 -81.118346,35.317381,0.0 -81.117894,35.31702,0.0 -81.117965,35.316806,0.0 -81.118448,35.315177,0.0 -81.119029,35.313224,0.0 -81.120957,35.312727,0.0 -81.121507,35.313669,0.0 -81.121838,35.313999,0.0 -81.122143,35.314241,0.0 -81.123592,35.315226,0.0 -81.123857,35.315391,0.0 -81.126387,35.316325,0.0 -81.131163,35.316601,0.0 -81.132601,35.3157,0.0 -81.134873,35.312502,0.0 -81.133854,35.311348,0.0 -81.130472,35.31281,0.0 -81.129312,35.310807,0.0 -81.125049,35.310252,0.0 -81.123522,35.310653,0.0 -81.120598,35.308074,0.0 -81.121881,35.306608,0.0 -81.127478,35.308089,0.0 -81.129849,35.306288,0.0 -81.13496,35.307171,0.0 -81.132416,35.304136,0.0 -81.132739,35.30372,0.0 -81.136014,35.302042,0.0 -81.139256,35.302711,0.0 -81.139723,35.301886,0.0</coordinates>
</LinearRing>
</outerBoundaryIs>
</Polygon>
</Placemark><Placemark><name>28056 — Gastonia, NC (part 2)</name><description>Service ZIP: 28056. Census 2020 ZCTA boundary; approximate ZIP area.</description><styleUrl>#service-area</styleUrl><ExtendedData><Data name="ZIP"><value>28056</value></Data><Data name="Town"><value>Gastonia</value></Data><Data name="State"><value>NC</value></Data></ExtendedData><Polygon>
<extrude>0</extrude>
<tessellate>1</tessellate>
<altitudeMode>clampToGround</altitudeMode>
<outerBoundaryIs>
<LinearRing>
<coordinates>-81.209339,35.2033,0.0 -81.209816,35.201754,0.0 -81.208627,35.194531,0.0 -81.207163,35.190734,0.0 -81.206757,35.187876,0.0 -81.205758,35.183963,0.0 -81.202518,35.179293,0.0 -81.198732,35.177477,0.0 -81.197881,35.176663,0.0 -81.195732,35.173197,0.0 -81.195047,35.170217,0.0 -81.193295,35.1717,0.0 -81.19271,35.167452,0.0 -81.19176,35.164978,0.0 -81.187326,35.159298,0.0 -81.183717,35.157853,0.0 -81.182087,35.158997,0.0 -81.180189,35.158397,0.0 -81.1805586040491,35.1573250014992,0.0 -81.1459872118659,35.1557675098859,0.0 -81.138207,35.155417,0.0 -81.1300262790508,35.155048722578,0.0 -81.1298933998048,35.155042740657,0.0 -81.129808180835,35.1550389042931,0.0 -81.1145159999015,35.1543504851419,0.0 -81.11084,35.154185,0.0 -81.109295,35.154115,0.0 -81.0930278508632,35.1530651134631,0.0 -81.0927843815354,35.1530493998819,0.0 -81.0891990008163,35.1528179983674,0.0 -81.0840966865924,35.1524886935233,0.0 -81.0790409329568,35.1521623937131,0.0 -81.077253,35.152047,0.0 -81.069640478647,35.1515557673565,0.0 -81.072585,35.155276,0.0 -81.079753,35.153338,0.0 -81.078555,35.156855,0.0 -81.078857,35.158021,0.0 -81.080793,35.157669,0.0 -81.071766,35.171254,0.0 -81.071222,35.169791,0.0 -81.069772,35.169264,0.0 -81.06888,35.170936,0.0 -81.071278,35.171898,0.0 -81.070916,35.174853,0.0 -81.070135,35.175013,0.0 -81.07114,35.178792,0.0 -81.072535,35.180808,0.0 -81.071698,35.18351,0.0 -81.075507,35.186307,0.0 -81.074468,35.189356,0.0 -81.074771,35.191675,0.0 -81.072432,35.193761,0.0 -81.071877,35.193417,0.0 -81.071825,35.194075,0.0 -81.075429,35.197344,0.0 -81.074234,35.198567,0.0 -81.075093,35.200165,0.0 -81.072695,35.203039,0.0 -81.0732,35.204011,0.0 -81.073491,35.204588,0.0 -81.074704,35.203329,0.0 -81.076017,35.205911,0.0 -81.074681,35.20684,0.0 -81.080525,35.211633,0.0 -81.081761,35.212935,0.0 -81.082354,35.21394,0.0 -81.082109,35.214023,0.0 -81.076912,35.215341,0.0 -81.076538,35.217588,0.0 -81.072936,35.214316,0.0 -81.071233,35.215899,0.0 -81.071965,35.218851,0.0 -81.072643,35.219057,0.0 -81.074109,35.219719,0.0 -81.075413,35.220062,0.0 -81.079482,35.220107,0.0 -81.07971,35.220064,0.0 -81.079918,35.220051,0.0 -81.080144,35.220089,0.0 -81.080384,35.220206,0.0 -81.080508,35.220337,0.0 -81.08146,35.220911,0.0 -81.083894,35.221652,0.0 -81.084839,35.221947,0.0 -81.0861,35.221242,0.0 -81.08695,35.221362,0.0 -81.088078,35.221216,0.0 -81.087414,35.222987,0.0 -81.090342,35.224219,0.0 -81.093821,35.222822,0.0 -81.094044,35.224428,0.0 -81.093695,35.224966,0.0 -81.092289,35.226543,0.0 -81.092269,35.226867,0.0 -81.092235,35.227032,0.0 -81.091967,35.227402,0.0 -81.09184,35.227499,0.0 -81.091626,35.227754,0.0 -81.091392,35.228913,0.0 -81.091205,35.229016,0.0 -81.09097,35.229307,0.0 -81.09079,35.230347,0.0 -81.092254,35.230974,0.0 -81.092079,35.231376,0.0 -81.091702,35.232169,0.0 -81.092838,35.233623,0.0 -81.092662,35.234856,0.0 -81.087872,35.234519,0.0 -81.087454,35.234694,0.0 -81.085592,35.23506,0.0 -81.086202,35.23634,0.0 -81.084045,35.236736,0.0 -81.086665,35.238017,0.0 -81.087112,35.238343,0.0 -81.087133,35.239013,0.0 -81.088991,35.240276,0.0 -81.087497,35.24168,0.0 -81.085199,35.23965,0.0 -81.083538,35.240685,0.0 -81.086651,35.244327,0.0 -81.086503,35.246906,0.0 -81.085602,35.247079,0.0 -81.083516,35.24803,0.0 -81.082877,35.249175,0.0 -81.083044,35.249975,0.0 -81.083367,35.250294,0.0 -81.091281,35.252469,0.0 -81.090743,35.254613,0.0 -81.082694,35.253418,0.0 -81.080677,35.252177,0.0 -81.079538,35.251108,0.0 -81.077444,35.253721,0.0 -81.078828,35.254804,0.0 -81.079069,35.257123,0.0 -81.082056,35.254012,0.0 -81.08355,35.254598,0.0 -81.083248,35.255516,0.0 -81.084191,35.255159,0.0 -81.08599,35.257466,0.0 -81.087358,35.256107,0.0 -81.088194,35.257799,0.0 -81.086799,35.258813,0.0 -81.087365,35.258915,0.0 -81.090616,35.260575,0.0 -81.091446,35.25967,0.0 -81.092215,35.254785,0.0 -81.093531,35.25495,0.0 -81.096849,35.255358,0.0 -81.097216,35.255402,0.0 -81.097326,35.255549,0.0 -81.107595,35.256786,0.0 -81.108194,35.257207,0.0 -81.11147,35.258806,0.0 -81.114875,35.261763,0.0 -81.127206,35.263755,0.0 -81.133668,35.264786,0.0 -81.133392,35.260808,0.0 -81.129085,35.259818,0.0 -81.128671,35.259416,0.0 -81.124822,35.257939,0.0 -81.120667,35.256217,0.0 -81.117801,35.25729,0.0 -81.114934,35.256549,0.0 -81.111032,35.254143,0.0 -81.112354,35.252655,0.0 -81.112176,35.252042,0.0 -81.10865,35.252661,0.0 -81.10974,35.251991,0.0 -81.11077,35.251203,0.0 -81.113533,35.247407,0.0 -81.114441,35.24807,0.0 -81.11581,35.2468,0.0 -81.116259,35.246525,0.0 -81.117315,35.246187,0.0 -81.116921,35.245271,0.0 -81.121057,35.244026,0.0 -81.121475,35.2451,0.0 -81.123558,35.244296,0.0 -81.123002,35.243254,0.0 -81.123738,35.242182,0.0 -81.124956,35.23935,0.0 -81.125671,35.23325,0.0 -81.125818,35.231652,0.0 -81.126996,35.229774,0.0 -81.126883,35.227683,0.0 -81.12995,35.225072,0.0 -81.130422,35.22601,0.0 -81.130009,35.22753,0.0 -81.130374,35.229274,0.0 -81.131926,35.227898,0.0 -81.133479,35.228538,0.0 -81.133334,35.230211,0.0 -81.135029,35.230337,0.0 -81.134926,35.22898,0.0 -81.134357,35.22695,0.0 -81.13409,35.226089,0.0 -81.134156,35.224169,0.0 -81.135445,35.224951,0.0 -81.136389,35.226472,0.0 -81.142522,35.222329,0.0 -81.143181,35.222139,0.0 -81.15316,35.222416,0.0 -81.154924,35.221909,0.0 -81.156042,35.221073,0.0 -81.158846,35.217299,0.0 -81.159852,35.216196,0.0 -81.160475,35.215914,0.0 -81.165242,35.215312,0.0 -81.167441,35.215941,0.0 -81.169871,35.218122,0.0 -81.176562,35.22121,0.0 -81.177503,35.222229,0.0 -81.17971,35.224618,0.0 -81.180257,35.224892,0.0 -81.181118,35.225261,0.0 -81.181519,35.225449,0.0 -81.183893,35.22671,0.0 -81.18171,35.226317,0.0 -81.180038,35.227928,0.0 -81.180838,35.231018,0.0 -81.184528,35.230074,0.0 -81.183471,35.231529,0.0 -81.186255,35.231595,0.0 -81.189525,35.231937,0.0 -81.190432,35.232249,0.0 -81.190534,35.232167,0.0 -81.191107,35.232102,0.0 -81.192135,35.231237,0.0 -81.194191,35.233081,0.0 -81.194498,35.232576,0.0 -81.198256,35.226462,0.0 -81.199032,35.225072,0.0 -81.19935,35.223404,0.0 -81.19934,35.221713,0.0 -81.198984,35.221039,0.0 -81.199488,35.221132,0.0 -81.1996,35.219259,0.0 -81.199623,35.218871,0.0 -81.200071,35.213455,0.0 -81.200898,35.212108,0.0 -81.209339,35.2033,0.0</coordinates>
</LinearRing>
</outerBoundaryIs>
</Polygon>
</Placemark><Placemark><name>28075 — Harrisburg, NC</name><description>Service ZIP: 28075. Census 2020 ZCTA boundary; approximate ZIP area.</description><styleUrl>#service-area</styleUrl><ExtendedData><Data name="ZIP"><value>28075</value></Data><Data name="Town"><value>Harrisburg</value></Data><Data name="State"><value>NC</value></Data></ExtendedData><Polygon>
<extrude>0</extrude>
<tessellate>1</tessellate>
<altitudeMode>clampToGround</altitudeMode>
<outerBoundaryIs>
<LinearRing>
<coordinates>-80.693772,35.346794,0.0 -80.693654,35.346734,0.0 -80.693061,35.346379,0.0 -80.692437,35.344463,0.0 -80.68979,35.336363,0.0 -80.689562,35.335665,0.0 -80.68954,35.335595,0.0 -80.687215,35.32848,0.0 -80.68644,35.32611,0.0 -80.685364,35.322813,0.0 -80.683629,35.317504,0.0 -80.683017,35.315647,0.0 -80.680882,35.309967,0.0 -80.678296,35.310505,0.0 -80.674606,35.308944,0.0 -80.674078,35.309313,0.0 -80.673022,35.30539,0.0 -80.674796,35.303932,0.0 -80.675311,35.303506,0.0 -80.676476,35.302548,0.0 -80.675611,35.30186,0.0 -80.674611,35.300669,0.0 -80.672999,35.300005,0.0 -80.673632,35.29566,0.0 -80.675799,35.294335,0.0 -80.672489,35.284568,0.0 -80.66859,35.284484,0.0 -80.669869,35.28511,0.0 -80.670382,35.287881,0.0 -80.669732,35.288304,0.0 -80.669636,35.294446,0.0 -80.668069,35.294754,0.0 -80.668369,35.295738,0.0 -80.666609,35.296185,0.0 -80.662785,35.298362,0.0 -80.661251,35.297301,0.0 -80.662192,35.29447,0.0 -80.66226,35.291587,0.0 -80.667668,35.291027,0.0 -80.668046,35.290056,0.0 -80.667451,35.287352,0.0 -80.667056,35.287312,0.0 -80.665443,35.289715,0.0 -80.660883,35.289782,0.0 -80.660817,35.285922,0.0 -80.658366,35.286798,0.0 -80.659716,35.284179,0.0 -80.662051,35.283611,0.0 -80.660163,35.27793,0.0 -80.658299,35.277187,0.0 -80.657742,35.279087,0.0 -80.654705,35.280388,0.0 -80.651337,35.276895,0.0 -80.65196,35.276258,0.0 -80.653083,35.273255,0.0 -80.655532,35.269295,0.0 -80.659884,35.264637,0.0 -80.659243,35.26432,0.0 -80.653398,35.264615,0.0 -80.651715,35.26556,0.0 -80.651678,35.264624,0.0 -80.647982,35.26466,0.0 -80.646979,35.265896,0.0 -80.646379,35.26676,0.0 -80.646612,35.27014,0.0 -80.646235,35.269888,0.0 -80.645057,35.269072,0.0 -80.640449,35.266504,0.0 -80.637046,35.265004,0.0 -80.637068,35.262067,0.0 -80.638748,35.258061,0.0 -80.635125,35.257138,0.0 -80.635062,35.256148,0.0 -80.631334,35.255348,0.0 -80.63106,35.252335,0.0 -80.62868,35.252293,0.0 -80.628134,35.248769,0.0 -80.627934,35.248669,0.0 -80.616361,35.242694,0.0 -80.610587,35.245231,0.0 -80.608521,35.248804,0.0 -80.604755,35.252579,0.0 -80.604172,35.256579,0.0 -80.61373,35.256936,0.0 -80.614643,35.256586,0.0 -80.615048,35.258173,0.0 -80.613396,35.26319,0.0 -80.609712,35.269034,0.0 -80.612049,35.27564,0.0 -80.608489,35.280701,0.0 -80.609579,35.281273,0.0 -80.608572,35.284935,0.0 -80.606114,35.287614,0.0 -80.606899,35.291281,0.0 -80.60489,35.293462,0.0 -80.601175,35.293252,0.0 -80.599246,35.294354,0.0 -80.598356,35.297489,0.0 -80.594918,35.300129,0.0 -80.594794,35.303418,0.0 -80.596714,35.305087,0.0 -80.597432,35.306073,0.0 -80.598163,35.306684,0.0 -80.59734,35.307721,0.0 -80.598629,35.308543,0.0 -80.597496,35.309992,0.0 -80.599803,35.311347,0.0 -80.597439,35.314853,0.0 -80.59607,35.315265,0.0 -80.595962,35.316469,0.0 -80.598335,35.317804,0.0 -80.598443,35.31853,0.0 -80.596653,35.321066,0.0 -80.597546,35.325016,0.0 -80.598553,35.327042,0.0 -80.600277,35.327083,0.0 -80.601647,35.322482,0.0 -80.603411,35.320832,0.0 -80.605366,35.322023,0.0 -80.607451,35.321035,0.0 -80.611465,35.322882,0.0 -80.613825,35.324748,0.0 -80.615643,35.328435,0.0 -80.615974,35.330097,0.0 -80.618001,35.329562,0.0 -80.618393,35.331638,0.0 -80.617466,35.334988,0.0 -80.615967,35.338278,0.0 -80.613099,35.339635,0.0 -80.610166,35.340447,0.0 -80.610272,35.340566,0.0 -80.611184,35.341752,0.0 -80.612341,35.342502,0.0 -80.614947,35.343555,0.0 -80.617005,35.34103,0.0 -80.615861,35.340225,0.0 -80.616031,35.338882,0.0 -80.61966,35.336986,0.0 -80.6278,35.332752,0.0 -80.628007,35.33339,0.0 -80.631809,35.331223,0.0 -80.633014,35.332089,0.0 -80.633124,35.333357,0.0 -80.631817,35.336415,0.0 -80.632186,35.340664,0.0 -80.635803,35.339906,0.0 -80.635098,35.342461,0.0 -80.637461,35.342803,0.0 -80.638278,35.341973,0.0 -80.638469,35.341792,0.0 -80.640289,35.339861,0.0 -80.640928,35.339455,0.0 -80.642599,35.339696,0.0 -80.642441,35.338591,0.0 -80.646459,35.339196,0.0 -80.646561,35.337834,0.0 -80.645778,35.337681,0.0 -80.646052,35.336786,0.0 -80.64404,35.336319,0.0 -80.644354,35.335017,0.0 -80.650858,35.337113,0.0 -80.653264,35.339356,0.0 -80.652692,35.335753,0.0 -80.658387,35.335822,0.0 -80.659425,35.33718,0.0 -80.663138,35.338234,0.0 -80.663563,35.340228,0.0 -80.660698,35.342633,0.0 -80.66278,35.343984,0.0 -80.664969,35.343843,0.0 -80.665293,35.344148,0.0 -80.66627,35.343916,0.0 -80.667695,35.343208,0.0 -80.668927,35.342427,0.0 -80.669878,35.342204,0.0 -80.670287,35.342382,0.0 -80.671455,35.342209,0.0 -80.671636,35.342195,0.0 -80.672288,35.342221,0.0 -80.67277,35.342332,0.0 -80.673055,35.342458,0.0 -80.674929,35.341151,0.0 -80.67581,35.340994,0.0 -80.677465,35.340701,0.0 -80.682624,35.339263,0.0 -80.683642,35.339431,0.0 -80.686373,35.345465,0.0 -80.691201,35.346719,0.0 -80.692401,35.347703,0.0 -80.692508,35.347789,0.0 -80.693772,35.346794,0.0</coordinates>
</LinearRing>
</outerBoundaryIs>
</Polygon>
</Placemark><Placemark><name>28078 — Huntersville, NC (part 1)</name><description>Service ZIP: 28078. Census 2020 ZCTA boundary; approximate ZIP area.</description><styleUrl>#service-area</styleUrl><ExtendedData><Data name="ZIP"><value>28078</value></Data><Data name="Town"><value>Huntersville</value></Data><Data name="State"><value>NC</value></Data></ExtendedData><Polygon>
<extrude>0</extrude>
<tessellate>1</tessellate>
<altitudeMode>clampToGround</altitudeMode>
<outerBoundaryIs>
<LinearRing>
<coordinates>-80.749562,35.423156,0.0 -80.749535,35.422482,0.0 -80.74702,35.42045,0.0 -80.745831,35.421751,0.0 -80.748143,35.42254,0.0 -80.749562,35.423156,0.0</coordinates>
</LinearRing>
</outerBoundaryIs>
</Polygon>
</Placemark><Placemark><name>28078 — Huntersville, NC (part 2)</name><description>Service ZIP: 28078. Census 2020 ZCTA boundary; approximate ZIP area.</description><styleUrl>#service-area</styleUrl><ExtendedData><Data name="ZIP"><value>28078</value></Data><Data name="Town"><value>Huntersville</value></Data><Data name="State"><value>NC</value></Data></ExtendedData><Polygon>
<extrude>0</extrude>
<tessellate>1</tessellate>
<altitudeMode>clampToGround</altitudeMode>
<outerBoundaryIs>
<LinearRing>
<coordinates>-80.986835,35.379014,0.0 -80.986784,35.37569,0.0 -80.985366,35.371387,0.0 -80.9837,35.368351,0.0 -80.981038,35.36588,0.0 -80.976447,35.36416,0.0 -80.97423,35.363899,0.0 -80.97327,35.36419,0.0 -80.968093,35.367674,0.0 -80.96733,35.368553,0.0 -80.964773,35.373523,0.0 -80.962896,35.375107,0.0 -80.961267,35.375455,0.0 -80.958278,35.374984,0.0 -80.956783,35.373657,0.0 -80.955391,35.370438,0.0 -80.951611,35.367287,0.0 -80.949187,35.366378,0.0 -80.941672,35.364919,0.0 -80.9384,35.362948,0.0 -80.935877,35.36211,0.0 -80.931201,35.363104,0.0 -80.926883,35.362521,0.0 -80.92475,35.361832,0.0 -80.923062,35.360648,0.0 -80.923042,35.359917,0.0 -80.924747,35.358461,0.0 -80.92824,35.357518,0.0 -80.930907,35.357811,0.0 -80.934954,35.356562,0.0 -80.939086,35.353673,0.0 -80.938398,35.351293,0.0 -80.935079,35.349392,0.0 -80.930901,35.34833,0.0 -80.925114,35.34847,0.0 -80.920884,35.345245,0.0 -80.916215,35.343652,0.0 -80.914948,35.343953,0.0 -80.913215,35.346141,0.0 -80.909982,35.348412,0.0 -80.90932,35.349754,0.0 -80.906548,35.34852,0.0 -80.902357,35.347629,0.0 -80.900953,35.350817,0.0 -80.897542,35.349055,0.0 -80.897517,35.347722,0.0 -80.887689,35.347562,0.0 -80.885437,35.346558,0.0 -80.882812,35.347631,0.0 -80.880155,35.349558,0.0 -80.878729,35.350696,0.0 -80.875976,35.352876,0.0 -80.875435,35.352478,0.0 -80.868126,35.354843,0.0 -80.869568,35.357262,0.0 -80.863974,35.361526,0.0 -80.858904,35.365569,0.0 -80.855903,35.366819,0.0 -80.855844,35.366669,0.0 -80.854236,35.364958,0.0 -80.853448,35.361753,0.0 -80.853292,35.361826,0.0 -80.850807,35.362673,0.0 -80.842568,35.363808,0.0 -80.838476,35.364321,0.0 -80.838937,35.365757,0.0 -80.840942,35.369125,0.0 -80.837811,35.37034,0.0 -80.83144,35.370185,0.0 -80.82692,35.365031,0.0 -80.825735,35.363707,0.0 -80.823779,35.361384,0.0 -80.822701,35.358388,0.0 -80.822395,35.356427,0.0 -80.82268,35.353662,0.0 -80.822089,35.353583,0.0 -80.820536,35.35789,0.0 -80.819373,35.36123,0.0 -80.819722,35.363869,0.0 -80.8163,35.365909,0.0 -80.815861,35.366576,0.0 -80.815926,35.367751,0.0 -80.809632,35.37082,0.0 -80.809383,35.370957,0.0 -80.807437,35.372033,0.0 -80.803665,35.37413,0.0 -80.798709,35.37748,0.0 -80.794389,35.380414,0.0 -80.789047,35.382334,0.0 -80.786798,35.384335,0.0 -80.786697,35.384439,0.0 -80.779258,35.39055,0.0 -80.778003,35.391177,0.0 -80.775521,35.392196,0.0 -80.775126,35.392358,0.0 -80.774385,35.392752,0.0 -80.769059,35.397558,0.0 -80.766172,35.399168,0.0 -80.764295,35.400203,0.0 -80.759747,35.397471,0.0 -80.75952,35.400468,0.0 -80.760679,35.401441,0.0 -80.760968,35.401706,0.0 -80.761025,35.401828,0.0 -80.756626,35.405156,0.0 -80.755629,35.406779,0.0 -80.748394,35.408061,0.0 -80.745112,35.408614,0.0 -80.745722,35.408944,0.0 -80.74836,35.409559,0.0 -80.748585,35.41176,0.0 -80.751873,35.414261,0.0 -80.750289,35.415374,0.0 -80.7496,35.414719,0.0 -80.749478,35.413611,0.0 -80.744652,35.417748,0.0 -80.745576,35.418467,0.0 -80.745722,35.418528,0.0 -80.749253,35.419502,0.0 -80.749928,35.419683,0.0 -80.748507,35.421015,0.0 -80.749384,35.421752,0.0 -80.751455,35.420234,0.0 -80.753047,35.421169,0.0 -80.752419,35.421455,0.0 -80.751604,35.420876,0.0 -80.75066,35.421883,0.0 -80.751047,35.422838,0.0 -80.752819,35.422094,0.0 -80.753099,35.422495,0.0 -80.749194,35.424227,0.0 -80.748915,35.426557,0.0 -80.754973,35.424076,0.0 -80.755122,35.424331,0.0 -80.758763,35.429798,0.0 -80.759885,35.430309,0.0 -80.761577,35.433895,0.0 -80.761904,35.434589,0.0 -80.763152,35.434195,0.0 -80.763788,35.434645,0.0 -80.764373,35.43584,0.0 -80.762631,35.436129,0.0 -80.763691,35.438381,0.0 -80.76342,35.438854,0.0 -80.754784,35.4367,0.0 -80.750755,35.436734,0.0 -80.750365,35.437835,0.0 -80.750677,35.438354,0.0 -80.752045,35.441946,0.0 -80.754768,35.441744,0.0 -80.75557,35.443281,0.0 -80.752617,35.443341,0.0 -80.753383,35.445721,0.0 -80.754961,35.449767,0.0 -80.757065,35.44856,0.0 -80.755559,35.444788,0.0 -80.757423,35.446594,0.0 -80.758827,35.446176,0.0 -80.758912,35.441429,0.0 -80.761178,35.441264,0.0 -80.761181,35.441986,0.0 -80.760377,35.441986,0.0 -80.760375,35.442255,0.0 -80.761171,35.442278,0.0 -80.761142,35.442808,0.0 -80.760369,35.442806,0.0 -80.760364,35.443355,0.0 -80.761528,35.443369,0.0 -80.761565,35.441518,0.0 -80.762785,35.441154,0.0 -80.764909,35.440968,0.0 -80.768932,35.440791,0.0 -80.774203,35.442379,0.0 -80.775263,35.442732,0.0 -80.775551,35.442829,0.0 -80.779546,35.44419,0.0 -80.782745,35.446086,0.0 -80.785061,35.446441,0.0 -80.78683,35.446966,0.0 -80.78708,35.447072,0.0 -80.789771,35.448238,0.0 -80.790886,35.448703,0.0 -80.793211,35.449286,0.0 -80.794847,35.449704,0.0 -80.795937,35.450198,0.0 -80.796012,35.450237,0.0 -80.802,35.454597,0.0 -80.802507,35.454834,0.0 -80.804632,35.45537,0.0 -80.806396,35.455349,0.0 -80.80779,35.455712,0.0 -80.808937,35.4559,0.0 -80.809743,35.456132,0.0 -80.810771,35.45655,0.0 -80.812299,35.456928,0.0 -80.813952,35.457149,0.0 -80.817002,35.455981,0.0 -80.821148,35.45732,0.0 -80.820807,35.458937,0.0 -80.823193,35.459404,0.0 -80.821696,35.461174,0.0 -80.82302,35.46123,0.0 -80.822835,35.463196,0.0 -80.824113,35.464936,0.0 -80.828365,35.46096,0.0 -80.829841,35.462833,0.0 -80.838483,35.459687,0.0 -80.839104,35.460628,0.0 -80.843385,35.459201,0.0 -80.843479,35.459156,0.0 -80.842675,35.457006,0.0 -80.842817,35.4538,0.0 -80.842837,35.453668,0.0 -80.843211,35.451022,0.0 -80.844862,35.451306,0.0 -80.845329,35.451401,0.0 -80.84565,35.451491,0.0 -80.846501,35.451779,0.0 -80.84751,35.451391,0.0 -80.847182,35.450818,0.0 -80.847298,35.450613,0.0 -80.847823,35.450436,0.0 -80.848656,35.450269,0.0 -80.850694,35.450063,0.0 -80.856314,35.451438,0.0 -80.85675,35.451571,0.0 -80.858625,35.452147,0.0 -80.85915,35.451888,0.0 -80.860637,35.451357,0.0 -80.862399,35.450826,0.0 -80.86479,35.450173,0.0 -80.865378,35.449834,0.0 -80.865859,35.448793,0.0 -80.866591,35.447548,0.0 -80.866288,35.445963,0.0 -80.868436,35.444592,0.0 -80.868763,35.447185,0.0 -80.869717,35.446777,0.0 -80.870652,35.450675,0.0 -80.870846,35.450486,0.0 -80.87129,35.450164,0.0 -80.873007,35.44807,0.0 -80.877542,35.448718,0.0 -80.87778,35.448745,0.0 -80.878134,35.450174,0.0 -80.877837,35.452331,0.0 -80.877728,35.452628,0.0 -80.884006,35.453584,0.0 -80.884738,35.4528,0.0 -80.887058,35.450315,0.0 -80.890862,35.446823,0.0 -80.890443,35.446116,0.0 -80.893325,35.445949,0.0 -80.893981,35.445414,0.0 -80.894428,35.444616,0.0 -80.895936,35.444132,0.0 -80.900345,35.440519,0.0 -80.906681,35.432645,0.0 -80.908514,35.433518,0.0 -80.909282,35.434572,0.0 -80.910484,35.435165,0.0 -80.912847,35.451804,0.0 -80.915296,35.451131,0.0 -80.922606,35.449121,0.0 -80.926196,35.448405,0.0 -80.930731,35.447831,0.0 -80.933944,35.445437,0.0 -80.935817,35.444788,0.0 -80.938232,35.444775,0.0 -80.941407,35.445639,0.0 -80.944623,35.44718,0.0 -80.949015,35.448475,0.0 -80.950254,35.447467,0.0 -80.95211,35.444744,0.0 -80.953358,35.440714,0.0 -80.95603,35.438075,0.0 -80.958691,35.432634,0.0 -80.958699,35.432134,0.0 -80.956937,35.428565,0.0 -80.956518,35.427503,0.0 -80.955741,35.425236,0.0 -80.955142,35.42116,0.0 -80.95559,35.418923,0.0 -80.957987,35.414834,0.0 -80.958717,35.411501,0.0 -80.95698,35.403886,0.0 -80.956414,35.402668,0.0 -80.955708,35.401623,0.0 -80.95486,35.400078,0.0 -80.954362,35.396185,0.0 -80.955245,35.393177,0.0 -80.957546,35.391024,0.0 -80.961445,35.38974,0.0 -80.965359,35.388589,0.0 -80.97039,35.386263,0.0 -80.976629,35.382452,0.0 -80.979053,35.381686,0.0 -80.983753,35.381846,0.0 -80.985586,35.381098,0.0 -80.986484,35.38007,0.0 -80.986835,35.379014,0.0</coordinates>
</LinearRing>
</outerBoundaryIs>
</Polygon>
</Placemark><Placemark><name>28081 — Kannapolis, NC</name><description>Service ZIP: 28081. Census 2020 ZCTA boundary; approximate ZIP area.</description><styleUrl>#service-area</styleUrl><ExtendedData><Data name="ZIP"><value>28081</value></Data><Data name="Town"><value>Kannapolis</value></Data><Data name="State"><value>NC</value></Data></ExtendedData><Polygon>
<extrude>0</extrude>
<tessellate>1</tessellate>
<altitudeMode>clampToGround</altitudeMode>
<outerBoundaryIs>
<LinearRing>
<coordinates>-80.740787,35.532749,0.0 -80.739346,35.529972,0.0 -80.737318,35.524882,0.0 -80.736835,35.518132,0.0 -80.736327,35.514836,0.0 -80.73772,35.508146,0.0 -80.737046,35.507392,0.0 -80.737249,35.505801,0.0 -80.734117,35.505803,0.0 -80.734087,35.50715,0.0 -80.720871,35.507081,0.0 -80.716961,35.505811,0.0 -80.711556,35.505811,0.0 -80.71236,35.503472,0.0 -80.713615,35.496261,0.0 -80.713677,35.494634,0.0 -80.714594,35.492161,0.0 -80.71606,35.489914,0.0 -80.713681,35.484508,0.0 -80.711967,35.482534,0.0 -80.701994,35.484624,0.0 -80.702931,35.480468,0.0 -80.70097,35.479483,0.0 -80.696202,35.480488,0.0 -80.695768,35.476714,0.0 -80.697131,35.47625,0.0 -80.697287,35.47879,0.0 -80.698626,35.478023,0.0 -80.697529,35.476387,0.0 -80.698798,35.475681,0.0 -80.700591,35.474812,0.0 -80.702167,35.472817,0.0 -80.702363,35.471784,0.0 -80.69912,35.466522,0.0 -80.691066,35.471621,0.0 -80.690598,35.472705,0.0 -80.689921,35.471961,0.0 -80.688834,35.466957,0.0 -80.686871,35.463856,0.0 -80.682598,35.458658,0.0 -80.681648,35.457619,0.0 -80.675714,35.453389,0.0 -80.674131,35.452516,0.0 -80.669909,35.451191,0.0 -80.664855,35.455928,0.0 -80.664484,35.456417,0.0 -80.66146,35.457542,0.0 -80.658898,35.455784,0.0 -80.655706,35.45518,0.0 -80.649206,35.455069,0.0 -80.64682,35.451136,0.0 -80.644525,35.449128,0.0 -80.642962,35.450619,0.0 -80.640056,35.45161,0.0 -80.639278,35.451432,0.0 -80.640564,35.452366,0.0 -80.641044,35.453682,0.0 -80.63685,35.457346,0.0 -80.634285,35.458544,0.0 -80.633443,35.459203,0.0 -80.630882,35.45772,0.0 -80.6298,35.458928,0.0 -80.626311,35.456032,0.0 -80.620275,35.457866,0.0 -80.619513,35.459139,0.0 -80.618935,35.460741,0.0 -80.619628,35.462814,0.0 -80.62046,35.465305,0.0 -80.623522,35.47443,0.0 -80.624009,35.475867,0.0 -80.626373,35.482369,0.0 -80.627195,35.48509,0.0 -80.62715,35.488871,0.0 -80.626286,35.492443,0.0 -80.624696,35.495365,0.0 -80.623271,35.497677,0.0 -80.618518,35.504991,0.0 -80.613882,35.512339,0.0 -80.61337,35.51387,0.0 -80.613766,35.523689,0.0 -80.614079,35.530377,0.0 -80.614193,35.532495,0.0 -80.614394,35.538228,0.0 -80.614269,35.540034,0.0 -80.614353,35.540064,0.0 -80.614504,35.537757,0.0 -80.614368,35.534787,0.0 -80.61544,35.534782,0.0 -80.615407,35.535237,0.0 -80.616638,35.535164,0.0 -80.617862,35.534413,0.0 -80.619914,35.533596,0.0 -80.620311,35.533414,0.0 -80.621418,35.53293,0.0 -80.6214,35.533263,0.0 -80.623741,35.533462,0.0 -80.624003,35.532243,0.0 -80.626259,35.532693,0.0 -80.627782,35.529866,0.0 -80.629001,35.530215,0.0 -80.63621,35.532155,0.0 -80.634015,35.534023,0.0 -80.632589,35.536493,0.0 -80.636076,35.535956,0.0 -80.636687,35.538234,0.0 -80.634787,35.539897,0.0 -80.635864,35.539943,0.0 -80.637678,35.539859,0.0 -80.639193,35.53979,0.0 -80.639019,35.541291,0.0 -80.641043,35.540687,0.0 -80.641955,35.540271,0.0 -80.641992,35.540253,0.0 -80.644483,35.539059,0.0 -80.647183,35.538861,0.0 -80.652006,35.539289,0.0 -80.657324,35.537073,0.0 -80.658315,35.536671,0.0 -80.657548,35.535497,0.0 -80.658208,35.532406,0.0 -80.656609,35.530457,0.0 -80.661284,35.528597,0.0 -80.662578,35.528581,0.0 -80.66465,35.529561,0.0 -80.667452,35.530128,0.0 -80.669938,35.5312,0.0 -80.669889,35.532227,0.0 -80.672843,35.532273,0.0 -80.671596,35.534337,0.0 -80.672263,35.534386,0.0 -80.669501,35.537225,0.0 -80.67231,35.537246,0.0 -80.671508,35.539196,0.0 -80.675559,35.539332,0.0 -80.676007,35.545221,0.0 -80.676082,35.544654,0.0 -80.678486,35.544015,0.0 -80.678437,35.544942,0.0 -80.679774,35.543371,0.0 -80.689147,35.543832,0.0 -80.689091,35.547016,0.0 -80.696153,35.547182,0.0 -80.700834,35.547728,0.0 -80.70391,35.546387,0.0 -80.70568,35.545303,0.0 -80.705088,35.543194,0.0 -80.705272,35.540826,0.0 -80.707313,35.540794,0.0 -80.70748,35.538986,0.0 -80.708561,35.538986,0.0 -80.708331,35.536457,0.0 -80.712769,35.536411,0.0 -80.712815,35.534939,0.0 -80.714327,35.53541,0.0 -80.722249,35.535495,0.0 -80.7219,35.53472,0.0 -80.740787,35.532749,0.0</coordinates>
</LinearRing>
</outerBoundaryIs>
</Polygon>
</Placemark><Placemark><name>28083 — Kannapolis, NC</name><description>Service ZIP: 28083. Census 2020 ZCTA boundary; approximate ZIP area.</description><styleUrl>#service-area</styleUrl><ExtendedData><Data name="ZIP"><value>28083</value></Data><Data name="Town"><value>Kannapolis</value></Data><Data name="State"><value>NC</value></Data></ExtendedData><Polygon>
<extrude>0</extrude>
<tessellate>1</tessellate>
<altitudeMode>clampToGround</altitudeMode>
<outerBoundaryIs>
<LinearRing>
<coordinates>-80.62715,35.488871,0.0 -80.627195,35.48509,0.0 -80.626373,35.482369,0.0 -80.624009,35.475867,0.0 -80.623522,35.47443,0.0 -80.62046,35.465305,0.0 -80.619628,35.462814,0.0 -80.618935,35.460741,0.0 -80.618582,35.459683,0.0 -80.617816,35.459934,0.0 -80.616585,35.456257,0.0 -80.61073,35.457517,0.0 -80.609448,35.455063,0.0 -80.611828,35.452803,0.0 -80.615181,35.451851,0.0 -80.614938,35.450273,0.0 -80.609858,35.44852,0.0 -80.609761,35.448926,0.0 -80.609696,35.448612,0.0 -80.609311,35.446082,0.0 -80.605844,35.447029,0.0 -80.601857,35.448172,0.0 -80.600746,35.448621,0.0 -80.600617,35.450467,0.0 -80.603581,35.449848,0.0 -80.605539,35.452561,0.0 -80.604408,35.453094,0.0 -80.602662,35.454156,0.0 -80.601393,35.454761,0.0 -80.601134,35.453358,0.0 -80.600892,35.452971,0.0 -80.599519,35.452987,0.0 -80.596628,35.45565,0.0 -80.595503,35.455175,0.0 -80.595332,35.453429,0.0 -80.595098,35.453728,0.0 -80.590507,35.460649,0.0 -80.587578,35.465048,0.0 -80.584561,35.4696,0.0 -80.579292,35.477543,0.0 -80.579022,35.477948,0.0 -80.578874,35.477654,0.0 -80.578499,35.476912,0.0 -80.578155,35.474842,0.0 -80.577487,35.464199,0.0 -80.577343,35.46376,0.0 -80.577097,35.463012,0.0 -80.576006,35.461268,0.0 -80.574914,35.462112,0.0 -80.573743,35.460713,0.0 -80.570821,35.459091,0.0 -80.565807,35.466049,0.0 -80.566433,35.467589,0.0 -80.560484,35.464717,0.0 -80.554224,35.465883,0.0 -80.554001,35.463282,0.0 -80.551894,35.462704,0.0 -80.551949,35.466911,0.0 -80.549417,35.468241,0.0 -80.550637,35.468841,0.0 -80.548975,35.469296,0.0 -80.549171,35.469712,0.0 -80.541764,35.470134,0.0 -80.544033,35.473404,0.0 -80.544035,35.474713,0.0 -80.545266,35.475123,0.0 -80.544081,35.476616,0.0 -80.537073,35.477197,0.0 -80.536884,35.478409,0.0 -80.53301,35.485095,0.0 -80.528354,35.481744,0.0 -80.520039,35.474773,0.0 -80.515926,35.476603,0.0 -80.514756,35.477576,0.0 -80.510882,35.478554,0.0 -80.511832,35.482425,0.0 -80.513364,35.485888,0.0 -80.51712,35.490459,0.0 -80.517733,35.492042,0.0 -80.520197,35.491583,0.0 -80.523168,35.492433,0.0 -80.525711,35.494812,0.0 -80.526974,35.496215,0.0 -80.528372,35.500125,0.0 -80.530217,35.502718,0.0 -80.531682,35.502841,0.0 -80.538468,35.502903,0.0 -80.544503,35.502888,0.0 -80.54326,35.50356,0.0 -80.544762,35.505152,0.0 -80.542705,35.50546,0.0 -80.541356,35.508123,0.0 -80.546648,35.508397,0.0 -80.551848,35.509872,0.0 -80.551848,35.510797,0.0 -80.551554,35.512182,0.0 -80.548292,35.511285,0.0 -80.546814,35.512759,0.0 -80.545509,35.515763,0.0 -80.551342,35.515718,0.0 -80.55642,35.513834,0.0 -80.558436,35.515798,0.0 -80.562091,35.514723,0.0 -80.566215,35.511677,0.0 -80.564755,35.509271,0.0 -80.566532,35.511625,0.0 -80.569087,35.509839,0.0 -80.570187,35.512439,0.0 -80.571987,35.513439,0.0 -80.573287,35.516239,0.0 -80.576258,35.515849,0.0 -80.577565,35.515147,0.0 -80.579575,35.516044,0.0 -80.581488,35.518239,0.0 -80.584901,35.520444,0.0 -80.588071,35.525868,0.0 -80.589819,35.527929,0.0 -80.591417,35.527535,0.0 -80.592504,35.526547,0.0 -80.594802,35.527836,0.0 -80.594646,35.53048,0.0 -80.593641,35.530441,0.0 -80.593137,35.533778,0.0 -80.596883,35.534098,0.0 -80.59555,35.535901,0.0 -80.595423,35.53721,0.0 -80.596707,35.537746,0.0 -80.599538,35.53958,0.0 -80.600205,35.540027,0.0 -80.602408,35.538392,0.0 -80.603764,35.53905,0.0 -80.605023,35.537338,0.0 -80.606913,35.534762,0.0 -80.607141,35.534452,0.0 -80.608497,35.535305,0.0 -80.60857,35.535314,0.0 -80.610861,35.53533,0.0 -80.610749,35.533507,0.0 -80.614048,35.533259,0.0 -80.614337,35.537812,0.0 -80.614269,35.540034,0.0 -80.614394,35.538228,0.0 -80.614193,35.532495,0.0 -80.614079,35.530377,0.0 -80.613766,35.523689,0.0 -80.61337,35.51387,0.0 -80.613882,35.512339,0.0 -80.618518,35.504991,0.0 -80.623271,35.497677,0.0 -80.624696,35.495365,0.0 -80.626286,35.492443,0.0 -80.62715,35.488871,0.0</coordinates>
</LinearRing>
</outerBoundaryIs>
</Polygon>
</Placemark><Placemark><name>28092 — Lincolnton, NC</name><description>Service ZIP: 28092. Census 2020 ZCTA boundary; approximate ZIP area.</description><styleUrl>#service-area</styleUrl><ExtendedData><Data name="ZIP"><value>28092</value></Data><Data name="Town"><value>Lincolnton</value></Data><Data name="State"><value>NC</value></Data></ExtendedData><Polygon>
<extrude>0</extrude>
<tessellate>1</tessellate>
<altitudeMode>clampToGround</altitudeMode>
<outerBoundaryIs>
<LinearRing>
<coordinates>-81.408987,35.504145,0.0 -81.407918,35.500636,0.0 -81.404044,35.498099,0.0 -81.402595,35.492676,0.0 -81.400977,35.490385,0.0 -81.398772,35.488277,0.0 -81.396982,35.480078,0.0 -81.395569,35.476271,0.0 -81.395437,35.472348,0.0 -81.395885,35.471698,0.0 -81.397961,35.470444,0.0 -81.398963,35.467907,0.0 -81.398149,35.46447,0.0 -81.396794,35.460959,0.0 -81.39452,35.462263,0.0 -81.392954,35.462277,0.0 -81.393396,35.45934,0.0 -81.392819,35.457003,0.0 -81.391578,35.457201,0.0 -81.390896,35.45571,0.0 -81.39148,35.453185,0.0 -81.3931,35.452174,0.0 -81.392741,35.44912,0.0 -81.390408,35.444186,0.0 -81.389259,35.443619,0.0 -81.384595,35.447158,0.0 -81.384338,35.444877,0.0 -81.380721,35.443861,0.0 -81.380998,35.441122,0.0 -81.378749,35.441573,0.0 -81.377918,35.442269,0.0 -81.374724,35.442665,0.0 -81.372156,35.444537,0.0 -81.37056,35.446472,0.0 -81.367811,35.447358,0.0 -81.364435,35.447711,0.0 -81.364368,35.445607,0.0 -81.362999,35.445372,0.0 -81.364258,35.442376,0.0 -81.363331,35.442414,0.0 -81.362912,35.435451,0.0 -81.361414,35.43556,0.0 -81.355579,35.437965,0.0 -81.354652,35.436782,0.0 -81.35295,35.438597,0.0 -81.348445,35.439095,0.0 -81.346419,35.440754,0.0 -81.342498,35.437974,0.0 -81.340435,35.435469,0.0 -81.335198,35.435589,0.0 -81.336181,35.437842,0.0 -81.33787,35.438943,0.0 -81.339516,35.441451,0.0 -81.337611,35.441519,0.0 -81.333276,35.440111,0.0 -81.331526,35.440039,0.0 -81.331596,35.440475,0.0 -81.331924,35.446374,0.0 -81.332693,35.449273,0.0 -81.325194,35.453382,0.0 -81.317627,35.456457,0.0 -81.31764,35.458065,0.0 -81.313926,35.455577,0.0 -81.308361,35.455713,0.0 -81.308291,35.45694,0.0 -81.301589,35.456993,0.0 -81.299844,35.458743,0.0 -81.298933,35.458541,0.0 -81.299108,35.45629,0.0 -81.294119,35.455106,0.0 -81.295303,35.453514,0.0 -81.296255,35.449554,0.0 -81.294818,35.448933,0.0 -81.294139,35.450117,0.0 -81.290749,35.448175,0.0 -81.289899,35.447589,0.0 -81.291478,35.445002,0.0 -81.289605,35.443396,0.0 -81.290758,35.43965,0.0 -81.287855,35.43967,0.0 -81.287814,35.435162,0.0 -81.290189,35.431352,0.0 -81.290587,35.431012,0.0 -81.289998,35.429668,0.0 -81.291982,35.428463,0.0 -81.292353,35.427883,0.0 -81.29806,35.422575,0.0 -81.301148,35.421075,0.0 -81.301825,35.420758,0.0 -81.305354,35.419765,0.0 -81.301621,35.415848,0.0 -81.300004,35.414263,0.0 -81.298795,35.413112,0.0 -81.293356,35.410967,0.0 -81.289264,35.408882,0.0 -81.288311,35.406719,0.0 -81.289113,35.404647,0.0 -81.287266,35.402594,0.0 -81.291052,35.398558,0.0 -81.287289,35.395023,0.0 -81.289113,35.392172,0.0 -81.286354,35.392605,0.0 -81.286842,35.389035,0.0 -81.285039,35.388954,0.0 -81.285461,35.390009,0.0 -81.283199,35.392752,0.0 -81.28057,35.391344,0.0 -81.277616,35.391534,0.0 -81.275422,35.386284,0.0 -81.275154,35.384862,0.0 -81.275453,35.380302,0.0 -81.272141,35.380722,0.0 -81.27023,35.379973,0.0 -81.26925,35.378501,0.0 -81.270834,35.3756,0.0 -81.270798,35.374853,0.0 -81.268905,35.373363,0.0 -81.267505,35.371274,0.0 -81.262764,35.366544,0.0 -81.261944,35.36457,0.0 -81.253843,35.365535,0.0 -81.251278,35.368765,0.0 -81.248398,35.369584,0.0 -81.246122,35.37174,0.0 -81.24335,35.373341,0.0 -81.24236,35.375906,0.0 -81.240621,35.378229,0.0 -81.239656,35.381389,0.0 -81.23796,35.382734,0.0 -81.234253,35.3878,0.0 -81.231566,35.38983,0.0 -81.228174,35.396136,0.0 -81.227584,35.392868,0.0 -81.229801,35.391634,0.0 -81.231865,35.388599,0.0 -81.228434,35.387151,0.0 -81.22785,35.388108,0.0 -81.223561,35.395297,0.0 -81.221885,35.392812,0.0 -81.218698,35.393607,0.0 -81.217612,35.392349,0.0 -81.216643,35.394648,0.0 -81.214496,35.391822,0.0 -81.212159,35.39424,0.0 -81.210446,35.39478,0.0 -81.208995,35.394357,0.0 -81.207935,35.391879,0.0 -81.207735,35.392143,0.0 -81.208717,35.394482,0.0 -81.208156,35.394701,0.0 -81.207516,35.395861,0.0 -81.207545,35.396313,0.0 -81.204669,35.396849,0.0 -81.204418,35.396294,0.0 -81.203493,35.397309,0.0 -81.203933,35.397991,0.0 -81.209486,35.399913,0.0 -81.210082,35.40768,0.0 -81.208663,35.408451,0.0 -81.2039,35.410489,0.0 -81.20297,35.410454,0.0 -81.199076,35.410309,0.0 -81.184647,35.409806,0.0 -81.177945,35.409573,0.0 -81.175523,35.410093,0.0 -81.174278,35.413567,0.0 -81.172181,35.415626,0.0 -81.174184,35.417019,0.0 -81.176819,35.421176,0.0 -81.180292,35.428499,0.0 -81.181497,35.42984,0.0 -81.179041,35.429194,0.0 -81.175363,35.429233,0.0 -81.173728,35.430172,0.0 -81.173652,35.431808,0.0 -81.172157,35.43268,0.0 -81.169042,35.436625,0.0 -81.168248,35.439816,0.0 -81.1682,35.444181,0.0 -81.172599,35.44669,0.0 -81.174014,35.442055,0.0 -81.176693,35.439277,0.0 -81.17764,35.43912,0.0 -81.177855,35.440003,0.0 -81.180325,35.442012,0.0 -81.183901,35.443219,0.0 -81.185764,35.447788,0.0 -81.1869,35.449166,0.0 -81.186322,35.454984,0.0 -81.186315,35.455461,0.0 -81.185837,35.457451,0.0 -81.182386,35.462441,0.0 -81.183949,35.465032,0.0 -81.184281,35.469373,0.0 -81.182692,35.470358,0.0 -81.181631,35.471893,0.0 -81.180054,35.470738,0.0 -81.17885,35.471815,0.0 -81.179096,35.472504,0.0 -81.176623,35.471329,0.0 -81.175891,35.472189,0.0 -81.174428,35.474526,0.0 -81.173146,35.474238,0.0 -81.17305,35.473388,0.0 -81.173603,35.471979,0.0 -81.174948,35.470532,0.0 -81.173315,35.469815,0.0 -81.169216,35.470115,0.0 -81.170282,35.47625,0.0 -81.170092,35.478083,0.0 -81.167399,35.47905,0.0 -81.166222,35.477739,0.0 -81.164923,35.47787,0.0 -81.160873,35.479992,0.0 -81.157433,35.479858,0.0 -81.154704,35.481218,0.0 -81.152383,35.480967,0.0 -81.151991,35.481937,0.0 -81.147229,35.4807,0.0 -81.146437,35.481843,0.0 -81.146367,35.48272,0.0 -81.143703,35.485441,0.0 -81.146808,35.48663,0.0 -81.147425,35.487827,0.0 -81.145243,35.490004,0.0 -81.148254,35.489957,0.0 -81.148468,35.490754,0.0 -81.146473,35.49121,0.0 -81.14699,35.49347,0.0 -81.145933,35.495767,0.0 -81.143084,35.495493,0.0 -81.142754,35.497731,0.0 -81.139255,35.498887,0.0 -81.138038,35.497986,0.0 -81.138388,35.495565,0.0 -81.136528,35.49786,0.0 -81.134605,35.498508,0.0 -81.134887,35.497011,0.0 -81.134487,35.492176,0.0 -81.132825,35.491017,0.0 -81.12904,35.492979,0.0 -81.12441,35.492788,0.0 -81.12114,35.492992,0.0 -81.114112,35.493912,0.0 -81.107814,35.49812,0.0 -81.105296,35.498406,0.0 -81.108347,35.503174,0.0 -81.11184,35.505442,0.0 -81.11678,35.509953,0.0 -81.117343,35.509354,0.0 -81.118458,35.508625,0.0 -81.12529,35.513429,0.0 -81.125493,35.515995,0.0 -81.123696,35.515749,0.0 -81.12004,35.515917,0.0 -81.115822,35.515426,0.0 -81.114138,35.51598,0.0 -81.115095,35.513343,0.0 -81.115592,35.513031,0.0 -81.110246,35.508063,0.0 -81.107188,35.509581,0.0 -81.10404,35.510305,0.0 -81.101027,35.510147,0.0 -81.100338,35.511664,0.0 -81.104222,35.511792,0.0 -81.10814,35.511075,0.0 -81.111119,35.51397,0.0 -81.112135,35.514093,0.0 -81.113767,35.516108,0.0 -81.110094,35.517432,0.0 -81.110059,35.519314,0.0 -81.101424,35.524552,0.0 -81.099791,35.522974,0.0 -81.099489,35.524811,0.0 -81.099991,35.526916,0.0 -81.100923,35.528016,0.0 -81.100528,35.52984,0.0 -81.101988,35.533669,0.0 -81.102169,35.53657,0.0 -81.105439,35.536087,0.0 -81.106695,35.536808,0.0 -81.108941,35.539504,0.0 -81.115762,35.538686,0.0 -81.117207,35.540809,0.0 -81.116296,35.541034,0.0 -81.116551,35.543809,0.0 -81.118417,35.543836,0.0 -81.121011,35.547907,0.0 -81.127937,35.549252,0.0 -81.129376,35.547913,0.0 -81.134478,35.545715,0.0 -81.136749,35.540996,0.0 -81.14007,35.538104,0.0 -81.142243,35.534841,0.0 -81.141671,35.534689,0.0 -81.139053,35.53361,0.0 -81.140435,35.531996,0.0 -81.143465,35.530367,0.0 -81.146167,35.530885,0.0 -81.148836,35.529235,0.0 -81.150119,35.530446,0.0 -81.14898,35.532145,0.0 -81.149598,35.535222,0.0 -81.151617,35.534923,0.0 -81.153691,35.535563,0.0 -81.157422,35.537971,0.0 -81.162121,35.538753,0.0 -81.162452,35.537739,0.0 -81.164192,35.539105,0.0 -81.171907,35.526585,0.0 -81.175183,35.530356,0.0 -81.16827,35.54282,0.0 -81.171123,35.544382,0.0 -81.174682,35.545722,0.0 -81.180565,35.545385,0.0 -81.181238,35.545117,0.0 -81.180563,35.546985,0.0 -81.180084,35.54788,0.0 -81.181095,35.548954,0.0 -81.184381,35.555071,0.0 -81.189903,35.555205,0.0 -81.190124,35.55521,0.0 -81.195262,35.555335,0.0 -81.196628,35.555368,0.0 -81.198835,35.55582,0.0 -81.200068,35.555452,0.0 -81.206383,35.547327,0.0 -81.207379,35.544554,0.0 -81.207833,35.54273,0.0 -81.207855,35.54264,0.0 -81.208481,35.540065,0.0 -81.216509,35.545372,0.0 -81.214968,35.548461,0.0 -81.214288,35.552796,0.0 -81.218808,35.54973,0.0 -81.221828,35.550819,0.0 -81.221917,35.553178,0.0 -81.219845,35.556204,0.0 -81.21979,35.556285,0.0 -81.219741,35.556367,0.0 -81.22391,35.556531,0.0 -81.230958,35.556781,0.0 -81.245276,35.557242,0.0 -81.245861,35.557261,0.0 -81.241405,35.553942,0.0 -81.242444,35.552396,0.0 -81.248107,35.550959,0.0 -81.249068,35.55013,0.0 -81.249002,35.544177,0.0 -81.250461,35.541987,0.0 -81.252386,35.536572,0.0 -81.251438,35.532734,0.0 -81.252488,35.532544,0.0 -81.253859,35.535164,0.0 -81.255878,35.535374,0.0 -81.258844,35.551208,0.0 -81.26295,35.550673,0.0 -81.265841,35.548286,0.0 -81.269182,35.553194,0.0 -81.270208,35.555233,0.0 -81.273019,35.556941,0.0 -81.274751,35.557269,0.0 -81.277147,35.556476,0.0 -81.279648,35.558572,0.0 -81.280171,35.561626,0.0 -81.281675,35.563941,0.0 -81.281962,35.566009,0.0 -81.281374,35.568244,0.0 -81.279649,35.570977,0.0 -81.277972,35.575786,0.0 -81.276158,35.57719,0.0 -81.274898,35.58024,0.0 -81.280539,35.583649,0.0 -81.281416,35.584061,0.0 -81.282606,35.584343,0.0 -81.283459,35.584482,0.0 -81.281995,35.586078,0.0 -81.283033,35.587195,0.0 -81.283206,35.588135,0.0 -81.281589,35.588978,0.0 -81.280027,35.587892,0.0 -81.279705,35.589644,0.0 -81.282338,35.590811,0.0 -81.284957,35.58937,0.0 -81.28543,35.589587,0.0 -81.286211,35.592768,0.0 -81.285521,35.594206,0.0 -81.288482,35.5943,0.0 -81.290129,35.593021,0.0 -81.29049,35.589469,0.0 -81.293463,35.590406,0.0 -81.294166,35.591565,0.0 -81.296402,35.591466,0.0 -81.299131,35.592725,0.0 -81.301418,35.592051,0.0 -81.300093,35.589321,0.0 -81.303129,35.589999,0.0 -81.30362,35.588901,0.0 -81.305251,35.587895,0.0 -81.308322,35.588059,0.0 -81.313369,35.592556,0.0 -81.315261,35.594707,0.0 -81.322221,35.591161,0.0 -81.322773,35.590211,0.0 -81.323121,35.584214,0.0 -81.325846,35.581125,0.0 -81.326485,35.579057,0.0 -81.329313,35.570618,0.0 -81.328916,35.568379,0.0 -81.327504,35.567745,0.0 -81.3251,35.565133,0.0 -81.322814,35.563912,0.0 -81.319087,35.562674,0.0 -81.318442,35.560873,0.0 -81.317651,35.560471,0.0 -81.318248,35.560496,0.0 -81.31877,35.557652,0.0 -81.318866,35.553887,0.0 -81.318464,35.550764,0.0 -81.317319,35.548565,0.0 -81.315834,35.546823,0.0 -81.315184,35.544345,0.0 -81.314714,35.53978,0.0 -81.314247,35.537827,0.0 -81.312393,35.53275,0.0 -81.312621,35.531451,0.0 -81.311847,35.529438,0.0 -81.310889,35.528586,0.0 -81.307043,35.526596,0.0 -81.304286,35.524741,0.0 -81.30123,35.523646,0.0 -81.299366,35.52375,0.0 -81.299062,35.52201,0.0 -81.300029,35.518303,0.0 -81.309054,35.516869,0.0 -81.310397,35.515726,0.0 -81.31462,35.516063,0.0 -81.321353,35.518273,0.0 -81.328368,35.525698,0.0 -81.332458,35.528595,0.0 -81.336125,35.527078,0.0 -81.336337,35.524836,0.0 -81.339342,35.520726,0.0 -81.339305,35.518928,0.0 -81.337615,35.515899,0.0 -81.337115,35.513565,0.0 -81.331784,35.513257,0.0 -81.334551,35.510781,0.0 -81.332044,35.508088,0.0 -81.327763,35.500823,0.0 -81.327279,35.49801,0.0 -81.326294,35.496031,0.0 -81.334962,35.49515,0.0 -81.338326,35.497539,0.0 -81.338797,35.497521,0.0 -81.339996,35.497815,0.0 -81.344507,35.499157,0.0 -81.347637,35.498927,0.0 -81.347357,35.496919,0.0 -81.349989,35.496733,0.0 -81.353784,35.499339,0.0 -81.35465,35.501215,0.0 -81.357568,35.502074,0.0 -81.359885,35.503323,0.0 -81.36261,35.502834,0.0 -81.363026,35.501397,0.0 -81.364624,35.500459,0.0 -81.368696,35.499618,0.0 -81.3706,35.50048,0.0 -81.371508,35.499863,0.0 -81.375897,35.500239,0.0 -81.377889,35.499853,0.0 -81.38109,35.50223,0.0 -81.381626,35.504025,0.0 -81.380993,35.506433,0.0 -81.384033,35.509304,0.0 -81.392089,35.507091,0.0 -81.396383,35.503793,0.0 -81.397185,35.504959,0.0 -81.401558,35.504328,0.0 -81.408987,35.504145,0.0</coordinates>
</LinearRing>
</outerBoundaryIs>
</Polygon>
</Placemark><Placemark><name>28097 — Locust, NC</name><description>Service ZIP: 28097. Census 2020 ZCTA boundary; approximate ZIP area.</description><styleUrl>#service-area</styleUrl><ExtendedData><Data name="ZIP"><value>28097</value></Data><Data name="Town"><value>Locust</value></Data><Data name="State"><value>NC</value></Data></ExtendedData><Polygon>
<extrude>0</extrude>
<tessellate>1</tessellate>
<altitudeMode>clampToGround</altitudeMode>
<outerBoundaryIs>
<LinearRing>
<coordinates>-80.465374,35.254075,0.0 -80.468846,35.254017,0.0 -80.462368,35.253529,0.0 -80.459682,35.253948,0.0 -80.459696,35.253908,0.0 -80.460907,35.252074,0.0 -80.461582,35.251038,0.0 -80.462103,35.250243,0.0 -80.463181,35.248609,0.0 -80.46529,35.245398,0.0 -80.466703,35.243245,0.0 -80.466167,35.24302,0.0 -80.462913,35.241828,0.0 -80.459927,35.240345,0.0 -80.459755,35.240777,0.0 -80.458223,35.240214,0.0 -80.455875,35.243075,0.0 -80.447551,35.242171,0.0 -80.443993,35.240815,0.0 -80.443608,35.241296,0.0 -80.435651,35.241764,0.0 -80.432513,35.241598,0.0 -80.429023,35.245308,0.0 -80.428769,35.246007,0.0 -80.428716,35.246087,0.0 -80.428297,35.246452,0.0 -80.427599,35.24778,0.0 -80.427596,35.247879,0.0 -80.428391,35.252695,0.0 -80.425521,35.252677,0.0 -80.423928,35.251193,0.0 -80.424008,35.252791,0.0 -80.421711,35.252721,0.0 -80.422493,35.250833,0.0 -80.419613,35.250523,0.0 -80.419998,35.25173,0.0 -80.417456,35.252811,0.0 -80.415408,35.253076,0.0 -80.412715,35.255145,0.0 -80.401303,35.254786,0.0 -80.401856,35.256496,0.0 -80.401855,35.257183,0.0 -80.401072,35.259816,0.0 -80.397537,35.260613,0.0 -80.397371,35.26239,0.0 -80.396523,35.262788,0.0 -80.395861,35.263062,0.0 -80.395395,35.263209,0.0 -80.38954,35.264427,0.0 -80.389491,35.264252,0.0 -80.390489,35.264025,0.0 -80.391022,35.263989,0.0 -80.390361,35.261755,0.0 -80.389523,35.26209,0.0 -80.389915,35.258507,0.0 -80.386964,35.258135,0.0 -80.385184,35.259411,0.0 -80.383896,35.262503,0.0 -80.378289,35.260716,0.0 -80.377941,35.261216,0.0 -80.379408,35.264589,0.0 -80.379715,35.267742,0.0 -80.379398,35.269743,0.0 -80.380029,35.27398,0.0 -80.381488,35.275488,0.0 -80.380539,35.276347,0.0 -80.377126,35.275435,0.0 -80.375793,35.277062,0.0 -80.377835,35.277921,0.0 -80.377566,35.279611,0.0 -80.375043,35.280757,0.0 -80.375641,35.282518,0.0 -80.372695,35.283649,0.0 -80.371591,35.287358,0.0 -80.372256,35.288492,0.0 -80.368575,35.288243,0.0 -80.366261,35.286752,0.0 -80.363458,35.287075,0.0 -80.363283,35.288035,0.0 -80.361586,35.287886,0.0 -80.362377,35.285896,0.0 -80.362524,35.283659,0.0 -80.361199,35.280981,0.0 -80.360375,35.280657,0.0 -80.361144,35.278721,0.0 -80.354684,35.278586,0.0 -80.354596,35.278135,0.0 -80.353133,35.27907,0.0 -80.349808,35.285959,0.0 -80.347521,35.285009,0.0 -80.347243,35.285702,0.0 -80.342186,35.293851,0.0 -80.341733,35.294933,0.0 -80.33916,35.296095,0.0 -80.330579,35.306247,0.0 -80.319941,35.306242,0.0 -80.319072,35.306889,0.0 -80.319828,35.307941,0.0 -80.319576,35.309682,0.0 -80.321197,35.311972,0.0 -80.322761,35.31188,0.0 -80.324689,35.312865,0.0 -80.324969,35.314972,0.0 -80.325947,35.315796,0.0 -80.327457,35.319071,0.0 -80.32891,35.320903,0.0 -80.327793,35.323194,0.0 -80.328184,35.32443,0.0 -80.329861,35.325781,0.0 -80.331454,35.328873,0.0 -80.333467,35.329239,0.0 -80.335563,35.331804,0.0 -80.335731,35.333808,0.0 -80.335956,35.33556,0.0 -80.3359,35.336064,0.0 -80.339171,35.340277,0.0 -80.340513,35.340598,0.0 -80.343195,35.337459,0.0 -80.343474,35.335388,0.0 -80.350122,35.336159,0.0 -80.349824,35.337108,0.0 -80.351498,35.337899,0.0 -80.352197,35.339267,0.0 -80.353244,35.33897,0.0 -80.353875,35.340207,0.0 -80.356599,35.340171,0.0 -80.358979,35.337661,0.0 -80.361626,35.340568,0.0 -80.36262,35.339467,0.0 -80.366041,35.338524,0.0 -80.368667,35.340315,0.0 -80.371476,35.341449,0.0 -80.374289,35.344898,0.0 -80.375888,35.348434,0.0 -80.37838,35.350918,0.0 -80.381482,35.352969,0.0 -80.383994,35.357294,0.0 -80.386671,35.352947,0.0 -80.388396,35.351928,0.0 -80.39313,35.346997,0.0 -80.394758,35.344277,0.0 -80.397036,35.34289,0.0 -80.39882,35.343061,0.0 -80.399931,35.345102,0.0 -80.405362,35.336881,0.0 -80.427617,35.302762,0.0 -80.428752,35.303886,0.0 -80.430167,35.304836,0.0 -80.434576,35.299515,0.0 -80.437047,35.297062,0.0 -80.436658,35.29662,0.0 -80.43643,35.29641,0.0 -80.434604,35.294943,0.0 -80.433391,35.293912,0.0 -80.43492,35.29156,0.0 -80.445342,35.275719,0.0 -80.446175,35.274473,0.0 -80.447047,35.273147,0.0 -80.451048,35.267081,0.0 -80.452305,35.26777,0.0 -80.454168,35.269368,0.0 -80.455245,35.268228,0.0 -80.457254,35.265794,0.0 -80.459042,35.264675,0.0 -80.459651,35.264508,0.0 -80.459346,35.262813,0.0 -80.466224,35.261639,0.0 -80.466137,35.260852,0.0 -80.466206,35.260512,0.0 -80.466576,35.259945,0.0 -80.466721,35.259643,0.0 -80.465481,35.257891,0.0 -80.465374,35.254075,0.0</coordinates>
</LinearRing>
</outerBoundaryIs>
</Polygon>
</Placemark><Placemark><name>28103 — Marshville, NC</name><description>Service ZIP: 28103. Census 2020 ZCTA boundary; approximate ZIP area.</description><styleUrl>#service-area</styleUrl><ExtendedData><Data name="ZIP"><value>28103</value></Data><Data name="Town"><value>Marshville</value></Data><Data name="State"><value>NC</value></Data></ExtendedData><Polygon>
<extrude>0</extrude>
<tessellate>1</tessellate>
<altitudeMode>clampToGround</altitudeMode>
<outerBoundaryIs>
<LinearRing>
<coordinates>-80.435329,35.080001,0.0 -80.436015,35.079252,0.0 -80.432561,35.076621,0.0 -80.43156,35.076,0.0 -80.431554,35.071471,0.0 -80.428636,35.07086,0.0 -80.423346,35.067465,0.0 -80.423703,35.066691,0.0 -80.423343,35.063395,0.0 -80.426375,35.060999,0.0 -80.426716,35.059122,0.0 -80.427687,35.05843,0.0 -80.43148,35.057371,0.0 -80.431135,35.055672,0.0 -80.412235,35.055325,0.0 -80.411427,35.051795,0.0 -80.412155,35.049445,0.0 -80.413146,35.047777,0.0 -80.415464,35.038694,0.0 -80.417266,35.027114,0.0 -80.412818,35.026228,0.0 -80.413658,35.024905,0.0 -80.413618,35.021132,0.0 -80.402884,35.014448,0.0 -80.407415,35.013413,0.0 -80.411863,35.011115,0.0 -80.417812,35.009313,0.0 -80.420178,35.00832,0.0 -80.414746,35.006756,0.0 -80.410377,35.004732,0.0 -80.411746,35.001816,0.0 -80.411209,34.999201,0.0 -80.413428,34.995649,0.0 -80.417481,34.991863,0.0 -80.417163,34.988341,0.0 -80.415539,34.985155,0.0 -80.414127,34.982923,0.0 -80.414019,34.982756,0.0 -80.419435,34.982081,0.0 -80.419468,34.978908,0.0 -80.424318,34.976707,0.0 -80.42301,34.973739,0.0 -80.423432,34.972876,0.0 -80.428843,34.974291,0.0 -80.428273,34.968578,0.0 -80.426076,34.965448,0.0 -80.421815,34.960746,0.0 -80.419086,34.961703,0.0 -80.40748,34.952393,0.0 -80.408604,34.9519,0.0 -80.409367,34.948492,0.0 -80.411284,34.947684,0.0 -80.413516,34.945745,0.0 -80.411909,34.941049,0.0 -80.412288,34.935577,0.0 -80.409039,34.936604,0.0 -80.407616,34.935013,0.0 -80.405843,34.934327,0.0 -80.406323,34.928801,0.0 -80.406011,34.927359,0.0 -80.402263,34.9276,0.0 -80.40341,34.924272,0.0 -80.402488,34.923994,0.0 -80.403112,34.922985,0.0 -80.400616,34.922442,0.0 -80.402419,34.919611,0.0 -80.400119,34.91739,0.0 -80.396986,34.91743,0.0 -80.397383,34.913721,0.0 -80.390143,34.913429,0.0 -80.388112,34.908788,0.0 -80.386718,34.90671,0.0 -80.385729,34.904164,0.0 -80.386043,34.899481,0.0 -80.38767,34.899115,0.0 -80.385134,34.898196,0.0 -80.383489,34.898204,0.0 -80.383675,34.897233,0.0 -80.384043,34.894378,0.0 -80.384055,34.893394,0.0 -80.383887,34.893074,0.0 -80.383387,34.892599,0.0 -80.383361,34.891771,0.0 -80.383505,34.891632,0.0 -80.384643,34.891374,0.0 -80.384821,34.891226,0.0 -80.385825,34.891271,0.0 -80.387315,34.890923,0.0 -80.38812,34.890485,0.0 -80.388811,34.890345,0.0 -80.391494,34.890903,0.0 -80.391679,34.890503,0.0 -80.389964,34.88548,0.0 -80.389069,34.884696,0.0 -80.391366,34.883756,0.0 -80.39245,34.880698,0.0 -80.394102,34.880085,0.0 -80.394314,34.87832,0.0 -80.396273,34.876049,0.0 -80.400728,34.873513,0.0 -80.40057,34.872553,0.0 -80.403415,34.872664,0.0 -80.40377,34.868326,0.0 -80.403589,34.865822,0.0 -80.404386,34.864331,0.0 -80.404897,34.860634,0.0 -80.401893,34.857752,0.0 -80.400353,34.85401,0.0 -80.400953,34.851865,0.0 -80.406725,34.854763,0.0 -80.406568,34.851218,0.0 -80.410435,34.851085,0.0 -80.410256,34.847201,0.0 -80.408694,34.845692,0.0 -80.41224,34.845046,0.0 -80.413864,34.842811,0.0 -80.415989,34.841863,0.0 -80.416512,34.839725,0.0 -80.418967,34.836792,0.0 -80.421777,34.831058,0.0 -80.420148,34.829362,0.0 -80.419269,34.826857,0.0 -80.41541,34.82185,0.0 -80.413558,34.816763,0.0 -80.4136565899603,34.815433578031,0.0 -80.399871,34.815128,0.0 -80.350068,34.814469,0.0 -80.3405870881334,34.8143434319267,0.0 -80.3208073604558,34.814081463212,0.0 -80.315298,34.862022,0.0 -80.312423,34.865351,0.0 -80.311289,34.868002,0.0 -80.309993,34.86791,0.0 -80.307123,34.866605,0.0 -80.306011,34.866589,0.0 -80.30936,34.858568,0.0 -80.310536,34.856429,0.0 -80.311968,34.851528,0.0 -80.308309,34.84976,0.0 -80.303888,34.853666,0.0 -80.294459,34.862687,0.0 -80.293447,34.864604,0.0 -80.290768,34.872637,0.0 -80.290665,34.875664,0.0 -80.288684,34.880626,0.0 -80.286128,34.883609,0.0 -80.282891,34.888348,0.0 -80.278583,34.88862,0.0 -80.272884,34.89174,0.0 -80.272368,34.895509,0.0 -80.272351,34.898335,0.0 -80.273902,34.89724,0.0 -80.276942,34.896871,0.0 -80.280188,34.895367,0.0 -80.284321,34.896348,0.0 -80.286794,34.898227,0.0 -80.288684,34.899029,0.0 -80.289045,34.900341,0.0 -80.295755,34.90093,0.0 -80.296809,34.898513,0.0 -80.300107,34.895854,0.0 -80.302939,34.894887,0.0 -80.303764,34.893916,0.0 -80.304304,34.89114,0.0 -80.308815,34.885715,0.0 -80.312297,34.888216,0.0 -80.310201,34.906453,0.0 -80.3116,34.906661,0.0 -80.311602,34.911258,0.0 -80.312685,34.91242,0.0 -80.313847,34.915462,0.0 -80.309153,34.915598,0.0 -80.307024,34.934104,0.0 -80.302359,34.974598,0.0 -80.301865,34.978905,0.0 -80.300703,34.988991,0.0 -80.300544,34.99039,0.0 -80.304977,34.990021,0.0 -80.304794,34.991064,0.0 -80.306337,34.993306,0.0 -80.309067,34.9965,0.0 -80.308712,34.999784,0.0 -80.308983,35.001574,0.0 -80.306859,35.006143,0.0 -80.305392,35.007538,0.0 -80.303925,35.009851,0.0 -80.302115,35.011902,0.0 -80.298507,35.013311,0.0 -80.298357,35.014174,0.0 -80.302006,35.014728,0.0 -80.305809,35.014553,0.0 -80.307447,35.017536,0.0 -80.318504,35.022597,0.0 -80.323068,35.026429,0.0 -80.325145,35.026487,0.0 -80.325496,35.030261,0.0 -80.327134,35.031373,0.0 -80.326361,35.032243,0.0 -80.326611,35.0327,0.0 -80.319091,35.036167,0.0 -80.316302,35.037748,0.0 -80.312266,35.038565,0.0 -80.310806,35.039564,0.0 -80.31127,35.039043,0.0 -80.309813,35.036375,0.0 -80.307442,35.036077,0.0 -80.304878,35.036454,0.0 -80.303242,35.034275,0.0 -80.302509,35.03158,0.0 -80.299422,35.032754,0.0 -80.295605,35.033318,0.0 -80.293441,35.051986,0.0 -80.293211,35.053983,0.0 -80.291062,35.072596,0.0 -80.290088,35.08104,0.0 -80.292537,35.086159,0.0 -80.294399,35.088579,0.0 -80.297126,35.090535,0.0 -80.299679,35.091935,0.0 -80.304395,35.09498,0.0 -80.306947,35.097416,0.0 -80.310337,35.098848,0.0 -80.306708,35.102162,0.0 -80.297215,35.104988,0.0 -80.295969,35.104972,0.0 -80.28961,35.102356,0.0 -80.287636,35.102287,0.0 -80.285817,35.118023,0.0 -80.276829,35.195722,0.0 -80.281385,35.195857,0.0 -80.282907,35.194444,0.0 -80.284024,35.192393,0.0 -80.287094,35.191427,0.0 -80.289475,35.192011,0.0 -80.291819,35.193864,0.0 -80.294405,35.19437,0.0 -80.296702,35.193379,0.0 -80.298448,35.191095,0.0 -80.300222,35.18974,0.0 -80.303134,35.188725,0.0 -80.30417,35.187456,0.0 -80.304347,35.183101,0.0 -80.305713,35.181761,0.0 -80.310172,35.180614,0.0 -80.31315,35.180595,0.0 -80.314972,35.180141,0.0 -80.317396,35.180359,0.0 -80.318956,35.179996,0.0 -80.320931,35.178725,0.0 -80.321281,35.17714,0.0 -80.320468,35.174216,0.0 -80.321668,35.173069,0.0 -80.323379,35.173609,0.0 -80.325293,35.175719,0.0 -80.328245,35.176664,0.0 -80.330203,35.176432,0.0 -80.334601,35.17378,0.0 -80.335946,35.173642,0.0 -80.338862,35.174266,0.0 -80.340355,35.174148,0.0 -80.343211,35.170988,0.0 -80.345199,35.169647,0.0 -80.34753,35.168854,0.0 -80.350644,35.169392,0.0 -80.352078,35.168896,0.0 -80.35336,35.166713,0.0 -80.354661,35.165495,0.0 -80.357627,35.164882,0.0 -80.360568,35.166627,0.0 -80.3625,35.169062,0.0 -80.36418,35.170271,0.0 -80.36504,35.17206,0.0 -80.366011,35.17574,0.0 -80.368574,35.179077,0.0 -80.370975,35.179702,0.0 -80.374633,35.178686,0.0 -80.376772,35.177507,0.0 -80.378155,35.175933,0.0 -80.379593,35.172784,0.0 -80.385152,35.168033,0.0 -80.388328,35.165862,0.0 -80.390647,35.165654,0.0 -80.395806,35.160739,0.0 -80.394442,35.157283,0.0 -80.393287,35.156163,0.0 -80.393122,35.153175,0.0 -80.390037,35.150579,0.0 -80.388158,35.147928,0.0 -80.384143,35.144014,0.0 -80.380311,35.140925,0.0 -80.381595,35.139852,0.0 -80.387502,35.139966,0.0 -80.39352,35.140087,0.0 -80.393477,35.138324,0.0 -80.387775,35.137298,0.0 -80.388095,35.135474,0.0 -80.393591,35.135405,0.0 -80.393545,35.13406,0.0 -80.395748,35.133815,0.0 -80.39514,35.130069,0.0 -80.4003,35.128994,0.0 -80.40342,35.12292,0.0 -80.404226,35.120783,0.0 -80.406785,35.118391,0.0 -80.408172,35.11632,0.0 -80.41315,35.112064,0.0 -80.415463,35.10936,0.0 -80.415116,35.108474,0.0 -80.412284,35.106199,0.0 -80.408492,35.103666,0.0 -80.406027,35.103506,0.0 -80.405525,35.102455,0.0 -80.410321,35.098278,0.0 -80.415327,35.091213,0.0 -80.420144,35.087245,0.0 -80.42181,35.088388,0.0 -80.431218,35.089653,0.0 -80.431469,35.079353,0.0 -80.433152,35.08029,0.0 -80.435352,35.081017,0.0 -80.435329,35.080001,0.0</coordinates>
</LinearRing>
</outerBoundaryIs>
</Polygon>
</Placemark><Placemark><name>28104 — Matthews, NC</name><description>Service ZIP: 28104. Census 2020 ZCTA boundary; approximate ZIP area.</description><styleUrl>#service-area</styleUrl><ExtendedData><Data name="ZIP"><value>28104</value></Data><Data name="Town"><value>Matthews</value></Data><Data name="State"><value>NC</value></Data></ExtendedData><Polygon>
<extrude>0</extrude>
<tessellate>1</tessellate>
<altitudeMode>clampToGround</altitudeMode>
<outerBoundaryIs>
<LinearRing>
<coordinates>-80.781433,35.031931,0.0 -80.780193,35.025491,0.0 -80.777616,35.024552,0.0 -80.776086,35.024124,0.0 -80.77263,35.021383,0.0 -80.771737,35.021904,0.0 -80.773163,35.02701,0.0 -80.773494,35.029743,0.0 -80.771414,35.030718,0.0 -80.766837,35.021791,0.0 -80.765607,35.022586,0.0 -80.765171,35.020989,0.0 -80.763028,35.021122,0.0 -80.763409,35.019708,0.0 -80.747163,35.009439,0.0 -80.745406,35.006414,0.0 -80.743689,35.006823,0.0 -80.739602,35.003267,0.0 -80.73719,35.002245,0.0 -80.735436,35.003057,0.0 -80.735026,35.002835,0.0 -80.732568,35.00198,0.0 -80.729482,35.001084,0.0 -80.72624,35.000168,0.0 -80.725092,35.0,0.0 -80.724279,34.996927,0.0 -80.721,34.996094,0.0 -80.720347,34.99541,0.0 -80.718455,34.996892,0.0 -80.719627,34.999036,0.0 -80.717603,34.997223,0.0 -80.713703,35.000145,0.0 -80.712747,35.001055,0.0 -80.710427,35.000984,0.0 -80.708604,35.000926,0.0 -80.709059,34.999969,0.0 -80.709607,34.999226,0.0 -80.710583,34.997993,0.0 -80.710509,34.99797,0.0 -80.706161,34.998361,0.0 -80.706208,34.996031,0.0 -80.704412,34.998082,0.0 -80.702635,34.99725,0.0 -80.702195,34.998705,0.0 -80.698683,34.997702,0.0 -80.698094,34.99957,0.0 -80.698159,35.001177,0.0 -80.692472,35.001566,0.0 -80.690647,35.002165,0.0 -80.690967,34.99986,0.0 -80.689879,34.999461,0.0 -80.691505,34.99834,0.0 -80.691813,34.997499,0.0 -80.690988,34.994965,0.0 -80.691154,34.994388,0.0 -80.69044,34.994148,0.0 -80.690507,34.994718,0.0 -80.689906,34.99528,0.0 -80.689443,34.995011,0.0 -80.688545,34.995521,0.0 -80.689232,34.995909,0.0 -80.688959,34.996164,0.0 -80.687228,34.995822,0.0 -80.687567,34.99529,0.0 -80.686572,34.993792,0.0 -80.684846,34.993195,0.0 -80.684338,34.992328,0.0 -80.684507,34.991723,0.0 -80.681836,34.993617,0.0 -80.681808,34.994691,0.0 -80.680346,34.994465,0.0 -80.680021,34.995778,0.0 -80.681833,35.003515,0.0 -80.684295,35.005364,0.0 -80.684137,35.005642,0.0 -80.681654,35.006769,0.0 -80.678822,35.007547,0.0 -80.677806,35.007596,0.0 -80.672093,35.006988,0.0 -80.672179,35.007857,0.0 -80.667937,35.007966,0.0 -80.667189,35.009178,0.0 -80.668745,35.009926,0.0 -80.666836,35.010417,0.0 -80.662211,35.013875,0.0 -80.665468,35.016644,0.0 -80.664288,35.018389,0.0 -80.668754,35.018067,0.0 -80.669084,35.019328,0.0 -80.672259,35.018752,0.0 -80.673616,35.018369,0.0 -80.673951,35.018667,0.0 -80.675012,35.018982,0.0 -80.678188,35.020502,0.0 -80.678538,35.019758,0.0 -80.685173,35.022382,0.0 -80.690088,35.02363,0.0 -80.691578,35.023835,0.0 -80.691681,35.024104,0.0 -80.689931,35.028509,0.0 -80.689363,35.029479,0.0 -80.688248,35.030809,0.0 -80.689266,35.031213,0.0 -80.691418,35.033938,0.0 -80.688408,35.04003,0.0 -80.688038,35.040576,0.0 -80.687808,35.042347,0.0 -80.688441,35.04242,0.0 -80.691317,35.045612,0.0 -80.68955,35.048783,0.0 -80.692037,35.049539,0.0 -80.691927,35.051345,0.0 -80.685627,35.052094,0.0 -80.685849,35.054369,0.0 -80.684443,35.054786,0.0 -80.683678,35.054904,0.0 -80.682664,35.05508,0.0 -80.682499,35.056033,0.0 -80.682449,35.056377,0.0 -80.683452,35.056464,0.0 -80.683902,35.058031,0.0 -80.687111,35.058381,0.0 -80.686811,35.060982,0.0 -80.685336,35.060978,0.0 -80.684593,35.066473,0.0 -80.685985,35.065589,0.0 -80.685918,35.067335,0.0 -80.686736,35.06802,0.0 -80.683466,35.069191,0.0 -80.684027,35.071027,0.0 -80.68207,35.071457,0.0 -80.685108,35.074522,0.0 -80.681652,35.078202,0.0 -80.679986,35.078454,0.0 -80.679351,35.078432,0.0 -80.677647,35.075992,0.0 -80.676293,35.071756,0.0 -80.675358,35.071054,0.0 -80.672988,35.074732,0.0 -80.674024,35.075779,0.0 -80.672997,35.076804,0.0 -80.677867,35.083014,0.0 -80.676455,35.084242,0.0 -80.674546,35.082752,0.0 -80.674165,35.082448,0.0 -80.672798,35.083567,0.0 -80.672483,35.084194,0.0 -80.671122,35.085404,0.0 -80.670969,35.084838,0.0 -80.669176,35.084748,0.0 -80.667806,35.085427,0.0 -80.66412,35.087256,0.0 -80.664474,35.087589,0.0 -80.667923,35.09083,0.0 -80.66614,35.090622,0.0 -80.664786,35.090741,0.0 -80.664731,35.090543,0.0 -80.66326,35.090969,0.0 -80.661838,35.091669,0.0 -80.660881,35.093549,0.0 -80.662295,35.09387,0.0 -80.663006,35.092523,0.0 -80.664208,35.092634,0.0 -80.666261,35.094161,0.0 -80.664584,35.096282,0.0 -80.663651,35.095587,0.0 -80.661643,35.094103,0.0 -80.659931,35.094062,0.0 -80.660508,35.095335,0.0 -80.662075,35.098796,0.0 -80.660601,35.098704,0.0 -80.660457,35.100018,0.0 -80.658136,35.101591,0.0 -80.657625,35.100976,0.0 -80.657134,35.101272,0.0 -80.655631,35.103009,0.0 -80.655307,35.103255,0.0 -80.653032,35.104372,0.0 -80.652775,35.104373,0.0 -80.652195,35.104651,0.0 -80.651758,35.105023,0.0 -80.651679,35.105171,0.0 -80.651269,35.105648,0.0 -80.65081,35.105546,0.0 -80.649759,35.105282,0.0 -80.648427,35.105743,0.0 -80.64699,35.107695,0.0 -80.64592,35.108525,0.0 -80.645243,35.109064,0.0 -80.643815,35.110001,0.0 -80.645311,35.110698,0.0 -80.645571,35.111401,0.0 -80.649297,35.115887,0.0 -80.645712,35.119692,0.0 -80.644289,35.120585,0.0 -80.642496,35.118998,0.0 -80.640154,35.120136,0.0 -80.638578,35.118955,0.0 -80.635393,35.125171,0.0 -80.635068,35.125479,0.0 -80.634677,35.125979,0.0 -80.631622,35.125216,0.0 -80.62923,35.126395,0.0 -80.628541,35.126649,0.0 -80.627271,35.126483,0.0 -80.626845,35.126392,0.0 -80.626433,35.126139,0.0 -80.626207,35.126048,0.0 -80.6259,35.125884,0.0 -80.625675,35.125871,0.0 -80.625512,35.125905,0.0 -80.624577,35.126321,0.0 -80.623384,35.126535,0.0 -80.622629,35.125792,0.0 -80.621267,35.127353,0.0 -80.617353,35.131709,0.0 -80.615564,35.136542,0.0 -80.610648,35.134386,0.0 -80.606692,35.131769,0.0 -80.602181,35.131592,0.0 -80.601809,35.131288,0.0 -80.601758,35.13122,0.0 -80.601271,35.132855,0.0 -80.602582,35.138194,0.0 -80.602927,35.14153,0.0 -80.603167,35.143144,0.0 -80.60286,35.145197,0.0 -80.600777,35.149123,0.0 -80.600179,35.150164,0.0 -80.597823,35.149607,0.0 -80.595214,35.152831,0.0 -80.593296,35.153562,0.0 -80.59284,35.156505,0.0 -80.591721,35.157891,0.0 -80.58969,35.161864,0.0 -80.587066,35.163979,0.0 -80.590106,35.165116,0.0 -80.592612,35.161798,0.0 -80.596177,35.160951,0.0 -80.601268,35.158874,0.0 -80.601302,35.159855,0.0 -80.600551,35.162052,0.0 -80.600697,35.162021,0.0 -80.602332,35.161327,0.0 -80.60413,35.157821,0.0 -80.610358,35.158112,0.0 -80.612373,35.158568,0.0 -80.6125,35.158464,0.0 -80.616253,35.155418,0.0 -80.618131,35.153915,0.0 -80.618862,35.150029,0.0 -80.62123,35.150756,0.0 -80.626362,35.144504,0.0 -80.628302,35.145725,0.0 -80.630299,35.146672,0.0 -80.63041,35.146484,0.0 -80.632899,35.143746,0.0 -80.639587,35.140615,0.0 -80.642899,35.139135,0.0 -80.646533,35.136819,0.0 -80.648675,35.134762,0.0 -80.648149,35.1344,0.0 -80.647805,35.130278,0.0 -80.649149,35.129595,0.0 -80.652275,35.130589,0.0 -80.653538,35.129159,0.0 -80.65414,35.127386,0.0 -80.653779,35.125357,0.0 -80.654172,35.125048,0.0 -80.656861,35.126884,0.0 -80.666346,35.117334,0.0 -80.670605,35.114515,0.0 -80.673508,35.113525,0.0 -80.680381,35.112755,0.0 -80.680799,35.112459,0.0 -80.686496,35.110997,0.0 -80.684903,35.107974,0.0 -80.684444,35.10912,0.0 -80.676887,35.106986,0.0 -80.676669,35.106902,0.0 -80.674842,35.106192,0.0 -80.675383,35.101764,0.0 -80.674398,35.099564,0.0 -80.67524,35.097726,0.0 -80.681482,35.103342,0.0 -80.690942,35.095726,0.0 -80.692734,35.094282,0.0 -80.69454,35.094387,0.0 -80.694918,35.092523,0.0 -80.695991,35.091659,0.0 -80.696048,35.090171,0.0 -80.698068,35.088942,0.0 -80.697847,35.088671,0.0 -80.70207,35.084324,0.0 -80.705195,35.084402,0.0 -80.705512,35.084163,0.0 -80.710014,35.080655,0.0 -80.709395,35.078509,0.0 -80.712995,35.075821,0.0 -80.712563,35.07421,0.0 -80.712031,35.072234,0.0 -80.713825,35.071866,0.0 -80.718027,35.074359,0.0 -80.723992,35.069768,0.0 -80.719575,35.068519,0.0 -80.720213,35.066986,0.0 -80.72548,35.068627,0.0 -80.727633,35.066959,0.0 -80.728414,35.06635,0.0 -80.733809,35.062199,0.0 -80.735736,35.060685,0.0 -80.736466,35.060113,0.0 -80.739655,35.057606,0.0 -80.738977,35.056494,0.0 -80.741204,35.056027,0.0 -80.741579,35.056094,0.0 -80.741806,35.055916,0.0 -80.74405,35.054172,0.0 -80.746013,35.055433,0.0 -80.749563,35.053475,0.0 -80.751308,35.053605,0.0 -80.753303,35.050433,0.0 -80.752125,35.050084,0.0 -80.752492,35.049184,0.0 -80.751695,35.048377,0.0 -80.752817,35.047519,0.0 -80.757616,35.048151,0.0 -80.7597,35.044531,0.0 -80.760565,35.041569,0.0 -80.767555,35.036286,0.0 -80.773162,35.032949,0.0 -80.776664,35.03307,0.0 -80.779795,35.032738,0.0 -80.781433,35.031931,0.0</coordinates>
</LinearRing>
</outerBoundaryIs>
<innerBoundaryIs>
<LinearRing>
<coordinates>-80.686354,34.994207,0.0 -80.687211,34.995818,0.0 -80.685387,34.995471,0.0 -80.685211,34.994825,0.0 -80.682453,34.994481,0.0 -80.686354,34.994207,0.0</coordinates>
</LinearRing>
</innerBoundaryIs>
</Polygon>
</Placemark><Placemark><name>28105 — Matthews, NC (part 1)</name><description>Service ZIP: 28105. Census 2020 ZCTA boundary; approximate ZIP area.</description><styleUrl>#service-area</styleUrl><ExtendedData><Data name="ZIP"><value>28105</value></Data><Data name="Town"><value>Matthews</value></Data><Data name="State"><value>NC</value></Data></ExtendedData><Polygon>
<extrude>0</extrude>
<tessellate>1</tessellate>
<altitudeMode>clampToGround</altitudeMode>
<outerBoundaryIs>
<LinearRing>
<coordinates>-80.76161,35.064627,0.0 -80.762365,35.064395,0.0 -80.759616,35.064242,0.0 -80.758915,35.064087,0.0 -80.758273,35.0636,0.0 -80.756366,35.065047,0.0 -80.758734,35.066959,0.0 -80.761313,35.064828,0.0 -80.76161,35.064627,0.0</coordinates>
</LinearRing>
</outerBoundaryIs>
</Polygon>
</Placemark><Placemark><name>28105 — Matthews, NC (part 2)</name><description>Service ZIP: 28105. Census 2020 ZCTA boundary; approximate ZIP area.</description><styleUrl>#service-area</styleUrl><ExtendedData><Data name="ZIP"><value>28105</value></Data><Data name="Town"><value>Matthews</value></Data><Data name="State"><value>NC</value></Data></ExtendedData><Polygon>
<extrude>0</extrude>
<tessellate>1</tessellate>
<altitudeMode>clampToGround</altitudeMode>
<outerBoundaryIs>
<LinearRing>
<coordinates>-80.769836,35.059872,0.0 -80.76979,35.058386,0.0 -80.7697,35.055838,0.0 -80.768318,35.055571,0.0 -80.767616,35.056417,0.0 -80.767958,35.05908,0.0 -80.7623,35.060495,0.0 -80.76052,35.06024,0.0 -80.761945,35.05858,0.0 -80.759033,35.055719,0.0 -80.765295,35.054239,0.0 -80.765476,35.051689,0.0 -80.76335,35.051514,0.0 -80.764592,35.049019,0.0 -80.766423,35.048775,0.0 -80.765228,35.04736,0.0 -80.762714,35.052552,0.0 -80.762153,35.051496,0.0 -80.757616,35.048151,0.0 -80.752817,35.047519,0.0 -80.751695,35.048377,0.0 -80.752492,35.049184,0.0 -80.752125,35.050084,0.0 -80.753303,35.050433,0.0 -80.751308,35.053605,0.0 -80.749563,35.053475,0.0 -80.746013,35.055433,0.0 -80.74405,35.054172,0.0 -80.741806,35.055916,0.0 -80.741579,35.056094,0.0 -80.741204,35.056027,0.0 -80.738977,35.056494,0.0 -80.739655,35.057606,0.0 -80.736466,35.060113,0.0 -80.735736,35.060685,0.0 -80.733809,35.062199,0.0 -80.728414,35.06635,0.0 -80.727633,35.066959,0.0 -80.72548,35.068627,0.0 -80.720213,35.066986,0.0 -80.719575,35.068519,0.0 -80.723992,35.069768,0.0 -80.718027,35.074359,0.0 -80.713825,35.071866,0.0 -80.712031,35.072234,0.0 -80.712563,35.07421,0.0 -80.712995,35.075821,0.0 -80.709395,35.078509,0.0 -80.710014,35.080655,0.0 -80.705512,35.084163,0.0 -80.705195,35.084402,0.0 -80.70207,35.084324,0.0 -80.697847,35.088671,0.0 -80.698068,35.088942,0.0 -80.696048,35.090171,0.0 -80.695991,35.091659,0.0 -80.694918,35.092523,0.0 -80.69454,35.094387,0.0 -80.692734,35.094282,0.0 -80.690942,35.095726,0.0 -80.681482,35.103342,0.0 -80.67524,35.097726,0.0 -80.674398,35.099564,0.0 -80.675383,35.101764,0.0 -80.674842,35.106192,0.0 -80.676669,35.106902,0.0 -80.676887,35.106986,0.0 -80.684444,35.10912,0.0 -80.684903,35.107974,0.0 -80.686496,35.110997,0.0 -80.680799,35.112459,0.0 -80.680381,35.112755,0.0 -80.673508,35.113525,0.0 -80.670605,35.114515,0.0 -80.666346,35.117334,0.0 -80.656861,35.126884,0.0 -80.654172,35.125048,0.0 -80.653779,35.125357,0.0 -80.65414,35.127386,0.0 -80.653538,35.129159,0.0 -80.652275,35.130589,0.0 -80.649149,35.129595,0.0 -80.647805,35.130278,0.0 -80.648149,35.1344,0.0 -80.648675,35.134762,0.0 -80.646533,35.136819,0.0 -80.642899,35.139135,0.0 -80.639587,35.140615,0.0 -80.632899,35.143746,0.0 -80.63041,35.146484,0.0 -80.630944,35.146269,0.0 -80.632949,35.14405,0.0 -80.634242,35.143273,0.0 -80.639991,35.140736,0.0 -80.642783,35.141021,0.0 -80.644436,35.14192,0.0 -80.644866,35.141004,0.0 -80.646736,35.142754,0.0 -80.646619,35.143766,0.0 -80.649205,35.1436,0.0 -80.650667,35.14203,0.0 -80.651761,35.142063,0.0 -80.652876,35.139886,0.0 -80.653997,35.139079,0.0 -80.655923,35.139081,0.0 -80.655911,35.135145,0.0 -80.656993,35.133711,0.0 -80.660546,35.132016,0.0 -80.661547,35.130218,0.0 -80.664215,35.131471,0.0 -80.663913,35.132154,0.0 -80.665048,35.133395,0.0 -80.669423,35.134966,0.0 -80.670963,35.13616,0.0 -80.670143,35.137419,0.0 -80.670005,35.141433,0.0 -80.668378,35.142963,0.0 -80.666839,35.142699,0.0 -80.669642,35.146508,0.0 -80.676184,35.15385,0.0 -80.679437,35.151531,0.0 -80.680436,35.148209,0.0 -80.680507,35.147932,0.0 -80.685821,35.147614,0.0 -80.687265,35.149361,0.0 -80.689256,35.149361,0.0 -80.691163,35.152034,0.0 -80.694016,35.153465,0.0 -80.694717,35.15514,0.0 -80.696888,35.157986,0.0 -80.696808,35.159282,0.0 -80.698319,35.160918,0.0 -80.69745,35.161343,0.0 -80.697492,35.162881,0.0 -80.698865,35.165559,0.0 -80.697825,35.170022,0.0 -80.699967,35.171777,0.0 -80.700015,35.174657,0.0 -80.701067,35.175401,0.0 -80.702592,35.174316,0.0 -80.703664,35.17479,0.0 -80.700844,35.176527,0.0 -80.698972,35.174768,0.0 -80.699399,35.173649,0.0 -80.696937,35.173373,0.0 -80.695881,35.177218,0.0 -80.692018,35.180406,0.0 -80.692261,35.181094,0.0 -80.696247,35.180703,0.0 -80.701013,35.177836,0.0 -80.705226,35.175155,0.0 -80.706975,35.175245,0.0 -80.708115,35.174551,0.0 -80.706841,35.173344,0.0 -80.708116,35.171541,0.0 -80.710243,35.170463,0.0 -80.714149,35.1709,0.0 -80.714988,35.169296,0.0 -80.719915,35.170634,0.0 -80.725267,35.173518,0.0 -80.72426,35.170732,0.0 -80.725775,35.168304,0.0 -80.729015,35.166185,0.0 -80.732139,35.162727,0.0 -80.733223,35.163639,0.0 -80.737901,35.164128,0.0 -80.734982,35.161534,0.0 -80.735993,35.160357,0.0 -80.736366,35.159765,0.0 -80.731288,35.155032,0.0 -80.726121,35.149196,0.0 -80.724318,35.147133,0.0 -80.72252,35.145089,0.0 -80.720322,35.142582,0.0 -80.723319,35.141671,0.0 -80.727866,35.142004,0.0 -80.731051,35.139034,0.0 -80.729405,35.136742,0.0 -80.729806,35.136552,0.0 -80.736499,35.13399,0.0 -80.736672,35.134327,0.0 -80.740259,35.13282,0.0 -80.742421,35.132734,0.0 -80.743491,35.131603,0.0 -80.743396,35.129866,0.0 -80.742759,35.129311,0.0 -80.744228,35.129255,0.0 -80.74583,35.130622,0.0 -80.74806,35.130785,0.0 -80.747985,35.131121,0.0 -80.747879,35.131586,0.0 -80.749118,35.129192,0.0 -80.7522,35.129875,0.0 -80.752197,35.127146,0.0 -80.751798,35.126303,0.0 -80.75149,35.124003,0.0 -80.750576,35.118862,0.0 -80.746644,35.118932,0.0 -80.744199,35.117131,0.0 -80.743839,35.115519,0.0 -80.745957,35.114823,0.0 -80.749241,35.114684,0.0 -80.752614,35.11456,0.0 -80.754018,35.114208,0.0 -80.756542,35.113267,0.0 -80.758246,35.112436,0.0 -80.759149,35.111916,0.0 -80.761227,35.110455,0.0 -80.759128,35.10826,0.0 -80.763541,35.105716,0.0 -80.7605,35.104041,0.0 -80.758971,35.101435,0.0 -80.759142,35.096268,0.0 -80.755582,35.096212,0.0 -80.755568,35.096324,0.0 -80.755453,35.096541,0.0 -80.75551,35.096939,0.0 -80.755389,35.097265,0.0 -80.75496,35.097603,0.0 -80.754661,35.097789,0.0 -80.753691,35.098435,0.0 -80.752071,35.09909,0.0 -80.750058,35.099075,0.0 -80.749198,35.098918,0.0 -80.748189,35.098098,0.0 -80.746163,35.098853,0.0 -80.745577,35.099983,0.0 -80.745741,35.101261,0.0 -80.745255,35.101217,0.0 -80.741849,35.102763,0.0 -80.741316,35.098791,0.0 -80.740139,35.098938,0.0 -80.739174,35.101024,0.0 -80.738841,35.101368,0.0 -80.738353,35.101614,0.0 -80.737827,35.102457,0.0 -80.737432,35.102247,0.0 -80.737098,35.101816,0.0 -80.73643,35.101365,0.0 -80.73635,35.101116,0.0 -80.736452,35.100473,0.0 -80.736305,35.100069,0.0 -80.735959,35.100074,0.0 -80.73593,35.100089,0.0 -80.734986,35.100475,0.0 -80.732552,35.100381,0.0 -80.732767,35.09948,0.0 -80.734085,35.09684,0.0 -80.734423,35.092227,0.0 -80.733002,35.090217,0.0 -80.731969,35.087873,0.0 -80.736243,35.084676,0.0 -80.732517,35.081472,0.0 -80.731849,35.08175,0.0 -80.731373,35.08083,0.0 -80.730261,35.081194,0.0 -80.73013,35.080975,0.0 -80.729106,35.078317,0.0 -80.729916,35.075952,0.0 -80.728978,35.069548,0.0 -80.733896,35.068406,0.0 -80.73441,35.0687,0.0 -80.739252,35.070816,0.0 -80.7404,35.069391,0.0 -80.742284,35.070213,0.0 -80.743058,35.067463,0.0 -80.743154,35.064887,0.0 -80.746687,35.061847,0.0 -80.747856,35.061611,0.0 -80.747981,35.06481,0.0 -80.748924,35.067807,0.0 -80.749742,35.067943,0.0 -80.753654,35.064652,0.0 -80.757136,35.062694,0.0 -80.763469,35.060544,0.0 -80.769836,35.059872,0.0</coordinates>
</LinearRing>
</outerBoundaryIs>
</Polygon>
</Placemark><Placemark><name>28110 — Monroe, NC</name><description>Service ZIP: 28110. Census 2020 ZCTA boundary; approximate ZIP area.</description><styleUrl>#service-area</styleUrl><ExtendedData><Data name="ZIP"><value>28110</value></Data><Data name="Town"><value>Monroe</value></Data><Data name="State"><value>NC</value></Data></ExtendedData><Polygon>
<extrude>0</extrude>
<tessellate>1</tessellate>
<altitudeMode>clampToGround</altitudeMode>
<outerBoundaryIs>
<LinearRing>
<coordinates>-80.688852,34.987625,0.0 -80.690278,34.986844,0.0 -80.688293,34.984049,0.0 -80.684939,34.984328,0.0 -80.684134,34.984052,0.0 -80.680523,34.982522,0.0 -80.680427,34.984008,0.0 -80.680449,34.984644,0.0 -80.678921,34.9862,0.0 -80.677287,34.986062,0.0 -80.675895,34.983489,0.0 -80.674145,34.982335,0.0 -80.670312,34.983275,0.0 -80.668859,34.982067,0.0 -80.661556,34.981416,0.0 -80.661679,34.980408,0.0 -80.660538,34.975404,0.0 -80.658571,34.974921,0.0 -80.658331,34.978883,0.0 -80.654223,34.979375,0.0 -80.652178,34.97619,0.0 -80.654321,34.974932,0.0 -80.65399,34.973504,0.0 -80.650492,34.971557,0.0 -80.64483,34.968459,0.0 -80.637936,34.967107,0.0 -80.641385,34.963386,0.0 -80.642231,34.960159,0.0 -80.644888,34.957398,0.0 -80.646518,34.957027,0.0 -80.647322,34.953318,0.0 -80.644305,34.950495,0.0 -80.627728,34.958379,0.0 -80.627849,34.958201,0.0 -80.609809,34.966654,0.0 -80.597703,34.972347,0.0 -80.584916,34.978325,0.0 -80.584316,34.978605,0.0 -80.580186,34.980536,0.0 -80.574234,34.983327,0.0 -80.571022,34.9848,0.0 -80.570499,34.985003,0.0 -80.569537,34.985344,0.0 -80.567018,34.986006,0.0 -80.564816,34.986332,0.0 -80.564363,34.986369,0.0 -80.561994,34.986448,0.0 -80.558351,34.98615,0.0 -80.55253,34.985571,0.0 -80.551432,34.985516,0.0 -80.549542,34.985251,0.0 -80.538374,34.982453,0.0 -80.537015,34.9835,0.0 -80.537185,34.982076,0.0 -80.534233,34.981739,0.0 -80.527316,34.982549,0.0 -80.528572,34.98536,0.0 -80.527065,34.982552,0.0 -80.521578,34.98353,0.0 -80.50868,34.982261,0.0 -80.50562,34.982158,0.0 -80.49953,34.983971,0.0 -80.494783,34.983577,0.0 -80.487331,34.982163,0.0 -80.483718,34.981568,0.0 -80.482417,34.98158,0.0 -80.478467,34.981641,0.0 -80.477456,34.985597,0.0 -80.47771,34.986135,0.0 -80.477327,34.98799,0.0 -80.477454,34.988158,0.0 -80.477143,34.990368,0.0 -80.47493,34.993105,0.0 -80.476983,34.995128,0.0 -80.475086,34.998046,0.0 -80.475797,34.998689,0.0 -80.47584,35.00417,0.0 -80.474221,35.005244,0.0 -80.4746,35.010051,0.0 -80.473609,35.014071,0.0 -80.473386,35.016421,0.0 -80.471361,35.021347,0.0 -80.470689,35.023725,0.0 -80.471502,35.026438,0.0 -80.471212,35.03036,0.0 -80.471753,35.032163,0.0 -80.470866,35.036331,0.0 -80.470014,35.037687,0.0 -80.469597,35.038019,0.0 -80.468521,35.038638,0.0 -80.468162,35.043407,0.0 -80.467251,35.04392,0.0 -80.465056,35.043206,0.0 -80.464047,35.03937,0.0 -80.463422,35.038278,0.0 -80.462293,35.038071,0.0 -80.46054,35.039177,0.0 -80.460053,35.041401,0.0 -80.460886,35.043633,0.0 -80.461192,35.046423,0.0 -80.460159,35.048191,0.0 -80.458909,35.048368,0.0 -80.454299,35.044485,0.0 -80.453263,35.042244,0.0 -80.450701,35.04191,0.0 -80.448279,35.043481,0.0 -80.447527,35.04573,0.0 -80.447369,35.048346,0.0 -80.445546,35.049488,0.0 -80.442435,35.050542,0.0 -80.44153,35.05128,0.0 -80.438399,35.052736,0.0 -80.435882,35.054968,0.0 -80.435003,35.055073,0.0 -80.43207,35.054613,0.0 -80.431135,35.055672,0.0 -80.43148,35.057371,0.0 -80.427687,35.05843,0.0 -80.426716,35.059122,0.0 -80.426375,35.060999,0.0 -80.423343,35.063395,0.0 -80.423703,35.066691,0.0 -80.423346,35.067465,0.0 -80.428636,35.07086,0.0 -80.431554,35.071471,0.0 -80.43156,35.076,0.0 -80.432561,35.076621,0.0 -80.436015,35.079252,0.0 -80.435329,35.080001,0.0 -80.435352,35.081017,0.0 -80.433152,35.08029,0.0 -80.431469,35.079353,0.0 -80.431218,35.089653,0.0 -80.42181,35.088388,0.0 -80.420144,35.087245,0.0 -80.415327,35.091213,0.0 -80.410321,35.098278,0.0 -80.405525,35.102455,0.0 -80.406027,35.103506,0.0 -80.408492,35.103666,0.0 -80.412284,35.106199,0.0 -80.415116,35.108474,0.0 -80.415463,35.10936,0.0 -80.41315,35.112064,0.0 -80.408172,35.11632,0.0 -80.406785,35.118391,0.0 -80.404226,35.120783,0.0 -80.40342,35.12292,0.0 -80.4003,35.128994,0.0 -80.39514,35.130069,0.0 -80.395748,35.133815,0.0 -80.393545,35.13406,0.0 -80.393591,35.135405,0.0 -80.388095,35.135474,0.0 -80.387775,35.137298,0.0 -80.393477,35.138324,0.0 -80.39352,35.140087,0.0 -80.387502,35.139966,0.0 -80.381595,35.139852,0.0 -80.380311,35.140925,0.0 -80.384143,35.144014,0.0 -80.388158,35.147928,0.0 -80.390037,35.150579,0.0 -80.393122,35.153175,0.0 -80.393287,35.156163,0.0 -80.394442,35.157283,0.0 -80.395806,35.160739,0.0 -80.390647,35.165654,0.0 -80.394437,35.165776,0.0 -80.396278,35.165489,0.0 -80.398295,35.165582,0.0 -80.400947,35.167268,0.0 -80.403267,35.167244,0.0 -80.405435,35.16649,0.0 -80.408556,35.163747,0.0 -80.411497,35.163318,0.0 -80.413004,35.163816,0.0 -80.415744,35.166492,0.0 -80.41567,35.168685,0.0 -80.416426,35.17059,0.0 -80.417782,35.172352,0.0 -80.419262,35.172864,0.0 -80.425689,35.17006,0.0 -80.428192,35.167578,0.0 -80.430676,35.166082,0.0 -80.432868,35.166086,0.0 -80.435205,35.165387,0.0 -80.436931,35.164213,0.0 -80.437498,35.163073,0.0 -80.439865,35.161042,0.0 -80.441769,35.161508,0.0 -80.44418,35.163556,0.0 -80.447229,35.164796,0.0 -80.453106,35.165505,0.0 -80.455143,35.164395,0.0 -80.456441,35.164281,0.0 -80.459347,35.165077,0.0 -80.460127,35.165733,0.0 -80.461648,35.168986,0.0 -80.463543,35.170327,0.0 -80.464968,35.17014,0.0 -80.467425,35.167111,0.0 -80.468186,35.166694,0.0 -80.47038,35.167251,0.0 -80.471435,35.169159,0.0 -80.472731,35.169878,0.0 -80.474478,35.170499,0.0 -80.476224,35.171801,0.0 -80.477003,35.173088,0.0 -80.476721,35.17622,0.0 -80.477531,35.178239,0.0 -80.478975,35.179314,0.0 -80.481141,35.180075,0.0 -80.483197,35.179561,0.0 -80.484655,35.17731,0.0 -80.486012,35.176255,0.0 -80.488414,35.175493,0.0 -80.489843,35.175795,0.0 -80.493136,35.178739,0.0 -80.495856,35.179676,0.0 -80.50095,35.180578,0.0 -80.503359,35.181651,0.0 -80.504445,35.181121,0.0 -80.507107,35.178215,0.0 -80.511581,35.176179,0.0 -80.515524,35.177157,0.0 -80.516001,35.174579,0.0 -80.519827,35.170717,0.0 -80.521967,35.169251,0.0 -80.52452,35.168555,0.0 -80.527075,35.166796,0.0 -80.529187,35.163346,0.0 -80.530638,35.16427,0.0 -80.538677,35.167827,0.0 -80.542518,35.168834,0.0 -80.538234,35.159789,0.0 -80.535468,35.153822,0.0 -80.535514,35.152305,0.0 -80.537988,35.145732,0.0 -80.537607,35.138317,0.0 -80.539834,35.138362,0.0 -80.543926,35.139725,0.0 -80.545034,35.13798,0.0 -80.545983,35.135096,0.0 -80.546392,35.131126,0.0 -80.543692,35.127486,0.0 -80.539514,35.126994,0.0 -80.538942,35.128304,0.0 -80.536879,35.12894,0.0 -80.536105,35.122991,0.0 -80.537172,35.117204,0.0 -80.545652,35.114549,0.0 -80.547301,35.109955,0.0 -80.546759,35.107478,0.0 -80.547844,35.107704,0.0 -80.548512,35.106234,0.0 -80.554699,35.10783,0.0 -80.555057,35.10711,0.0 -80.557356,35.104113,0.0 -80.558269,35.102941,0.0 -80.559252,35.101462,0.0 -80.561007,35.095608,0.0 -80.564708,35.093993,0.0 -80.569001,35.091294,0.0 -80.566879,35.088853,0.0 -80.566724,35.088481,0.0 -80.566215,35.085098,0.0 -80.566154,35.084708,0.0 -80.567209,35.083471,0.0 -80.568148,35.082494,0.0 -80.567778,35.081019,0.0 -80.566886,35.08023,0.0 -80.569316,35.077907,0.0 -80.573738,35.074433,0.0 -80.575822,35.073832,0.0 -80.575226,35.071946,0.0 -80.575179,35.071789,0.0 -80.577256,35.072038,0.0 -80.577024,35.07304,0.0 -80.577568,35.072492,0.0 -80.580061,35.07284,0.0 -80.580409,35.071677,0.0 -80.5837,35.0721,0.0 -80.586253,35.070181,0.0 -80.588477,35.071341,0.0 -80.588192,35.07353,0.0 -80.586286,35.073052,0.0 -80.586371,35.074448,0.0 -80.588331,35.074531,0.0 -80.59058,35.074788,0.0 -80.592426,35.07501,0.0 -80.596174,35.07104,0.0 -80.594171,35.068714,0.0 -80.596241,35.068742,0.0 -80.59638,35.068743,0.0 -80.596018,35.06818,0.0 -80.596655,35.06725,0.0 -80.597535,35.066231,0.0 -80.599013,35.06729,0.0 -80.600828,35.068783,0.0 -80.601217,35.068814,0.0 -80.610646,35.07668,0.0 -80.612546,35.075612,0.0 -80.61498,35.074538,0.0 -80.614019,35.071657,0.0 -80.615582,35.072215,0.0 -80.615823,35.06897,0.0 -80.613698,35.06894,0.0 -80.612707,35.066372,0.0 -80.616934,35.066548,0.0 -80.617744,35.068942,0.0 -80.619819,35.0723,0.0 -80.620838,35.071742,0.0 -80.621576,35.071725,0.0 -80.623324,35.071739,0.0 -80.62373,35.070462,0.0 -80.627583,35.069468,0.0 -80.62737,35.071725,0.0 -80.630245,35.071725,0.0 -80.631585,35.070402,0.0 -80.635479,35.068832,0.0 -80.638041,35.067823,0.0 -80.635043,35.06558,0.0 -80.632247,35.065872,0.0 -80.631895,35.0647,0.0 -80.633244,35.063779,0.0 -80.63506,35.062296,0.0 -80.636947,35.06062,0.0 -80.639517,35.055561,0.0 -80.639699,35.05524,0.0 -80.639744,35.055167,0.0 -80.642889,35.050465,0.0 -80.645582,35.047475,0.0 -80.64755,35.045922,0.0 -80.648541,35.045084,0.0 -80.654742,35.039302,0.0 -80.655946,35.038005,0.0 -80.656217,35.036982,0.0 -80.656284,35.036517,0.0 -80.656399,35.035355,0.0 -80.656508,35.034727,0.0 -80.65786,35.03078,0.0 -80.659322,35.029538,0.0 -80.660685,35.028459,0.0 -80.662639,35.026321,0.0 -80.663078,35.02581,0.0 -80.665569,35.024069,0.0 -80.668766,35.020597,0.0 -80.667745,35.019543,0.0 -80.669084,35.019328,0.0 -80.668754,35.018067,0.0 -80.664288,35.018389,0.0 -80.665468,35.016644,0.0 -80.662211,35.013875,0.0 -80.666836,35.010417,0.0 -80.668745,35.009926,0.0 -80.667189,35.009178,0.0 -80.667937,35.007966,0.0 -80.672179,35.007857,0.0 -80.672093,35.006988,0.0 -80.677806,35.007596,0.0 -80.678822,35.007547,0.0 -80.681654,35.006769,0.0 -80.684137,35.005642,0.0 -80.684295,35.005364,0.0 -80.681833,35.003515,0.0 -80.680021,34.995778,0.0 -80.680346,34.994465,0.0 -80.681808,34.994691,0.0 -80.681836,34.993617,0.0 -80.684507,34.991723,0.0 -80.68588,34.990356,0.0 -80.684436,34.987523,0.0 -80.687997,34.987275,0.0 -80.688439,34.988489,0.0 -80.688852,34.987625,0.0</coordinates>
</LinearRing>
</outerBoundaryIs>
</Polygon>
</Placemark><Placemark><name>28112 — Monroe, NC</name><description>Service ZIP: 28112. Census 2020 ZCTA boundary; approximate ZIP area.</description><styleUrl>#service-area</styleUrl><ExtendedData><Data name="ZIP"><value>28112</value></Data><Data name="Town"><value>Monroe</value></Data><Data name="State"><value>NC</value></Data></ExtendedData><Polygon>
<extrude>0</extrude>
<tessellate>1</tessellate>
<altitudeMode>clampToGround</altitudeMode>
<outerBoundaryIs>
<LinearRing>
<coordinates>-80.685381,34.929981,0.0 -80.685462,34.92616,0.0 -80.683955,34.921951,0.0 -80.683391,34.921908,0.0 -80.675002,34.924112,0.0 -80.673977,34.922688,0.0 -80.679666,34.919561,0.0 -80.682554,34.917142,0.0 -80.684557,34.916309,0.0 -80.684629,34.914732,0.0 -80.68085,34.914556,0.0 -80.680891,34.91235,0.0 -80.67268,34.911795,0.0 -80.67377,34.909454,0.0 -80.678355,34.909873,0.0 -80.679459,34.907933,0.0 -80.679105,34.906324,0.0 -80.675912,34.905963,0.0 -80.677549,34.901574,0.0 -80.677391,34.898176,0.0 -80.677927,34.89409,0.0 -80.678477,34.892859,0.0 -80.680976,34.889659,0.0 -80.679036,34.889516,0.0 -80.676915,34.890112,0.0 -80.673417,34.8922,0.0 -80.672026,34.892049,0.0 -80.66935,34.89379,0.0 -80.665633,34.893703,0.0 -80.661319,34.894151,0.0 -80.658818,34.890628,0.0 -80.66043,34.885756,0.0 -80.65991,34.883048,0.0 -80.662071,34.880275,0.0 -80.665271,34.879545,0.0 -80.663497,34.878249,0.0 -80.664454,34.877695,0.0 -80.663707,34.876236,0.0 -80.661988,34.875851,0.0 -80.659184,34.876714,0.0 -80.657581,34.876535,0.0 -80.657127,34.883738,0.0 -80.655561,34.883698,0.0 -80.65326,34.887645,0.0 -80.64879,34.888243,0.0 -80.646901,34.886373,0.0 -80.647948,34.885868,0.0 -80.646808,34.884652,0.0 -80.644708,34.885085,0.0 -80.645311,34.886691,0.0 -80.642388,34.887552,0.0 -80.640587,34.887273,0.0 -80.639916,34.886114,0.0 -80.63823,34.882343,0.0 -80.638294,34.881138,0.0 -80.634757,34.881542,0.0 -80.63123,34.882364,0.0 -80.629178,34.881497,0.0 -80.632355,34.879597,0.0 -80.631855,34.876743,0.0 -80.633388,34.876342,0.0 -80.633493,34.872696,0.0 -80.635177,34.865571,0.0 -80.631679,34.864275,0.0 -80.629706,34.860679,0.0 -80.633105,34.856156,0.0 -80.629779,34.853781,0.0 -80.627145,34.852874,0.0 -80.627089,34.85426,0.0 -80.620976,34.853337,0.0 -80.621874,34.852237,0.0 -80.6257,34.850042,0.0 -80.629938,34.849076,0.0 -80.629985,34.849067,0.0 -80.633123,34.845178,0.0 -80.633856,34.843092,0.0 -80.632668,34.838265,0.0 -80.632961,34.837185,0.0 -80.63554,34.832629,0.0 -80.638539,34.828862,0.0 -80.641929,34.823088,0.0 -80.640763,34.820822,0.0 -80.63641,34.819718,0.0 -80.6358427915201,34.8184014982412,0.0 -80.6262899995456,34.8182210240508,0.0 -80.626077,34.818217,0.0 -80.625993,34.818239,0.0 -80.621222,34.818174,0.0 -80.5905806456158,34.8178175077883,0.0 -80.5617093879227,34.8174816094994,0.0 -80.561657,34.817481,0.0 -80.5266355965967,34.8173564673787,0.0 -80.499788,34.817261,0.0 -80.491814,34.816798,0.0 -80.485683527346,34.8167365089369,0.0 -80.485234,34.816732,0.0 -80.45166,34.816396,0.0 -80.448766,34.816332,0.0 -80.4457486127173,34.816253114058,0.0 -80.434843,34.815968,0.0 -80.425902,34.81581,0.0 -80.419586,34.815581,0.0 -80.418433,34.815622,0.0 -80.4171533059603,34.8155191915993,0.0 -80.4171502586367,34.8155189467826,0.0 -80.417014,34.815508,0.0 -80.4136565899603,34.815433578031,0.0 -80.413558,34.816763,0.0 -80.41541,34.82185,0.0 -80.419269,34.826857,0.0 -80.420148,34.829362,0.0 -80.421777,34.831058,0.0 -80.418967,34.836792,0.0 -80.416512,34.839725,0.0 -80.415989,34.841863,0.0 -80.413864,34.842811,0.0 -80.41224,34.845046,0.0 -80.408694,34.845692,0.0 -80.410256,34.847201,0.0 -80.410435,34.851085,0.0 -80.406568,34.851218,0.0 -80.406725,34.854763,0.0 -80.400953,34.851865,0.0 -80.400353,34.85401,0.0 -80.401893,34.857752,0.0 -80.404897,34.860634,0.0 -80.404386,34.864331,0.0 -80.403589,34.865822,0.0 -80.40377,34.868326,0.0 -80.403415,34.872664,0.0 -80.40057,34.872553,0.0 -80.400728,34.873513,0.0 -80.396273,34.876049,0.0 -80.394314,34.87832,0.0 -80.394102,34.880085,0.0 -80.39245,34.880698,0.0 -80.391366,34.883756,0.0 -80.389069,34.884696,0.0 -80.392045,34.88472,0.0 -80.396804,34.883918,0.0 -80.402198,34.883524,0.0 -80.40353,34.885242,0.0 -80.4037,34.885884,0.0 -80.405181,34.886988,0.0 -80.405628,34.890835,0.0 -80.406925,34.890988,0.0 -80.411781,34.893254,0.0 -80.413715,34.892037,0.0 -80.417978,34.891447,0.0 -80.424941,34.889871,0.0 -80.427142,34.892882,0.0 -80.428482,34.89396,0.0 -80.431519,34.892382,0.0 -80.432403,34.891438,0.0 -80.434109,34.886909,0.0 -80.435736,34.884869,0.0 -80.436637,34.88406,0.0 -80.439943,34.881978,0.0 -80.441636,34.882634,0.0 -80.442441,34.88258,0.0 -80.441863,34.889969,0.0 -80.440733,34.892063,0.0 -80.438085,34.896058,0.0 -80.439363,34.897106,0.0 -80.437888,34.901749,0.0 -80.438969,34.904135,0.0 -80.440724,34.905373,0.0 -80.441226,34.89863,0.0 -80.444943,34.899934,0.0 -80.447714,34.902139,0.0 -80.441368,34.905734,0.0 -80.440586,34.907341,0.0 -80.440495,34.908273,0.0 -80.442081,34.908971,0.0 -80.442883,34.910443,0.0 -80.445301,34.911885,0.0 -80.446746,34.919292,0.0 -80.451673,34.926448,0.0 -80.454227,34.925158,0.0 -80.458446,34.925879,0.0 -80.465167,34.925062,0.0 -80.464576,34.926211,0.0 -80.465971,34.926613,0.0 -80.464841,34.930207,0.0 -80.467678,34.931439,0.0 -80.467408,34.935145,0.0 -80.476775,34.935142,0.0 -80.480079,34.942556,0.0 -80.48261,34.945317,0.0 -80.480464,34.951772,0.0 -80.480884,34.952846,0.0 -80.48057,34.954395,0.0 -80.482515,34.954425,0.0 -80.48525,34.955474,0.0 -80.485672,34.959435,0.0 -80.482804,34.961029,0.0 -80.483504,34.963499,0.0 -80.480663,34.964902,0.0 -80.483687,34.967965,0.0 -80.481351,34.969321,0.0 -80.476871,34.969976,0.0 -80.477592,34.971285,0.0 -80.477003,34.972264,0.0 -80.476463,34.975634,0.0 -80.474692,34.977213,0.0 -80.47073,34.978878,0.0 -80.47004,34.978747,0.0 -80.467667,34.977362,0.0 -80.467696,34.976846,0.0 -80.46595,34.975763,0.0 -80.461947,34.977426,0.0 -80.461454,34.982,0.0 -80.462977,34.981969,0.0 -80.462414,34.98347,0.0 -80.464349,34.984408,0.0 -80.469644,34.984306,0.0 -80.470627,34.98435,0.0 -80.471401,34.986013,0.0 -80.473619,34.987123,0.0 -80.474773,34.985679,0.0 -80.476713,34.986309,0.0 -80.477327,34.98799,0.0 -80.47771,34.986135,0.0 -80.477456,34.985597,0.0 -80.478467,34.981641,0.0 -80.482417,34.98158,0.0 -80.483718,34.981568,0.0 -80.487331,34.982163,0.0 -80.494783,34.983577,0.0 -80.49953,34.983971,0.0 -80.50562,34.982158,0.0 -80.50868,34.982261,0.0 -80.521578,34.98353,0.0 -80.527065,34.982552,0.0 -80.528572,34.98536,0.0 -80.527316,34.982549,0.0 -80.534233,34.981739,0.0 -80.537185,34.982076,0.0 -80.537015,34.9835,0.0 -80.538374,34.982453,0.0 -80.549542,34.985251,0.0 -80.551432,34.985516,0.0 -80.55253,34.985571,0.0 -80.558351,34.98615,0.0 -80.561994,34.986448,0.0 -80.564363,34.986369,0.0 -80.564816,34.986332,0.0 -80.567018,34.986006,0.0 -80.569537,34.985344,0.0 -80.570499,34.985003,0.0 -80.571022,34.9848,0.0 -80.574234,34.983327,0.0 -80.580186,34.980536,0.0 -80.584316,34.978605,0.0 -80.584916,34.978325,0.0 -80.597703,34.972347,0.0 -80.609809,34.966654,0.0 -80.627849,34.958201,0.0 -80.627728,34.958379,0.0 -80.644305,34.950495,0.0 -80.647322,34.953318,0.0 -80.64838,34.94918,0.0 -80.648819,34.948533,0.0 -80.653182,34.946337,0.0 -80.652402,34.953546,0.0 -80.654916,34.952089,0.0 -80.655784,34.950222,0.0 -80.660348,34.949795,0.0 -80.660263,34.94863,0.0 -80.658746,34.946008,0.0 -80.659706,34.94423,0.0 -80.658081,34.944041,0.0 -80.663708,34.941401,0.0 -80.66926,34.938801,0.0 -80.668859,34.938215,0.0 -80.668437,34.937607,0.0 -80.667933,34.936186,0.0 -80.668107,34.934066,0.0 -80.674523,34.934228,0.0 -80.677056,34.930554,0.0 -80.679213,34.929606,0.0 -80.685381,34.929981,0.0</coordinates>
</LinearRing>
</outerBoundaryIs>
</Polygon>
</Placemark><Placemark><name>28115 — Mooresville, NC</name><description>Service ZIP: 28115. Census 2020 ZCTA boundary; approximate ZIP area.</description><styleUrl>#service-area</styleUrl><ExtendedData><Data name="ZIP"><value>28115</value></Data><Data name="Town"><value>Mooresville</value></Data><Data name="State"><value>NC</value></Data></ExtendedData><Polygon>
<extrude>0</extrude>
<tessellate>1</tessellate>
<altitudeMode>clampToGround</altitudeMode>
<outerBoundaryIs>
<LinearRing>
<coordinates>-80.865874,35.511928,0.0 -80.865642,35.511911,0.0 -80.865518,35.511904,0.0 -80.862122,35.511666,0.0 -80.859433,35.511477,0.0 -80.855861,35.511227,0.0 -80.845853,35.510524,0.0 -80.839274,35.51013,0.0 -80.839123,35.510046,0.0 -80.833513,35.509648,0.0 -80.803935,35.50752,0.0 -80.803826,35.509296,0.0 -80.800798,35.509212,0.0 -80.801828,35.512892,0.0 -80.804751,35.512976,0.0 -80.805949,35.516803,0.0 -80.800146,35.518443,0.0 -80.79887,35.519427,0.0 -80.799467,35.523285,0.0 -80.797948,35.525807,0.0 -80.779452,35.520117,0.0 -80.779884,35.518836,0.0 -80.779241,35.515538,0.0 -80.779662,35.514324,0.0 -80.781847,35.513798,0.0 -80.781848,35.511004,0.0 -80.78427,35.50602,0.0 -80.784167,35.506017,0.0 -80.768258,35.505947,0.0 -80.768204,35.507023,0.0 -80.768887,35.511038,0.0 -80.766226,35.512028,0.0 -80.763941,35.515246,0.0 -80.758663,35.513533,0.0 -80.748099,35.508781,0.0 -80.742721,35.505831,0.0 -80.737249,35.505801,0.0 -80.737046,35.507392,0.0 -80.73772,35.508146,0.0 -80.736327,35.514836,0.0 -80.736835,35.518132,0.0 -80.737318,35.524882,0.0 -80.739346,35.529972,0.0 -80.740787,35.532749,0.0 -80.7219,35.53472,0.0 -80.722249,35.535495,0.0 -80.714327,35.53541,0.0 -80.712815,35.534939,0.0 -80.712769,35.536411,0.0 -80.708331,35.536457,0.0 -80.708561,35.538986,0.0 -80.70748,35.538986,0.0 -80.707313,35.540794,0.0 -80.705272,35.540826,0.0 -80.705088,35.543194,0.0 -80.70568,35.545303,0.0 -80.70391,35.546387,0.0 -80.700834,35.547728,0.0 -80.696153,35.547182,0.0 -80.689091,35.547016,0.0 -80.689147,35.543832,0.0 -80.679774,35.543371,0.0 -80.678437,35.544942,0.0 -80.678486,35.544015,0.0 -80.676082,35.544654,0.0 -80.678208,35.545552,0.0 -80.677437,35.546624,0.0 -80.677541,35.546677,0.0 -80.67971,35.54821,0.0 -80.683947,35.553123,0.0 -80.684098,35.553497,0.0 -80.685024,35.562531,0.0 -80.686192,35.564244,0.0 -80.683442,35.569634,0.0 -80.680816,35.572502,0.0 -80.682327,35.574121,0.0 -80.683549,35.574365,0.0 -80.683274,35.577189,0.0 -80.688403,35.577357,0.0 -80.688403,35.578685,0.0 -80.685792,35.578471,0.0 -80.685686,35.579875,0.0 -80.682083,35.579891,0.0 -80.683259,35.581707,0.0 -80.682831,35.583096,0.0 -80.686861,35.583218,0.0 -80.687057,35.5847,0.0 -80.682826,35.58391,0.0 -80.679181,35.58154,0.0 -80.678455,35.582975,0.0 -80.677093,35.582553,0.0 -80.675836,35.584542,0.0 -80.67788,35.587122,0.0 -80.677385,35.590051,0.0 -80.67941,35.593726,0.0 -80.68217,35.595565,0.0 -80.67812,35.59867,0.0 -80.675986,35.599754,0.0 -80.674426,35.604243,0.0 -80.674255,35.606548,0.0 -80.673154,35.610478,0.0 -80.672271,35.610652,0.0 -80.67584,35.611389,0.0 -80.686519,35.615293,0.0 -80.686508,35.6167,0.0 -80.693605,35.616978,0.0 -80.693651,35.620293,0.0 -80.697986,35.620293,0.0 -80.700513,35.621197,0.0 -80.701818,35.620949,0.0 -80.70195,35.618902,0.0 -80.705457,35.619626,0.0 -80.705106,35.620462,0.0 -80.707009,35.621014,0.0 -80.709093,35.623027,0.0 -80.710638,35.622891,0.0 -80.712551,35.622521,0.0 -80.717935,35.622654,0.0 -80.717877,35.625554,0.0 -80.723939,35.625612,0.0 -80.726486,35.623994,0.0 -80.729239,35.623281,0.0 -80.729269,35.622617,0.0 -80.735301,35.622866,0.0 -80.735793,35.620522,0.0 -80.740592,35.620496,0.0 -80.740643,35.618845,0.0 -80.742214,35.618105,0.0 -80.74233,35.619455,0.0 -80.744568,35.621746,0.0 -80.747051,35.628176,0.0 -80.750971,35.63229,0.0 -80.754396,35.630088,0.0 -80.75659,35.627033,0.0 -80.759384,35.625408,0.0 -80.759941,35.625329,0.0 -80.761962,35.633468,0.0 -80.763515,35.635508,0.0 -80.765158,35.635531,0.0 -80.765379,35.638293,0.0 -80.767128,35.641044,0.0 -80.768562,35.640997,0.0 -80.768591,35.642883,0.0 -80.768329,35.643071,0.0 -80.768497,35.643228,0.0 -80.771075,35.642257,0.0 -80.778944,35.642181,0.0 -80.778535,35.640711,0.0 -80.775043,35.637628,0.0 -80.774185,35.638624,0.0 -80.774837,35.635414,0.0 -80.776219,35.635642,0.0 -80.779472,35.635779,0.0 -80.782749,35.636859,0.0 -80.781494,35.639212,0.0 -80.781187,35.641479,0.0 -80.781962,35.642049,0.0 -80.782086,35.642274,0.0 -80.773318,35.64239,0.0 -80.769247,35.643104,0.0 -80.76782,35.644002,0.0 -80.769778,35.648216,0.0 -80.772276,35.648335,0.0 -80.773317,35.643113,0.0 -80.779561,35.643264,0.0 -80.782519,35.643025,0.0 -80.783315,35.646588,0.0 -80.785511,35.646714,0.0 -80.788152,35.648162,0.0 -80.788375,35.652046,0.0 -80.787662,35.657125,0.0 -80.787544,35.660215,0.0 -80.786855,35.662017,0.0 -80.7808,35.661343,0.0 -80.780044,35.666869,0.0 -80.784176,35.665391,0.0 -80.787246,35.663488,0.0 -80.788377,35.663357,0.0 -80.792187,35.66393,0.0 -80.793199,35.663578,0.0 -80.793636,35.666625,0.0 -80.793261,35.66978,0.0 -80.793921,35.670798,0.0 -80.797843,35.668478,0.0 -80.798678,35.668281,0.0 -80.810454,35.662662,0.0 -80.813573,35.657859,0.0 -80.818855,35.65336,0.0 -80.82047,35.652746,0.0 -80.822403,35.65306,0.0 -80.825869,35.653297,0.0 -80.831337,35.655982,0.0 -80.833182,35.657223,0.0 -80.837465,35.658783,0.0 -80.841316,35.660173,0.0 -80.844051,35.662243,0.0 -80.848603,35.660682,0.0 -80.849213,35.660544,0.0 -80.848631,35.659266,0.0 -80.847835,35.657967,0.0 -80.852289,35.655899,0.0 -80.852458,35.651818,0.0 -80.855707,35.651359,0.0 -80.85768,35.647722,0.0 -80.856225,35.647652,0.0 -80.856244,35.644554,0.0 -80.856689,35.644604,0.0 -80.855401,35.638539,0.0 -80.856434,35.638111,0.0 -80.857745,35.638947,0.0 -80.858046,35.640458,0.0 -80.861174,35.643701,0.0 -80.864074,35.640081,0.0 -80.863067,35.632978,0.0 -80.862043,35.628476,0.0 -80.861212,35.628266,0.0 -80.859403,35.627134,0.0 -80.854756,35.627316,0.0 -80.852855,35.626519,0.0 -80.854292,35.633352,0.0 -80.850906,35.635521,0.0 -80.850963,35.630439,0.0 -80.845895,35.630298,0.0 -80.845975,35.626886,0.0 -80.844909,35.627928,0.0 -80.84383,35.626919,0.0 -80.845472,35.625769,0.0 -80.84573,35.624666,0.0 -80.842211,35.62584,0.0 -80.841765,35.627435,0.0 -80.835795,35.628971,0.0 -80.826807,35.623961,0.0 -80.825137,35.623593,0.0 -80.82496,35.623738,0.0 -80.826153,35.621497,0.0 -80.8262,35.620986,0.0 -80.825501,35.614037,0.0 -80.823838,35.614185,0.0 -80.822878,35.613847,0.0 -80.823325,35.613692,0.0 -80.827391,35.612304,0.0 -80.828773,35.611899,0.0 -80.828973,35.610355,0.0 -80.827531,35.610515,0.0 -80.827588,35.609915,0.0 -80.824387,35.60975,0.0 -80.824165,35.608784,0.0 -80.827912,35.608767,0.0 -80.829355,35.609472,0.0 -80.83051,35.607981,0.0 -80.837992,35.608472,0.0 -80.838604,35.606417,0.0 -80.83265,35.606429,0.0 -80.833382,35.604312,0.0 -80.833346,35.602291,0.0 -80.831638,35.597306,0.0 -80.836639,35.597636,0.0 -80.838632,35.59831,0.0 -80.838549,35.597721,0.0 -80.838158,35.594988,0.0 -80.837763,35.592112,0.0 -80.837916,35.589011,0.0 -80.830412,35.588348,0.0 -80.831251,35.585053,0.0 -80.833316,35.57991,0.0 -80.836939,35.575659,0.0 -80.839793,35.571078,0.0 -80.840959,35.570428,0.0 -80.840448,35.567971,0.0 -80.839763,35.564745,0.0 -80.840108,35.563781,0.0 -80.844503,35.563673,0.0 -80.845077,35.564981,0.0 -80.847186,35.566783,0.0 -80.847659,35.565906,0.0 -80.845499,35.564078,0.0 -80.844539,35.562181,0.0 -80.838863,35.560699,0.0 -80.838176,35.560283,0.0 -80.837051,35.558204,0.0 -80.838282,35.557684,0.0 -80.839946,35.556722,0.0 -80.840299,35.556374,0.0 -80.841315,35.554982,0.0 -80.842465,35.5554,0.0 -80.8441,35.553763,0.0 -80.844872,35.554878,0.0 -80.848298,35.55559,0.0 -80.851286,35.558044,0.0 -80.851856,35.556634,0.0 -80.852287,35.555146,0.0 -80.854228,35.554825,0.0 -80.852251,35.552248,0.0 -80.852444,35.551158,0.0 -80.848357,35.55036,0.0 -80.847294,35.552128,0.0 -80.8461,35.551629,0.0 -80.847268,35.549142,0.0 -80.847523,35.548575,0.0 -80.84824,35.543329,0.0 -80.847177,35.543226,0.0 -80.847188,35.543176,0.0 -80.847231,35.542964,0.0 -80.847874,35.539996,0.0 -80.848175,35.539065,0.0 -80.847988,35.537642,0.0 -80.845746,35.530366,0.0 -80.84428,35.52645,0.0 -80.850067,35.526628,0.0 -80.849998,35.529213,0.0 -80.854567,35.528809,0.0 -80.856001,35.53261,0.0 -80.855708,35.53396,0.0 -80.857404,35.533123,0.0 -80.857501,35.533075,0.0 -80.858335,35.532618,0.0 -80.86224,35.530491,0.0 -80.862497,35.530368,0.0 -80.865415,35.516924,0.0 -80.865874,35.511928,0.0</coordinates>
</LinearRing>
</outerBoundaryIs>
</Polygon>
</Placemark><Placemark><name>28117 — Mooresville, NC</name><description>Service ZIP: 28117. Census 2020 ZCTA boundary; approximate ZIP area.</description><styleUrl>#service-area</styleUrl><ExtendedData><Data name="ZIP"><value>28117</value></Data><Data name="Town"><value>Mooresville</value></Data><Data name="State"><value>NC</value></Data></ExtendedData><Polygon>
<extrude>0</extrude>
<tessellate>1</tessellate>
<altitudeMode>clampToGround</altitudeMode>
<outerBoundaryIs>
<LinearRing>
<coordinates>-80.962814,35.507802,0.0 -80.963521,35.505961,0.0 -80.962142,35.498656,0.0 -80.961292,35.497049,0.0 -80.957888,35.494645,0.0 -80.948723,35.491669,0.0 -80.948278,35.491298,0.0 -80.947878,35.49045,0.0 -80.947344,35.488473,0.0 -80.945425,35.48971,0.0 -80.940669,35.492784,0.0 -80.918199,35.507351,0.0 -80.917007,35.508122,0.0 -80.908723,35.513489,0.0 -80.906723,35.514785,0.0 -80.906128,35.514741,0.0 -80.874796,35.512553,0.0 -80.874373,35.512524,0.0 -80.865874,35.511928,0.0 -80.865415,35.516924,0.0 -80.862497,35.530368,0.0 -80.86224,35.530491,0.0 -80.858335,35.532618,0.0 -80.857501,35.533075,0.0 -80.857404,35.533123,0.0 -80.855708,35.53396,0.0 -80.856001,35.53261,0.0 -80.854567,35.528809,0.0 -80.849998,35.529213,0.0 -80.850067,35.526628,0.0 -80.84428,35.52645,0.0 -80.845746,35.530366,0.0 -80.847988,35.537642,0.0 -80.848175,35.539065,0.0 -80.847874,35.539996,0.0 -80.847231,35.542964,0.0 -80.847188,35.543176,0.0 -80.847177,35.543226,0.0 -80.84824,35.543329,0.0 -80.847523,35.548575,0.0 -80.847268,35.549142,0.0 -80.8461,35.551629,0.0 -80.847294,35.552128,0.0 -80.848357,35.55036,0.0 -80.852444,35.551158,0.0 -80.852251,35.552248,0.0 -80.854228,35.554825,0.0 -80.852287,35.555146,0.0 -80.851856,35.556634,0.0 -80.851286,35.558044,0.0 -80.848298,35.55559,0.0 -80.844872,35.554878,0.0 -80.8441,35.553763,0.0 -80.842465,35.5554,0.0 -80.841315,35.554982,0.0 -80.840299,35.556374,0.0 -80.839946,35.556722,0.0 -80.838282,35.557684,0.0 -80.837051,35.558204,0.0 -80.838176,35.560283,0.0 -80.838863,35.560699,0.0 -80.844539,35.562181,0.0 -80.845499,35.564078,0.0 -80.847659,35.565906,0.0 -80.847186,35.566783,0.0 -80.845077,35.564981,0.0 -80.844503,35.563673,0.0 -80.840108,35.563781,0.0 -80.839763,35.564745,0.0 -80.840448,35.567971,0.0 -80.840959,35.570428,0.0 -80.839793,35.571078,0.0 -80.836939,35.575659,0.0 -80.833316,35.57991,0.0 -80.831251,35.585053,0.0 -80.830412,35.588348,0.0 -80.837916,35.589011,0.0 -80.837763,35.592112,0.0 -80.838158,35.594988,0.0 -80.838549,35.597721,0.0 -80.838632,35.59831,0.0 -80.836639,35.597636,0.0 -80.831638,35.597306,0.0 -80.833346,35.602291,0.0 -80.833382,35.604312,0.0 -80.83265,35.606429,0.0 -80.838604,35.606417,0.0 -80.837992,35.608472,0.0 -80.83051,35.607981,0.0 -80.829355,35.609472,0.0 -80.827912,35.608767,0.0 -80.824165,35.608784,0.0 -80.824387,35.60975,0.0 -80.827588,35.609915,0.0 -80.827531,35.610515,0.0 -80.828973,35.610355,0.0 -80.828773,35.611899,0.0 -80.827391,35.612304,0.0 -80.823325,35.613692,0.0 -80.822878,35.613847,0.0 -80.823838,35.614185,0.0 -80.825501,35.614037,0.0 -80.8262,35.620986,0.0 -80.826153,35.621497,0.0 -80.82496,35.623738,0.0 -80.825137,35.623593,0.0 -80.826807,35.623961,0.0 -80.835795,35.628971,0.0 -80.841765,35.627435,0.0 -80.842211,35.62584,0.0 -80.84573,35.624666,0.0 -80.845472,35.625769,0.0 -80.84383,35.626919,0.0 -80.844909,35.627928,0.0 -80.845975,35.626886,0.0 -80.845895,35.630298,0.0 -80.850963,35.630439,0.0 -80.850906,35.635521,0.0 -80.854292,35.633352,0.0 -80.852855,35.626519,0.0 -80.854756,35.627316,0.0 -80.859403,35.627134,0.0 -80.861212,35.628266,0.0 -80.862043,35.628476,0.0 -80.863067,35.632978,0.0 -80.864074,35.640081,0.0 -80.864277,35.639871,0.0 -80.865041,35.639061,0.0 -80.865537,35.638342,0.0 -80.868657,35.640688,0.0 -80.870352,35.64119,0.0 -80.872924,35.645284,0.0 -80.879866,35.645677,0.0 -80.879204,35.650123,0.0 -80.882582,35.650505,0.0 -80.882661,35.651392,0.0 -80.885765,35.654458,0.0 -80.88655,35.656777,0.0 -80.8905,35.656678,0.0 -80.897998,35.6552,0.0 -80.898752,35.656386,0.0 -80.906739,35.654727,0.0 -80.909228,35.654205,0.0 -80.91537,35.647157,0.0 -80.918481,35.642402,0.0 -80.919257,35.640054,0.0 -80.919807,35.635694,0.0 -80.92142,35.631465,0.0 -80.924123,35.627579,0.0 -80.928566,35.623929,0.0 -80.92754,35.622978,0.0 -80.925515,35.620946,0.0 -80.925213,35.620258,0.0 -80.926184,35.618115,0.0 -80.928293,35.616347,0.0 -80.931707,35.615013,0.0 -80.937315,35.613966,0.0 -80.938958,35.612878,0.0 -80.940662,35.610778,0.0 -80.943311,35.606273,0.0 -80.943524,35.604931,0.0 -80.940979,35.600803,0.0 -80.936129,35.597563,0.0 -80.933602,35.593681,0.0 -80.933638,35.590933,0.0 -80.935814,35.588186,0.0 -80.937019,35.587472,0.0 -80.945458,35.585283,0.0 -80.947659,35.58425,0.0 -80.951295,35.581273,0.0 -80.953328,35.578613,0.0 -80.955679,35.573848,0.0 -80.956946,35.568962,0.0 -80.956995,35.566252,0.0 -80.956559,35.563883,0.0 -80.953504,35.554312,0.0 -80.953617,35.553623,0.0 -80.957326,35.550852,0.0 -80.959909,35.547956,0.0 -80.960025,35.54702,0.0 -80.958802,35.544612,0.0 -80.952409,35.540834,0.0 -80.940838,35.531499,0.0 -80.939734,35.528631,0.0 -80.94221,35.526263,0.0 -80.944779,35.526006,0.0 -80.949404,35.528448,0.0 -80.953335,35.531929,0.0 -80.955508,35.532502,0.0 -80.95658,35.531571,0.0 -80.957446,35.52705,0.0 -80.95775,35.523658,0.0 -80.957509,35.521773,0.0 -80.956267,35.518255,0.0 -80.95598,35.515072,0.0 -80.956545,35.513896,0.0 -80.962814,35.507802,0.0</coordinates>
</LinearRing>
</outerBoundaryIs>
</Polygon>
</Placemark><Placemark><name>28120 — Mount Holly, NC</name><description>Service ZIP: 28120. Census 2020 ZCTA boundary; approximate ZIP area.</description><styleUrl>#service-area</styleUrl><ExtendedData><Data name="ZIP"><value>28120</value></Data><Data name="Town"><value>Mount Holly</value></Data><Data name="State"><value>NC</value></Data></ExtendedData><Polygon>
<extrude>0</extrude>
<tessellate>1</tessellate>
<altitudeMode>clampToGround</altitudeMode>
<outerBoundaryIs>
<LinearRing>
<coordinates>-81.108941,35.338367,0.0 -81.110273,35.335431,0.0 -81.106327,35.336581,0.0 -81.106343,35.332601,0.0 -81.108073,35.328573,0.0 -81.107111,35.328428,0.0 -81.102734,35.329637,0.0 -81.10061,35.327043,0.0 -81.100342,35.324933,0.0 -81.098728,35.325796,0.0 -81.089929,35.332826,0.0 -81.08615,35.328564,0.0 -81.084878,35.326498,0.0 -81.083961,35.324806,0.0 -81.083239,35.323316,0.0 -81.084024,35.318984,0.0 -81.08366,35.317445,0.0 -81.080237,35.313796,0.0 -81.0788,35.311652,0.0 -81.077771,35.308632,0.0 -81.079174,35.304101,0.0 -81.076765,35.301763,0.0 -81.070528,35.297715,0.0 -81.069378,35.297331,0.0 -81.070623,35.294585,0.0 -81.065361,35.294837,0.0 -81.060636,35.291412,0.0 -81.055318,35.290796,0.0 -81.051563,35.291301,0.0 -81.046461,35.288858,0.0 -81.044038,35.289745,0.0 -81.040474,35.287057,0.0 -81.040499,35.287013,0.0 -81.041327,35.285455,0.0 -81.041729,35.284773,0.0 -81.042858,35.283196,0.0 -81.044775,35.281901,0.0 -81.041369,35.279323,0.0 -81.041193,35.279463,0.0 -81.039612,35.278996,0.0 -81.038976,35.278833,0.0 -81.035906,35.282218,0.0 -81.0312,35.280468,0.0 -81.032125,35.277596,0.0 -81.031935,35.27483,0.0 -81.029843,35.273613,0.0 -81.027758,35.275511,0.0 -81.02584,35.275899,0.0 -81.025805,35.274854,0.0 -81.026179,35.273283,0.0 -81.02231,35.272667,0.0 -81.021438,35.269523,0.0 -81.017574,35.267544,0.0 -81.015557,35.265839,0.0 -81.015925,35.262509,0.0 -81.014956,35.257624,0.0 -81.013825,35.257685,0.0 -81.014111,35.258513,0.0 -81.01505,35.268655,0.0 -81.014896,35.26979,0.0 -81.013002,35.274657,0.0 -81.01103,35.278244,0.0 -81.009332,35.280367,0.0 -81.007941,35.284164,0.0 -81.007059,35.289573,0.0 -81.004204,35.296714,0.0 -81.00407,35.297291,0.0 -81.003854,35.297929,0.0 -81.001828,35.301235,0.0 -81.000873,35.305379,0.0 -80.995387,35.309472,0.0 -80.993365,35.313244,0.0 -80.992147,35.316354,0.0 -80.989183,35.320706,0.0 -80.985748,35.322923,0.0 -80.983622,35.324811,0.0 -80.982655,35.325824,0.0 -80.981687,35.327216,0.0 -80.980804,35.32979,0.0 -80.981805,35.333168,0.0 -80.982994,35.335078,0.0 -80.984667,35.33634,0.0 -80.985302,35.337217,0.0 -80.984894,35.340059,0.0 -80.983481,35.341602,0.0 -80.981471,35.342653,0.0 -80.976254,35.344114,0.0 -80.974434,35.34539,0.0 -80.97267,35.350257,0.0 -80.971864,35.350843,0.0 -80.969368,35.351446,0.0 -80.967088,35.350794,0.0 -80.963912,35.347706,0.0 -80.96241,35.347035,0.0 -80.958355,35.349526,0.0 -80.956403,35.350258,0.0 -80.952042,35.350971,0.0 -80.943632,35.350582,0.0 -80.942509,35.350899,0.0 -80.939086,35.353673,0.0 -80.934954,35.356562,0.0 -80.930907,35.357811,0.0 -80.92824,35.357518,0.0 -80.924747,35.358461,0.0 -80.923042,35.359917,0.0 -80.923062,35.360648,0.0 -80.92475,35.361832,0.0 -80.926883,35.362521,0.0 -80.931201,35.363104,0.0 -80.935877,35.36211,0.0 -80.9384,35.362948,0.0 -80.941672,35.364919,0.0 -80.949187,35.366378,0.0 -80.951611,35.367287,0.0 -80.955391,35.370438,0.0 -80.956783,35.373657,0.0 -80.958278,35.374984,0.0 -80.961267,35.375455,0.0 -80.962896,35.375107,0.0 -80.964773,35.373523,0.0 -80.96733,35.368553,0.0 -80.968093,35.367674,0.0 -80.97327,35.36419,0.0 -80.97423,35.363899,0.0 -80.976447,35.36416,0.0 -80.981038,35.36588,0.0 -80.98088,35.365106,0.0 -80.975823,35.363127,0.0 -80.976654,35.361569,0.0 -80.979683,35.359523,0.0 -80.979266,35.358723,0.0 -80.982107,35.358416,0.0 -80.983168,35.359311,0.0 -80.990842,35.366395,0.0 -80.992359,35.367948,0.0 -80.994634,35.371073,0.0 -80.996955,35.375082,0.0 -81.003069,35.382778,0.0 -81.009083,35.387937,0.0 -81.009961,35.387393,0.0 -81.010399,35.384899,0.0 -81.011744,35.386128,0.0 -81.014051,35.386436,0.0 -81.014941,35.387863,0.0 -81.017682,35.387703,0.0 -81.019109,35.388514,0.0 -81.019474,35.390421,0.0 -81.020502,35.390272,0.0 -81.02113,35.393401,0.0 -81.022935,35.393649,0.0 -81.02245,35.396345,0.0 -81.019212,35.39735,0.0 -81.02625,35.403732,0.0 -81.026241,35.404245,0.0 -81.030512,35.404393,0.0 -81.030401,35.40395,0.0 -81.031613,35.401438,0.0 -81.031615,35.395827,0.0 -81.032553,35.388444,0.0 -81.013492,35.377172,0.0 -81.014191,35.376663,0.0 -81.019854,35.373591,0.0 -81.023102,35.370301,0.0 -81.027324,35.369112,0.0 -81.028184,35.365467,0.0 -81.029655,35.364671,0.0 -81.032072,35.36603,0.0 -81.031429,35.367275,0.0 -81.033358,35.37158,0.0 -81.031315,35.375832,0.0 -81.031287,35.376588,0.0 -81.031762,35.376955,0.0 -81.035956,35.379017,0.0 -81.039395,35.381239,0.0 -81.042152,35.38469,0.0 -81.045448,35.381959,0.0 -81.046269,35.379763,0.0 -81.044184,35.379519,0.0 -81.044849,35.377855,0.0 -81.044406,35.376235,0.0 -81.046269,35.375725,0.0 -81.046402,35.374127,0.0 -81.047547,35.37604,0.0 -81.048646,35.375829,0.0 -81.048831,35.374027,0.0 -81.050033,35.370358,0.0 -81.048225,35.369854,0.0 -81.04863,35.368927,0.0 -81.048177,35.368701,0.0 -81.048898,35.368157,0.0 -81.050474,35.364092,0.0 -81.051907,35.364305,0.0 -81.071273,35.365147,0.0 -81.066891,35.364055,0.0 -81.065887,35.363049,0.0 -81.063236,35.362,0.0 -81.061561,35.362301,0.0 -81.057934,35.360451,0.0 -81.058132,35.358989,0.0 -81.056505,35.355308,0.0 -81.058345,35.3518,0.0 -81.061977,35.351785,0.0 -81.06529,35.353372,0.0 -81.074667,35.354379,0.0 -81.081469,35.354555,0.0 -81.082557,35.351241,0.0 -81.083931,35.35112,0.0 -81.084933,35.348387,0.0 -81.083461,35.348201,0.0 -81.08402,35.34621,0.0 -81.083546,35.345809,0.0 -81.081236,35.344204,0.0 -81.073672,35.34314,0.0 -81.075799,35.340679,0.0 -81.077543,35.341704,0.0 -81.078965,35.340069,0.0 -81.083491,35.342723,0.0 -81.083548,35.342657,0.0 -81.085286,35.34182,0.0 -81.086582,35.339843,0.0 -81.093123,35.341642,0.0 -81.092258,35.339677,0.0 -81.091565,35.336344,0.0 -81.092447,35.33606,0.0 -81.09928,35.341282,0.0 -81.107,35.338714,0.0 -81.108941,35.338367,0.0</coordinates>
</LinearRing>
</outerBoundaryIs>
<innerBoundaryIs>
<LinearRing>
<coordinates>-81.021368,35.3585,0.0 -81.025181,35.360375,0.0 -81.021358,35.362382,0.0 -81.021099,35.369848,0.0 -81.015773,35.37206,0.0 -81.017237,35.372657,0.0 -81.016714,35.374547,0.0 -81.014232,35.376178,0.0 -81.013097,35.376041,0.0 -81.013246,35.374242,0.0 -81.010891,35.374195,0.0 -81.010091,35.373206,0.0 -81.01021,35.371398,0.0 -81.008877,35.371779,0.0 -81.009258,35.364642,0.0 -81.004,35.364309,0.0 -81.003759,35.359513,0.0 -81.001111,35.359455,0.0 -81.001383,35.36024,0.0 -80.997272,35.360065,0.0 -80.999334,35.359118,0.0 -80.99952,35.357652,0.0 -81.000652,35.356769,0.0 -80.999043,35.356533,0.0 -80.993579,35.357228,0.0 -80.992784,35.354268,0.0 -80.995117,35.351372,0.0 -80.995739,35.349601,0.0 -80.995465,35.346472,0.0 -81.004644,35.343863,0.0 -81.012554,35.341867,0.0 -81.014697,35.342833,0.0 -81.014744,35.342864,0.0 -81.015701,35.343931,0.0 -81.01626,35.345076,0.0 -81.016396,35.345587,0.0 -81.01665,35.346542,0.0 -81.016699,35.348165,0.0 -81.016368,35.351054,0.0 -81.017988,35.35433,0.0 -81.021368,35.3585,0.0</coordinates>
</LinearRing>
</innerBoundaryIs>
</Polygon>
</Placemark><Placemark><name>28134 — Pineville, NC</name><description>Service ZIP: 28134. Census 2020 ZCTA boundary; approximate ZIP area.</description><styleUrl>#service-area</styleUrl><ExtendedData><Data name="ZIP"><value>28134</value></Data><Data name="Town"><value>Pineville</value></Data><Data name="State"><value>NC</value></Data></ExtendedData><Polygon>
<extrude>0</extrude>
<tessellate>1</tessellate>
<altitudeMode>clampToGround</altitudeMode>
<outerBoundaryIs>
<LinearRing>
<coordinates>-80.9154,35.105661,0.0 -80.9201233286038,35.0914080783671,0.0 -80.9067375247654,35.0769621388513,0.0 -80.906553,35.076763,0.0 -80.9064451658369,35.0766472671561,0.0 -80.9062325339665,35.0764190603398,0.0 -80.898065104052,35.0676533791896,0.0 -80.8925023476586,35.0616831597483,0.0 -80.884887,35.05351,0.0 -80.8848629313759,35.0534819452132,0.0 -80.881419215077,35.0494678924615,0.0 -80.8717574695196,35.0382060018252,0.0 -80.872564,35.041702,0.0 -80.87163,35.040711,0.0 -80.868869,35.039745,0.0 -80.868603,35.042289,0.0 -80.865549,35.042396,0.0 -80.864825,35.040078,0.0 -80.863533,35.040518,0.0 -80.861757,35.040543,0.0 -80.864927,35.043951,0.0 -80.864819,35.043981,0.0 -80.865082,35.044419,0.0 -80.866484,35.047828,0.0 -80.866825,35.048518,0.0 -80.868229,35.050247,0.0 -80.876063,35.058986,0.0 -80.876531,35.059977,0.0 -80.874528,35.060476,0.0 -80.870536,35.060577,0.0 -80.869653,35.062522,0.0 -80.872217,35.065623,0.0 -80.869436,35.066347,0.0 -80.867551,35.068566,0.0 -80.867353,35.070041,0.0 -80.873606,35.075915,0.0 -80.874325,35.076182,0.0 -80.874591,35.0761,0.0 -80.872503,35.080697,0.0 -80.871852,35.080521,0.0 -80.869673,35.084399,0.0 -80.868592,35.084944,0.0 -80.87008,35.086494,0.0 -80.870461,35.086886,0.0 -80.870721,35.087309,0.0 -80.870835,35.087926,0.0 -80.870727,35.088718,0.0 -80.870608,35.089328,0.0 -80.872757,35.089123,0.0 -80.874295,35.088531,0.0 -80.876019,35.096297,0.0 -80.876082,35.096445,0.0 -80.876549,35.09743,0.0 -80.877334,35.098647,0.0 -80.878673,35.100095,0.0 -80.880871,35.101757,0.0 -80.882883,35.102717,0.0 -80.882627,35.104865,0.0 -80.883331,35.110177,0.0 -80.883678,35.112813,0.0 -80.886886,35.112804,0.0 -80.890865,35.113678,0.0 -80.892875,35.113041,0.0 -80.893337,35.11129,0.0 -80.894856,35.110023,0.0 -80.895643,35.109539,0.0 -80.897904,35.111412,0.0 -80.899725,35.111259,0.0 -80.899421,35.111756,0.0 -80.901039,35.113489,0.0 -80.901926,35.114845,0.0 -80.904403,35.115087,0.0 -80.904677,35.11558,0.0 -80.903216,35.116888,0.0 -80.904713,35.118423,0.0 -80.908863,35.116311,0.0 -80.911712,35.114562,0.0 -80.912698,35.115543,0.0 -80.913506,35.115946,0.0 -80.914869,35.11375,0.0 -80.913743,35.11306,0.0 -80.915479,35.11125,0.0 -80.91242,35.110327,0.0 -80.90946,35.111037,0.0 -80.908223,35.108627,0.0 -80.91176,35.109506,0.0 -80.91588,35.109007,0.0 -80.915382,35.106509,0.0 -80.9154,35.105661,0.0</coordinates>
</LinearRing>
</outerBoundaryIs>
</Polygon>
</Placemark><Placemark><name>28144 — Salisbury, NC</name><description>Service ZIP: 28144. Census 2020 ZCTA boundary; approximate ZIP area.</description><styleUrl>#service-area</styleUrl><ExtendedData><Data name="ZIP"><value>28144</value></Data><Data name="Town"><value>Salisbury</value></Data><Data name="State"><value>NC</value></Data></ExtendedData><Polygon>
<extrude>0</extrude>
<tessellate>1</tessellate>
<altitudeMode>clampToGround</altitudeMode>
<outerBoundaryIs>
<LinearRing>
<coordinates>-80.512544,35.69445,0.0 -80.512681,35.693798,0.0 -80.512506,35.692813,0.0 -80.508786,35.686271,0.0 -80.50805,35.684176,0.0 -80.501663,35.682444,0.0 -80.498449,35.679495,0.0 -80.496426,35.678862,0.0 -80.496578,35.676904,0.0 -80.497172,35.675906,0.0 -80.502503,35.674595,0.0 -80.500695,35.672625,0.0 -80.500657,35.672581,0.0 -80.49982,35.671238,0.0 -80.499281,35.664478,0.0 -80.49933,35.664282,0.0 -80.500371,35.661938,0.0 -80.499342,35.661566,0.0 -80.499267,35.655536,0.0 -80.500216,35.655515,0.0 -80.49949,35.652819,0.0 -80.498001,35.650615,0.0 -80.498018,35.650604,0.0 -80.496688,35.649313,0.0 -80.49437,35.648002,0.0 -80.493522,35.649826,0.0 -80.489928,35.651763,0.0 -80.487299,35.652182,0.0 -80.4866,35.649214,0.0 -80.485844,35.648137,0.0 -80.486434,35.646563,0.0 -80.486345,35.644771,0.0 -80.480664,35.642482,0.0 -80.473131,35.64831,0.0 -80.473045,35.648614,0.0 -80.46421,35.654754,0.0 -80.459565,35.657583,0.0 -80.452205,35.661874,0.0 -80.447741,35.663928,0.0 -80.447085,35.664207,0.0 -80.433136,35.670229,0.0 -80.420137,35.675823,0.0 -80.415276,35.67792,0.0 -80.414142,35.678415,0.0 -80.409121,35.681731,0.0 -80.405057,35.686369,0.0 -80.402986,35.69026,0.0 -80.397796,35.705104,0.0 -80.396237,35.709066,0.0 -80.394658,35.71215,0.0 -80.392285,35.715997,0.0 -80.389581,35.719755,0.0 -80.390257,35.720363,0.0 -80.391414,35.722319,0.0 -80.393228,35.724239,0.0 -80.394589,35.724792,0.0 -80.398253,35.724899,0.0 -80.403285,35.722706,0.0 -80.407187,35.722024,0.0 -80.41021,35.721995,0.0 -80.414077,35.722588,0.0 -80.418132,35.72392,0.0 -80.422899,35.725869,0.0 -80.429978,35.72962,0.0 -80.436775,35.732176,0.0 -80.441995,35.734645,0.0 -80.443726,35.735124,0.0 -80.446857,35.735345,0.0 -80.450558,35.734378,0.0 -80.453409,35.734515,0.0 -80.455459,35.735919,0.0 -80.458923,35.742758,0.0 -80.460232,35.745519,0.0 -80.461415,35.749865,0.0 -80.462424,35.751402,0.0 -80.468511,35.756962,0.0 -80.469055,35.759266,0.0 -80.468856,35.761308,0.0 -80.470944,35.765742,0.0 -80.47182,35.768356,0.0 -80.474586,35.771812,0.0 -80.478299,35.774771,0.0 -80.483362,35.776311,0.0 -80.484775,35.775586,0.0 -80.486972,35.771662,0.0 -80.487164,35.770215,0.0 -80.4864,35.767083,0.0 -80.486886,35.766269,0.0 -80.487831,35.766607,0.0 -80.489637,35.769716,0.0 -80.490278,35.772793,0.0 -80.492001,35.776025,0.0 -80.491704,35.778247,0.0 -80.492602,35.779707,0.0 -80.495758,35.782288,0.0 -80.497393,35.782967,0.0 -80.500291,35.783453,0.0 -80.501692,35.783133,0.0 -80.503834,35.781338,0.0 -80.50634,35.778458,0.0 -80.50666,35.777701,0.0 -80.506454,35.777556,0.0 -80.505862,35.77875,0.0 -80.503185,35.781819,0.0 -80.501431,35.783047,0.0 -80.499233,35.783106,0.0 -80.49693,35.782601,0.0 -80.495088,35.781534,0.0 -80.492032,35.778696,0.0 -80.492058,35.775841,0.0 -80.490528,35.772921,0.0 -80.489511,35.768971,0.0 -80.487854,35.766276,0.0 -80.49263,35.76555,0.0 -80.498296,35.762723,0.0 -80.500203,35.762171,0.0 -80.50222,35.762584,0.0 -80.50601,35.764205,0.0 -80.507427,35.763775,0.0 -80.509896,35.761994,0.0 -80.510836,35.762065,0.0 -80.511281,35.757422,0.0 -80.510172,35.754242,0.0 -80.506989,35.751421,0.0 -80.50609,35.74796,0.0 -80.506556,35.745622,0.0 -80.501154,35.743916,0.0 -80.501501,35.740437,0.0 -80.501208,35.738368,0.0 -80.502484,35.737506,0.0 -80.49745,35.737592,0.0 -80.497552,35.73492,0.0 -80.500196,35.734931,0.0 -80.499696,35.733539,0.0 -80.502672,35.732887,0.0 -80.502508,35.732502,0.0 -80.5015,35.729187,0.0 -80.499086,35.721659,0.0 -80.498921,35.721249,0.0 -80.495939,35.721102,0.0 -80.494619,35.719328,0.0 -80.491473,35.718047,0.0 -80.491762,35.717059,0.0 -80.495195,35.715835,0.0 -80.490385,35.711002,0.0 -80.496329,35.708899,0.0 -80.497467,35.708422,0.0 -80.498884,35.707631,0.0 -80.5004,35.706508,0.0 -80.505668,35.701205,0.0 -80.506008,35.70086,0.0 -80.508956,35.697863,0.0 -80.509515,35.697295,0.0 -80.511988,35.695234,0.0 -80.512521,35.694501,0.0 -80.512544,35.69445,0.0</coordinates>
</LinearRing>
</outerBoundaryIs>
<innerBoundaryIs>
<LinearRing>
<coordinates>-80.451818,35.683617,0.0 -80.452968,35.685783,0.0 -80.451336,35.686638,0.0 -80.449755,35.692454,0.0 -80.448736,35.693281,0.0 -80.448202,35.694157,0.0 -80.447885,35.694724,0.0 -80.447424,35.695734,0.0 -80.447379,35.695974,0.0 -80.446415,35.697732,0.0 -80.444097,35.701005,0.0 -80.441734,35.701618,0.0 -80.441193,35.701932,0.0 -80.439854,35.703267,0.0 -80.437837,35.704583,0.0 -80.436278,35.707257,0.0 -80.43134,35.709141,0.0 -80.431224,35.711351,0.0 -80.429848,35.712251,0.0 -80.429114,35.71117,0.0 -80.431018,35.709328,0.0 -80.431999,35.706612,0.0 -80.431793,35.702414,0.0 -80.427111,35.704296,0.0 -80.424327,35.704909,0.0 -80.418447,35.70214,0.0 -80.417819,35.701982,0.0 -80.416512,35.703771,0.0 -80.415565,35.702942,0.0 -80.413973,35.704804,0.0 -80.412499,35.703552,0.0 -80.417233,35.698325,0.0 -80.419434,35.695964,0.0 -80.423863,35.691073,0.0 -80.424979,35.690044,0.0 -80.425946,35.689307,0.0 -80.428671,35.687783,0.0 -80.441165,35.681302,0.0 -80.447339,35.678128,0.0 -80.447379,35.678187,0.0 -80.448815,35.680948,0.0 -80.449454,35.682118,0.0 -80.449266,35.683567,0.0 -80.450071,35.683274,0.0 -80.451818,35.683617,0.0</coordinates>
</LinearRing>
</innerBoundaryIs>
<innerBoundaryIs>
<LinearRing>
<coordinates>-80.437378,35.679267,0.0 -80.439304,35.680679,0.0 -80.435028,35.682897,0.0 -80.434599,35.683994,0.0 -80.433439,35.682674,0.0 -80.435902,35.680968,0.0 -80.435701,35.679639,0.0 -80.434148,35.678416,0.0 -80.43644,35.677115,0.0 -80.437643,35.678616,0.0 -80.437872,35.678883,0.0 -80.43794,35.678951,0.0 -80.437378,35.679267,0.0</coordinates>
</LinearRing>
</innerBoundaryIs>
</Polygon>
</Placemark><Placemark><name>28146 — Salisbury, NC</name><description>Service ZIP: 28146. Census 2020 ZCTA boundary; approximate ZIP area.</description><styleUrl>#service-area</styleUrl><ExtendedData><Data name="ZIP"><value>28146</value></Data><Data name="Town"><value>Salisbury</value></Data><Data name="State"><value>NC</value></Data></ExtendedData><Polygon>
<extrude>0</extrude>
<tessellate>1</tessellate>
<altitudeMode>clampToGround</altitudeMode>
<outerBoundaryIs>
<LinearRing>
<coordinates>-80.549374,35.582299,0.0 -80.549529,35.581096,0.0 -80.548514,35.579338,0.0 -80.546173,35.578414,0.0 -80.544088,35.575814,0.0 -80.541021,35.573411,0.0 -80.53911,35.572459,0.0 -80.534569,35.571035,0.0 -80.533775,35.56969,0.0 -80.533532,35.57474,0.0 -80.532827,35.574142,0.0 -80.532993,35.570504,0.0 -80.527752,35.57018,0.0 -80.527727,35.56915,0.0 -80.529513,35.565404,0.0 -80.520784,35.563577,0.0 -80.520726,35.565404,0.0 -80.519809,35.565364,0.0 -80.519923,35.562404,0.0 -80.516423,35.562164,0.0 -80.516495,35.560939,0.0 -80.517881,35.560323,0.0 -80.52091,35.56111,0.0 -80.521034,35.55778,0.0 -80.526696,35.557968,0.0 -80.529185,35.555944,0.0 -80.529339,35.552477,0.0 -80.526885,35.552306,0.0 -80.526988,35.54781,0.0 -80.524283,35.547677,0.0 -80.519267,35.548338,0.0 -80.509822,35.545408,0.0 -80.509285,35.547582,0.0 -80.505745,35.550484,0.0 -80.505327,35.55084,0.0 -80.501229,35.553526,0.0 -80.503101,35.553908,0.0 -80.502568,35.556839,0.0 -80.505103,35.557331,0.0 -80.503249,35.560811,0.0 -80.499645,35.560126,0.0 -80.496223,35.56059,0.0 -80.495538,35.562305,0.0 -80.495462,35.563043,0.0 -80.491857,35.561947,0.0 -80.486747,35.56158,0.0 -80.486751,35.556867,0.0 -80.486098,35.551755,0.0 -80.483631,35.551583,0.0 -80.483115,35.548804,0.0 -80.48427,35.547556,0.0 -80.487829,35.547779,0.0 -80.488053,35.546382,0.0 -80.486749,35.546363,0.0 -80.486786,35.544698,0.0 -80.488668,35.544705,0.0 -80.48932,35.543642,0.0 -80.490643,35.544462,0.0 -80.492376,35.544444,0.0 -80.495674,35.546959,0.0 -80.495637,35.548021,0.0 -80.498961,35.54786,0.0 -80.499079,35.548912,0.0 -80.500416,35.547881,0.0 -80.49676,35.54403,0.0 -80.496016,35.539194,0.0 -80.493211,35.533361,0.0 -80.488887,35.533537,0.0 -80.489457,35.53286,0.0 -80.489884,35.528603,0.0 -80.484879,35.5283,0.0 -80.4839,35.535499,0.0 -80.484257,35.536921,0.0 -80.479818,35.53559,0.0 -80.476935,35.533934,0.0 -80.471816,35.534232,0.0 -80.470372,35.533944,0.0 -80.468194,35.531148,0.0 -80.463851,35.531352,0.0 -80.462825,35.532179,0.0 -80.462092,35.530543,0.0 -80.459924,35.530021,0.0 -80.458916,35.530122,0.0 -80.457221,35.531412,0.0 -80.456711,35.531688,0.0 -80.456499,35.531824,0.0 -80.458855,35.532881,0.0 -80.459802,35.532964,0.0 -80.459578,35.538286,0.0 -80.462399,35.538527,0.0 -80.466642,35.535384,0.0 -80.468845,35.536554,0.0 -80.470634,35.536462,0.0 -80.470313,35.538183,0.0 -80.476001,35.538848,0.0 -80.477125,35.541967,0.0 -80.47921,35.543287,0.0 -80.471365,35.548594,0.0 -80.476558,35.550293,0.0 -80.481226,35.551346,0.0 -80.480997,35.55274,0.0 -80.479652,35.55253,0.0 -80.478816,35.554021,0.0 -80.472331,35.554178,0.0 -80.469271,35.554073,0.0 -80.469271,35.553158,0.0 -80.464949,35.553018,0.0 -80.463385,35.554328,0.0 -80.461144,35.554652,0.0 -80.459108,35.553751,0.0 -80.458623,35.551947,0.0 -80.45875,35.548919,0.0 -80.455865,35.548443,0.0 -80.45378,35.54418,0.0 -80.453666,35.541274,0.0 -80.448757,35.535866,0.0 -80.451091,35.541661,0.0 -80.451599,35.5472,0.0 -80.452555,35.547913,0.0 -80.452275,35.548899,0.0 -80.450685,35.548784,0.0 -80.450469,35.551082,0.0 -80.453316,35.55153,0.0 -80.453128,35.553308,0.0 -80.455588,35.553572,0.0 -80.455253,35.554956,0.0 -80.453417,35.554666,0.0 -80.453163,35.556941,0.0 -80.450169,35.556989,0.0 -80.447168,35.558291,0.0 -80.442664,35.558509,0.0 -80.444307,35.560743,0.0 -80.44534,35.56117,0.0 -80.44525,35.56418,0.0 -80.444639,35.56825,0.0 -80.446276,35.568488,0.0 -80.437748,35.575636,0.0 -80.433644,35.576022,0.0 -80.433454,35.574124,0.0 -80.429828,35.574222,0.0 -80.430168,35.56929,0.0 -80.424182,35.570136,0.0 -80.421662,35.573636,0.0 -80.419738,35.575422,0.0 -80.41817,35.577269,0.0 -80.416229,35.576654,0.0 -80.414948,35.578276,0.0 -80.413375,35.577412,0.0 -80.409937,35.574712,0.0 -80.407365,35.571499,0.0 -80.403839,35.569746,0.0 -80.400724,35.566666,0.0 -80.397923,35.567636,0.0 -80.394381,35.567317,0.0 -80.394809,35.563764,0.0 -80.398418,35.563872,0.0 -80.397035,35.561856,0.0 -80.394221,35.563691,0.0 -80.389904,35.563558,0.0 -80.384866,35.563888,0.0 -80.384725,35.563918,0.0 -80.383309,35.565066,0.0 -80.381924,35.566367,0.0 -80.378934,35.566453,0.0 -80.375835,35.564997,0.0 -80.37408,35.565641,0.0 -80.369483,35.563973,0.0 -80.366599,35.565652,0.0 -80.365223,35.564511,0.0 -80.36351,35.565454,0.0 -80.361195,35.563549,0.0 -80.357509,35.563917,0.0 -80.356406,35.564995,0.0 -80.356083,35.564736,0.0 -80.353881,35.565533,0.0 -80.35445,35.567124,0.0 -80.353125,35.568332,0.0 -80.35357,35.569756,0.0 -80.35238,35.571515,0.0 -80.353464,35.574088,0.0 -80.352422,35.576479,0.0 -80.353808,35.580298,0.0 -80.351248,35.583052,0.0 -80.351442,35.587114,0.0 -80.350454,35.588689,0.0 -80.348842,35.588191,0.0 -80.339345,35.583141,0.0 -80.34197,35.580924,0.0 -80.342815,35.580761,0.0 -80.33959,35.578677,0.0 -80.338617,35.579963,0.0 -80.336337,35.580985,0.0 -80.336014,35.581526,0.0 -80.335374,35.581224,0.0 -80.335128,35.582012,0.0 -80.330659,35.581375,0.0 -80.329401,35.581898,0.0 -80.327149,35.58416,0.0 -80.327149,35.584886,0.0 -80.323456,35.584483,0.0 -80.323173,35.585451,0.0 -80.319561,35.58535,0.0 -80.31902,35.584872,0.0 -80.320682,35.581448,0.0 -80.320231,35.579953,0.0 -80.321347,35.578607,0.0 -80.321549,35.575661,0.0 -80.320938,35.575383,0.0 -80.320309,35.578197,0.0 -80.318796,35.581254,0.0 -80.314456,35.581321,0.0 -80.312566,35.58393,0.0 -80.310438,35.58437,0.0 -80.306553,35.583601,0.0 -80.300148,35.583486,0.0 -80.293797,35.586175,0.0 -80.289465,35.586029,0.0 -80.290559,35.585149,0.0 -80.292422,35.585228,0.0 -80.294812,35.582167,0.0 -80.28535,35.577604,0.0 -80.286274,35.576439,0.0 -80.286876,35.569573,0.0 -80.282058,35.568891,0.0 -80.277079,35.569051,0.0 -80.274108,35.568248,0.0 -80.273947,35.575998,0.0 -80.276597,35.576118,0.0 -80.275995,35.578314,0.0 -80.27202,35.578166,0.0 -80.271458,35.57929,0.0 -80.271338,35.583104,0.0 -80.266239,35.583626,0.0 -80.260392,35.583133,0.0 -80.260164,35.585195,0.0 -80.260941,35.586785,0.0 -80.263142,35.588914,0.0 -80.267041,35.589877,0.0 -80.273221,35.590059,0.0 -80.276241,35.591988,0.0 -80.273315,35.592066,0.0 -80.270196,35.594161,0.0 -80.26808,35.593893,0.0 -80.267002,35.59535,0.0 -80.262226,35.597913,0.0 -80.257065,35.601796,0.0 -80.241425,35.612318,0.0 -80.243447,35.61443,0.0 -80.250211,35.619453,0.0 -80.25546,35.621717,0.0 -80.257109,35.622868,0.0 -80.25901,35.625258,0.0 -80.264975,35.629598,0.0 -80.268724,35.630983,0.0 -80.278859,35.632363,0.0 -80.283678,35.633345,0.0 -80.288293,35.635337,0.0 -80.289994,35.636757,0.0 -80.291379,35.638479,0.0 -80.293196,35.64238,0.0 -80.29933,35.649144,0.0 -80.303102,35.651825,0.0 -80.303655,35.652379,0.0 -80.304621,35.65354,0.0 -80.306308,35.657001,0.0 -80.306716,35.659754,0.0 -80.306568,35.663277,0.0 -80.307258,35.665678,0.0 -80.311516,35.669397,0.0 -80.31483,35.671665,0.0 -80.317766,35.672681,0.0 -80.324034,35.674058,0.0 -80.326971,35.675459,0.0 -80.330602,35.678799,0.0 -80.333317,35.683563,0.0 -80.334509,35.689735,0.0 -80.33444,35.692112,0.0 -80.333669,35.694545,0.0 -80.331954,35.69728,0.0 -80.330436,35.698864,0.0 -80.327686,35.700946,0.0 -80.324841,35.703707,0.0 -80.324114,35.705824,0.0 -80.324276,35.70812,0.0 -80.325887,35.711941,0.0 -80.329787,35.715413,0.0 -80.332379,35.718873,0.0 -80.333789,35.720033,0.0 -80.336292,35.721101,0.0 -80.340098,35.721343,0.0 -80.342215,35.721103,0.0 -80.346804,35.720019,0.0 -80.351644,35.719242,0.0 -80.357937,35.717671,0.0 -80.363812,35.717321,0.0 -80.368733,35.716106,0.0 -80.372763,35.716502,0.0 -80.382454,35.719835,0.0 -80.384952,35.718971,0.0 -80.389581,35.719755,0.0 -80.392285,35.715997,0.0 -80.394658,35.71215,0.0 -80.396237,35.709066,0.0 -80.397796,35.705104,0.0 -80.402986,35.69026,0.0 -80.405057,35.686369,0.0 -80.409121,35.681731,0.0 -80.414142,35.678415,0.0 -80.415276,35.67792,0.0 -80.420137,35.675823,0.0 -80.433136,35.670229,0.0 -80.447085,35.664207,0.0 -80.447741,35.663928,0.0 -80.452205,35.661874,0.0 -80.459565,35.657583,0.0 -80.46421,35.654754,0.0 -80.473045,35.648614,0.0 -80.473131,35.64831,0.0 -80.480664,35.642482,0.0 -80.483834,35.639843,0.0 -80.485262,35.638626,0.0 -80.486094,35.637931,0.0 -80.486262,35.638092,0.0 -80.487814,35.63697,0.0 -80.488145,35.636732,0.0 -80.48853,35.636532,0.0 -80.489038,35.636343,0.0 -80.490859,35.635829,0.0 -80.492418,35.637805,0.0 -80.493679,35.632729,0.0 -80.495143,35.630351,0.0 -80.518084,35.611088,0.0 -80.531736,35.599613,0.0 -80.544421,35.588949,0.0 -80.545561,35.587986,0.0 -80.544088,35.587217,0.0 -80.544033,35.586934,0.0 -80.545049,35.58712,0.0 -80.54644,35.585142,0.0 -80.549374,35.582299,0.0</coordinates>
</LinearRing>
</outerBoundaryIs>
<innerBoundaryIs>
<LinearRing>
<coordinates>-80.466125,35.586758,0.0 -80.466091,35.588122,0.0 -80.463179,35.588038,0.0 -80.463416,35.588708,0.0 -80.460365,35.58901,0.0 -80.460009,35.587654,0.0 -80.459468,35.5865,0.0 -80.462363,35.585806,0.0 -80.462731,35.586772,0.0 -80.466125,35.586758,0.0</coordinates>
</LinearRing>
</innerBoundaryIs>
<innerBoundaryIs>
<LinearRing>
<coordinates>-80.4555,35.616012,0.0 -80.455384,35.616556,0.0 -80.455277,35.617863,0.0 -80.454006,35.618868,0.0 -80.455271,35.62309,0.0 -80.454418,35.623644,0.0 -80.45433,35.623486,0.0 -80.454158,35.623182,0.0 -80.452793,35.620601,0.0 -80.452454,35.619758,0.0 -80.451767,35.619907,0.0 -80.449415,35.615621,0.0 -80.4497,35.618706,0.0 -80.447709,35.619706,0.0 -80.447159,35.622193,0.0 -80.446039,35.621537,0.0 -80.445275,35.621427,0.0 -80.444161,35.62145,0.0 -80.443459,35.62108,0.0 -80.442039,35.621277,0.0 -80.441416,35.62106,0.0 -80.440577,35.621044,0.0 -80.440585,35.617949,0.0 -80.438038,35.617858,0.0 -80.437485,35.61786,0.0 -80.437506,35.616766,0.0 -80.439541,35.616496,0.0 -80.438938,35.613434,0.0 -80.437581,35.613038,0.0 -80.436256,35.61351,0.0 -80.435173,35.614351,0.0 -80.434689,35.611209,0.0 -80.430772,35.611108,0.0 -80.431122,35.60873,0.0 -80.430777,35.608408,0.0 -80.42647,35.608124,0.0 -80.426488,35.607827,0.0 -80.428881,35.607875,0.0 -80.429933,35.607623,0.0 -80.433319,35.607015,0.0 -80.434139,35.605493,0.0 -80.4342,35.604967,0.0 -80.434083,35.604397,0.0 -80.433847,35.603915,0.0 -80.433056,35.603044,0.0 -80.430297,35.60089,0.0 -80.430935,35.600122,0.0 -80.431827,35.600575,0.0 -80.435983,35.602938,0.0 -80.438181,35.604641,0.0 -80.442079,35.610409,0.0 -80.445397,35.612438,0.0 -80.446474,35.61321,0.0 -80.447466,35.612293,0.0 -80.449356,35.61383,0.0 -80.451854,35.611701,0.0 -80.454543,35.613647,0.0 -80.4555,35.616012,0.0</coordinates>
</LinearRing>
</innerBoundaryIs>
</Polygon>
</Placemark><Placemark><name>28150 — Shelby, NC (part 1)</name><description>Service ZIP: 28150. Census 2020 ZCTA boundary; approximate ZIP area.</description><styleUrl>#service-area</styleUrl><ExtendedData><Data name="ZIP"><value>28150</value></Data><Data name="Town"><value>Shelby</value></Data><Data name="State"><value>NC</value></Data></ExtendedData><Polygon>
<extrude>0</extrude>
<tessellate>1</tessellate>
<altitudeMode>clampToGround</altitudeMode>
<outerBoundaryIs>
<LinearRing>
<coordinates>-81.439207,35.375167,0.0 -81.437189,35.371676,0.0 -81.434045,35.370029,0.0 -81.432323,35.368503,0.0 -81.430974,35.367352,0.0 -81.43037,35.367966,0.0 -81.430379,35.36913,0.0 -81.430294,35.371641,0.0 -81.431325,35.373061,0.0 -81.427341,35.372853,0.0 -81.427457,35.368917,0.0 -81.427372,35.370512,0.0 -81.418242,35.372139,0.0 -81.418212,35.374309,0.0 -81.421135,35.374399,0.0 -81.422009,35.376478,0.0 -81.422822,35.376539,0.0 -81.425263,35.378588,0.0 -81.4246,35.375574,0.0 -81.426313,35.376502,0.0 -81.426408,35.378105,0.0 -81.430566,35.378618,0.0 -81.430687,35.376629,0.0 -81.435086,35.376749,0.0 -81.435176,35.375363,0.0 -81.439207,35.375167,0.0</coordinates>
</LinearRing>
</outerBoundaryIs>
</Polygon>
</Placemark><Placemark><name>28150 — Shelby, NC (part 2)</name><description>Service ZIP: 28150. Census 2020 ZCTA boundary; approximate ZIP area.</description><styleUrl>#service-area</styleUrl><ExtendedData><Data name="ZIP"><value>28150</value></Data><Data name="Town"><value>Shelby</value></Data><Data name="State"><value>NC</value></Data></ExtendedData><Polygon>
<extrude>0</extrude>
<tessellate>1</tessellate>
<altitudeMode>clampToGround</altitudeMode>
<outerBoundaryIs>
<LinearRing>
<coordinates>-81.710008,35.389312,0.0 -81.707824,35.387121,0.0 -81.704077,35.387203,0.0 -81.703002,35.385752,0.0 -81.701537,35.386744,0.0 -81.701963,35.376561,0.0 -81.702853,35.357304,0.0 -81.707302,35.346602,0.0 -81.703907,35.342887,0.0 -81.701637,35.34328,0.0 -81.703874,35.339047,0.0 -81.703608,35.335471,0.0 -81.702268,35.335446,0.0 -81.699476,35.336136,0.0 -81.700798,35.333436,0.0 -81.699729,35.331259,0.0 -81.6983,35.331143,0.0 -81.698352,35.32979,0.0 -81.696279,35.33004,0.0 -81.695213,35.328665,0.0 -81.695459,35.32706,0.0 -81.692965,35.325569,0.0 -81.692291,35.324308,0.0 -81.69446,35.321236,0.0 -81.696133,35.320386,0.0 -81.696603,35.318828,0.0 -81.69492,35.316786,0.0 -81.694891,35.315046,0.0 -81.69313,35.313076,0.0 -81.692599,35.310763,0.0 -81.689638,35.311221,0.0 -81.688789,35.309713,0.0 -81.689638,35.308221,0.0 -81.684915,35.304259,0.0 -81.685447,35.302198,0.0 -81.682569,35.300205,0.0 -81.682581,35.298556,0.0 -81.68002,35.297667,0.0 -81.678782,35.297337,0.0 -81.677669,35.297083,0.0 -81.676011,35.296787,0.0 -81.662927,35.296281,0.0 -81.662185,35.296163,0.0 -81.655269,35.293759,0.0 -81.654236,35.296168,0.0 -81.645842,35.2932,0.0 -81.645931,35.2954,0.0 -81.647005,35.297657,0.0 -81.641879,35.298381,0.0 -81.641989,35.296603,0.0 -81.638044,35.296409,0.0 -81.637785,35.295164,0.0 -81.640372,35.293434,0.0 -81.638741,35.29208,0.0 -81.638203,35.292285,0.0 -81.634698,35.292149,0.0 -81.634945,35.291163,0.0 -81.630454,35.291899,0.0 -81.631035,35.292757,0.0 -81.626298,35.294739,0.0 -81.624822,35.295704,0.0 -81.619816,35.297458,0.0 -81.619868,35.294471,0.0 -81.617682,35.295461,0.0 -81.616108,35.294482,0.0 -81.615422,35.294575,0.0 -81.614587,35.294595,0.0 -81.607421,35.293559,0.0 -81.60628,35.293368,0.0 -81.605778,35.295026,0.0 -81.599058,35.294784,0.0 -81.599718,35.293469,0.0 -81.598212,35.293559,0.0 -81.580657,35.294608,0.0 -81.58052,35.294437,0.0 -81.577371,35.293114,0.0 -81.578215,35.292017,0.0 -81.580854,35.291701,0.0 -81.579133,35.290173,0.0 -81.580148,35.288642,0.0 -81.57751,35.286956,0.0 -81.580433,35.284513,0.0 -81.580664,35.282982,0.0 -81.579993,35.282753,0.0 -81.577871,35.28296,0.0 -81.576156,35.284573,0.0 -81.575954,35.285954,0.0 -81.573311,35.288787,0.0 -81.570658,35.294579,0.0 -81.570653,35.294756,0.0 -81.568614,35.294497,0.0 -81.56798,35.294303,0.0 -81.563719,35.29028,0.0 -81.561563,35.289497,0.0 -81.560325,35.287782,0.0 -81.558341,35.287769,0.0 -81.558521,35.284636,0.0 -81.555325,35.282852,0.0 -81.549586,35.281226,0.0 -81.549158,35.282294,0.0 -81.542757,35.280572,0.0 -81.542657,35.27893,0.0 -81.542143,35.279543,0.0 -81.538282,35.278195,0.0 -81.537914,35.279023,0.0 -81.536726,35.277526,0.0 -81.53195,35.275436,0.0 -81.532339,35.278664,0.0 -81.530451,35.279663,0.0 -81.528119,35.277469,0.0 -81.525353,35.277451,0.0 -81.525004,35.276362,0.0 -81.523717,35.276629,0.0 -81.523679,35.277824,0.0 -81.52015,35.278393,0.0 -81.520071,35.27957,0.0 -81.518289,35.279949,0.0 -81.516906,35.277847,0.0 -81.518189,35.277434,0.0 -81.518995,35.275387,0.0 -81.517135,35.27463,0.0 -81.51477,35.274654,0.0 -81.514787,35.273426,0.0 -81.502889,35.273522,0.0 -81.501418,35.274242,0.0 -81.49859,35.274387,0.0 -81.496454,35.275496,0.0 -81.494463,35.277661,0.0 -81.491758,35.283667,0.0 -81.490993,35.286221,0.0 -81.490963,35.290557,0.0 -81.489564,35.293198,0.0 -81.484114,35.294157,0.0 -81.480146,35.293079,0.0 -81.478911,35.292729,0.0 -81.47883,35.292693,0.0 -81.4771,35.291719,0.0 -81.475893,35.290997,0.0 -81.473855,35.289585,0.0 -81.46958,35.285262,0.0 -81.467446,35.283631,0.0 -81.467898,35.283443,0.0 -81.468221,35.281817,0.0 -81.465095,35.279849,0.0 -81.467766,35.278532,0.0 -81.466872,35.276872,0.0 -81.457669,35.271321,0.0 -81.456665,35.273958,0.0 -81.456342,35.274452,0.0 -81.456264,35.27457,0.0 -81.455855,35.275189,0.0 -81.456998,35.27632,0.0 -81.456216,35.276618,0.0 -81.453228,35.276505,0.0 -81.452529,35.274673,0.0 -81.450993,35.274833,0.0 -81.451105,35.276734,0.0 -81.44834,35.276757,0.0 -81.448341,35.278868,0.0 -81.448341,35.27907,0.0 -81.448201,35.279254,0.0 -81.448201,35.279437,0.0 -81.44876,35.279941,0.0 -81.448453,35.280468,0.0 -81.447786,35.280482,0.0 -81.449346,35.281361,0.0 -81.449598,35.282506,0.0 -81.453871,35.282757,0.0 -81.454095,35.283559,0.0 -81.451274,35.283216,0.0 -81.449263,35.283628,0.0 -81.45147,35.284155,0.0 -81.450073,35.286262,0.0 -81.448146,35.285781,0.0 -81.446107,35.286881,0.0 -81.448789,35.287041,0.0 -81.449376,35.288484,0.0 -81.447895,35.288301,0.0 -81.447867,35.289423,0.0 -81.445381,35.290729,0.0 -81.449376,35.290156,0.0 -81.447281,35.292034,0.0 -81.44879,35.292561,0.0 -81.448455,35.294439,0.0 -81.447337,35.294485,0.0 -81.447645,35.297164,0.0 -81.44555,35.295538,0.0 -81.446164,35.297256,0.0 -81.441498,35.29885,0.0 -81.439906,35.300173,0.0 -81.437138,35.300064,0.0 -81.434571,35.303243,0.0 -81.432736,35.305067,0.0 -81.429284,35.301296,0.0 -81.428269,35.29596,0.0 -81.427282,35.296032,0.0 -81.424749,35.298466,0.0 -81.425066,35.301703,0.0 -81.421949,35.302171,0.0 -81.416829,35.306996,0.0 -81.416031,35.308689,0.0 -81.416408,35.313105,0.0 -81.415765,35.315784,0.0 -81.417748,35.319724,0.0 -81.417356,35.320297,0.0 -81.413863,35.321876,0.0 -81.412268,35.328289,0.0 -81.414364,35.329686,0.0 -81.411932,35.330923,0.0 -81.412966,35.333099,0.0 -81.410562,35.334953,0.0 -81.409567,35.338092,0.0 -81.41023,35.338176,0.0 -81.416215,35.344938,0.0 -81.419382,35.343856,0.0 -81.419569,35.345261,0.0 -81.419056,35.34706,0.0 -81.412664,35.346998,0.0 -81.409069,35.349003,0.0 -81.407367,35.349356,0.0 -81.410032,35.352903,0.0 -81.411696,35.356761,0.0 -81.412187,35.360366,0.0 -81.413966,35.363169,0.0 -81.413905,35.363962,0.0 -81.419869,35.359863,0.0 -81.420643,35.358022,0.0 -81.422891,35.356038,0.0 -81.425381,35.354767,0.0 -81.42841,35.354344,0.0 -81.430814,35.352751,0.0 -81.42937,35.350988,0.0 -81.425205,35.349087,0.0 -81.425849,35.342484,0.0 -81.42697,35.34127,0.0 -81.427723,35.33504,0.0 -81.430546,35.330155,0.0 -81.434291,35.32715,0.0 -81.436638,35.326347,0.0 -81.440439,35.327672,0.0 -81.439433,35.324511,0.0 -81.440355,35.322908,0.0 -81.440075,35.31945,0.0 -81.442115,35.317686,0.0 -81.442003,35.316403,0.0 -81.438796,35.314794,0.0 -81.440718,35.313655,0.0 -81.442115,35.311502,0.0 -81.437805,35.309522,0.0 -81.438722,35.308779,0.0 -81.44063,35.309956,0.0 -81.443152,35.309619,0.0 -81.445125,35.30827,0.0 -81.444697,35.307,0.0 -81.446858,35.307717,0.0 -81.445246,35.305038,0.0 -81.446998,35.30521,0.0 -81.447227,35.304309,0.0 -81.447889,35.304151,0.0 -81.450238,35.300336,0.0 -81.45369,35.301878,0.0 -81.456027,35.301892,0.0 -81.461858,35.30596,0.0 -81.467248,35.306601,0.0 -81.468789,35.30893,0.0 -81.470787,35.310727,0.0 -81.468226,35.315801,0.0 -81.468729,35.317132,0.0 -81.470601,35.317606,0.0 -81.470946,35.319365,0.0 -81.472827,35.32121,0.0 -81.472719,35.322759,0.0 -81.473341,35.323534,0.0 -81.473152,35.323789,0.0 -81.471172,35.326603,0.0 -81.46121,35.336543,0.0 -81.460408,35.339067,0.0 -81.460261,35.34081,0.0 -81.462753,35.34113,0.0 -81.4663,35.340835,0.0 -81.469336,35.342085,0.0 -81.469867,35.344004,0.0 -81.474042,35.345659,0.0 -81.459398,35.345775,0.0 -81.458348,35.347694,0.0 -81.455278,35.349776,0.0 -81.463138,35.354064,0.0 -81.462072,35.355213,0.0 -81.462904,35.356356,0.0 -81.461632,35.359041,0.0 -81.466088,35.362944,0.0 -81.4688,35.363419,0.0 -81.47189,35.36327,0.0 -81.470554,35.364184,0.0 -81.466111,35.364128,0.0 -81.463401,35.366002,0.0 -81.462121,35.371105,0.0 -81.461423,35.372102,0.0 -81.461515,35.375373,0.0 -81.458078,35.375427,0.0 -81.453087,35.374619,0.0 -81.443918,35.375578,0.0 -81.441028,35.376596,0.0 -81.44295,35.378933,0.0 -81.444246,35.381955,0.0 -81.449068,35.386488,0.0 -81.452825,35.392582,0.0 -81.457226,35.390599,0.0 -81.459907,35.388855,0.0 -81.465456,35.390401,0.0 -81.467986,35.3931,0.0 -81.47197,35.391969,0.0 -81.474568,35.389163,0.0 -81.476919,35.388892,0.0 -81.481253,35.390395,0.0 -81.48506,35.390116,0.0 -81.487417,35.394062,0.0 -81.487811,35.396377,0.0 -81.490698,35.399791,0.0 -81.491288,35.402656,0.0 -81.494368,35.404925,0.0 -81.495996,35.408134,0.0 -81.498238,35.411481,0.0 -81.499221,35.4148,0.0 -81.499307,35.417591,0.0 -81.50161,35.416816,0.0 -81.50239,35.416825,0.0 -81.502333,35.418034,0.0 -81.503245,35.417899,0.0 -81.510337,35.418043,0.0 -81.510953,35.418049,0.0 -81.512826,35.41359,0.0 -81.516127,35.411895,0.0 -81.518672,35.411965,0.0 -81.519624,35.410866,0.0 -81.519876,35.408118,0.0 -81.521921,35.402667,0.0 -81.521307,35.400835,0.0 -81.52156,35.397629,0.0 -81.521142,35.395178,0.0 -81.524118,35.393652,0.0 -81.522063,35.393546,0.0 -81.522951,35.389345,0.0 -81.519585,35.388381,0.0 -81.514825,35.385405,0.0 -81.51396,35.386087,0.0 -81.504882,35.382391,0.0 -81.504541,35.378209,0.0 -81.50442,35.376731,0.0 -81.508419,35.376075,0.0 -81.510842,35.381019,0.0 -81.510235,35.382531,0.0 -81.512152,35.383728,0.0 -81.51373,35.381473,0.0 -81.516629,35.381878,0.0 -81.516878,35.380943,0.0 -81.5247,35.38702,0.0 -81.526633,35.386459,0.0 -81.530279,35.38674,0.0 -81.530404,35.385337,0.0 -81.532272,35.385061,0.0 -81.532924,35.388311,0.0 -81.534775,35.389467,0.0 -81.53634,35.38964,0.0 -81.542085,35.39567,0.0 -81.543824,35.399805,0.0 -81.54581,35.399073,0.0 -81.546622,35.396372,0.0 -81.547629,35.395501,0.0 -81.548329,35.393349,0.0 -81.545588,35.389319,0.0 -81.547882,35.389045,0.0 -81.54844,35.384802,0.0 -81.549534,35.38322,0.0 -81.548914,35.382146,0.0 -81.552863,35.3785,0.0 -81.554339,35.378161,0.0 -81.559763,35.378829,0.0 -81.559027,35.374876,0.0 -81.559753,35.37467,0.0 -81.560889,35.374529,0.0 -81.561476,35.374552,0.0 -81.562175,35.374659,0.0 -81.563294,35.374598,0.0 -81.564076,35.374346,0.0 -81.564371,35.374051,0.0 -81.564763,35.37366,0.0 -81.56648,35.373201,0.0 -81.569892,35.372294,0.0 -81.572498,35.372647,0.0 -81.573566,35.373914,0.0 -81.575689,35.374013,0.0 -81.575814,35.372393,0.0 -81.581697,35.373179,0.0 -81.58011,35.375928,0.0 -81.580992,35.375668,0.0 -81.585916,35.376435,0.0 -81.588789,35.376981,0.0 -81.591297,35.379731,0.0 -81.594689,35.380628,0.0 -81.596427,35.380344,0.0 -81.5964,35.381592,0.0 -81.597866,35.385886,0.0 -81.597103,35.390386,0.0 -81.601136,35.392452,0.0 -81.604456,35.392114,0.0 -81.615648,35.389754,0.0 -81.615207,35.390847,0.0 -81.614906,35.397646,0.0 -81.623074,35.39934,0.0 -81.623785,35.401646,0.0 -81.629755,35.407939,0.0 -81.626845,35.409003,0.0 -81.621199,35.417375,0.0 -81.621661,35.419092,0.0 -81.616789,35.419836,0.0 -81.616341,35.421844,0.0 -81.617637,35.424775,0.0 -81.621214,35.428358,0.0 -81.621801,35.427163,0.0 -81.625343,35.424987,0.0 -81.625848,35.422857,0.0 -81.628647,35.42192,0.0 -81.628173,35.418713,0.0 -81.63034,35.417576,0.0 -81.631931,35.421369,0.0 -81.63331,35.422956,0.0 -81.635759,35.425005,0.0 -81.638552,35.426363,0.0 -81.642328,35.423429,0.0 -81.639447,35.422633,0.0 -81.639601,35.420809,0.0 -81.642927,35.420124,0.0 -81.641494,35.416633,0.0 -81.643709,35.416542,0.0 -81.643986,35.417419,0.0 -81.644336,35.422686,0.0 -81.642439,35.427588,0.0 -81.64581,35.427606,0.0 -81.648566,35.426974,0.0 -81.64943,35.430783,0.0 -81.652553,35.436604,0.0 -81.654494,35.437044,0.0 -81.658259,35.440313,0.0 -81.660532,35.439967,0.0 -81.661601,35.438933,0.0 -81.664296,35.439916,0.0 -81.668736,35.438534,0.0 -81.671841,35.436187,0.0 -81.674415,35.435286,0.0 -81.675729,35.434249,0.0 -81.676354,35.430974,0.0 -81.679261,35.427322,0.0 -81.680774,35.426771,0.0 -81.682063,35.425122,0.0 -81.683352,35.425877,0.0 -81.684193,35.427641,0.0 -81.685706,35.427641,0.0 -81.687285,35.429609,0.0 -81.690726,35.430234,0.0 -81.692323,35.429737,0.0 -81.69383,35.427992,0.0 -81.695713,35.426808,0.0 -81.699349,35.425605,0.0 -81.700252,35.408783,0.0 -81.703146,35.407855,0.0 -81.705618,35.4061,0.0 -81.702671,35.402216,0.0 -81.700971,35.400656,0.0 -81.701161,35.395606,0.0 -81.703609,35.394233,0.0 -81.706323,35.391295,0.0 -81.710008,35.389312,0.0</coordinates>
</LinearRing>
</outerBoundaryIs>
<innerBoundaryIs>
<LinearRing>
<coordinates>-81.67057,35.319704,0.0 -81.669238,35.321698,0.0 -81.666067,35.32368,0.0 -81.663845,35.324442,0.0 -81.660595,35.324515,0.0 -81.658981,35.324095,0.0 -81.65756,35.324981,0.0 -81.657794,35.323636,0.0 -81.654079,35.320193,0.0 -81.650775,35.320099,0.0 -81.650796,35.317722,0.0 -81.652213,35.316606,0.0 -81.657113,35.316591,0.0 -81.665291,35.317823,0.0 -81.665431,35.31668,0.0 -81.667576,35.316821,0.0 -81.667333,35.318878,0.0 -81.67057,35.319704,0.0</coordinates>
</LinearRing>
</innerBoundaryIs>
<innerBoundaryIs>
<LinearRing>
<coordinates>-81.643055,35.385564,0.0 -81.643402,35.38683,0.0 -81.641508,35.387355,0.0 -81.642204,35.393988,0.0 -81.642048,35.396387,0.0 -81.638932,35.396293,0.0 -81.638184,35.403024,0.0 -81.635691,35.403024,0.0 -81.634665,35.403785,0.0 -81.629651,35.40075,0.0 -81.626583,35.397581,0.0 -81.625764,35.396014,0.0 -81.624467,35.391101,0.0 -81.622759,35.387085,0.0 -81.62476,35.386541,0.0 -81.62694,35.385078,0.0 -81.633081,35.384704,0.0 -81.634612,35.385221,0.0 -81.636711,35.38696,0.0 -81.639096,35.387248,0.0 -81.64036,35.385217,0.0 -81.643055,35.385564,0.0</coordinates>
</LinearRing>
</innerBoundaryIs>
</Polygon>
</Placemark><Placemark><name>28152 — Shelby, NC</name><description>Service ZIP: 28152. Census 2020 ZCTA boundary; approximate ZIP area.</description><styleUrl>#service-area</styleUrl><ExtendedData><Data name="ZIP"><value>28152</value></Data><Data name="Town"><value>Shelby</value></Data><Data name="State"><value>NC</value></Data></ExtendedData><Polygon>
<extrude>0</extrude>
<tessellate>1</tessellate>
<altitudeMode>clampToGround</altitudeMode>
<outerBoundaryIs>
<LinearRing>
<coordinates>-81.712915,35.247488,0.0 -81.7132,35.245765,0.0 -81.712334,35.245009,0.0 -81.713143,35.243475,0.0 -81.711775,35.242673,0.0 -81.712361,35.240452,0.0 -81.709852,35.239311,0.0 -81.700254,35.239608,0.0 -81.69136,35.240971,0.0 -81.692344,35.238874,0.0 -81.695973,35.237981,0.0 -81.696894,35.237248,0.0 -81.693935,35.235805,0.0 -81.693712,35.233927,0.0 -81.695721,35.232782,0.0 -81.696223,35.230904,0.0 -81.699741,35.230354,0.0 -81.702393,35.229162,0.0 -81.702337,35.227903,0.0 -81.699763,35.227831,0.0 -81.696573,35.226956,0.0 -81.696264,35.225123,0.0 -81.693505,35.222401,0.0 -81.693729,35.221258,0.0 -81.696022,35.2219,0.0 -81.698036,35.223253,0.0 -81.700745,35.222796,0.0 -81.702977,35.221604,0.0 -81.70132,35.220619,0.0 -81.700688,35.219772,0.0 -81.696558,35.219429,0.0 -81.694799,35.2154,0.0 -81.691617,35.215446,0.0 -81.687431,35.21485,0.0 -81.683468,35.213476,0.0 -81.68132,35.212148,0.0 -81.679366,35.209078,0.0 -81.678027,35.205551,0.0 -81.67401,35.203833,0.0 -81.671198,35.20392,0.0 -81.668067,35.203281,0.0 -81.665408,35.20182,0.0 -81.66565,35.200933,0.0 -81.663057,35.200064,0.0 -81.660756,35.201565,0.0 -81.657435,35.201999,0.0 -81.65498,35.20067,0.0 -81.650377,35.199363,0.0 -81.649233,35.19863,0.0 -81.643822,35.19675,0.0 -81.639776,35.195008,0.0 -81.636875,35.194297,0.0 -81.629482,35.194088,0.0 -81.624817,35.192711,0.0 -81.624029,35.192161,0.0 -81.623134,35.189529,0.0 -81.623524,35.188406,0.0 -81.626222,35.18749,0.0 -81.631439,35.187263,0.0 -81.632863,35.185157,0.0 -81.632028,35.183347,0.0 -81.629937,35.181926,0.0 -81.627482,35.181079,0.0 -81.624817,35.180917,0.0 -81.621817,35.18133,0.0 -81.617047,35.180737,0.0 -81.61127,35.178701,0.0 -81.610517,35.178106,0.0 -81.609902,35.176869,0.0 -81.6101972359066,35.1743032534019,0.0 -81.6095490975215,35.1742754503816,0.0 -81.6090051987795,35.1742521189017,0.0 -81.581681,35.17308,0.0 -81.5728047731896,35.1727553814837,0.0 -81.5638853963787,35.1724291848994,0.0 -81.54515,35.171744,0.0 -81.5444377952637,35.1717179387792,0.0 -81.5465,35.172693,0.0 -81.550463,35.176316,0.0 -81.548289,35.175954,0.0 -81.547497,35.177403,0.0 -81.548674,35.177901,0.0 -81.545595,35.179554,0.0 -81.538146,35.178603,0.0 -81.537889,35.179411,0.0 -81.535655,35.179087,0.0 -81.535408,35.179855,0.0 -81.537676,35.180108,0.0 -81.536453,35.185133,0.0 -81.537178,35.185893,0.0 -81.535937,35.188267,0.0 -81.538956,35.18911,0.0 -81.537243,35.190652,0.0 -81.535887,35.192691,0.0 -81.534496,35.19312,0.0 -81.534687,35.194091,0.0 -81.536578,35.193758,0.0 -81.543224,35.194406,0.0 -81.543307,35.196121,0.0 -81.542066,35.199857,0.0 -81.540605,35.201444,0.0 -81.537915,35.20262,0.0 -81.531976,35.20267,0.0 -81.531878,35.202946,0.0 -81.536496,35.218269,0.0 -81.535073,35.219959,0.0 -81.532126,35.218105,0.0 -81.529342,35.217743,0.0 -81.529299,35.219819,0.0 -81.526551,35.22404,0.0 -81.522873,35.226887,0.0 -81.523097,35.227428,0.0 -81.523023,35.227464,0.0 -81.518768,35.22952,0.0 -81.516339,35.232535,0.0 -81.515669,35.231478,0.0 -81.513534,35.231976,0.0 -81.511456,35.230696,0.0 -81.50835,35.230182,0.0 -81.509433,35.228535,0.0 -81.511904,35.22653,0.0 -81.506713,35.220406,0.0 -81.505037,35.221467,0.0 -81.502261,35.224514,0.0 -81.497346,35.22407,0.0 -81.493356,35.225057,0.0 -81.492268,35.226844,0.0 -81.486775,35.227268,0.0 -81.494465,35.238129,0.0 -81.492783,35.237729,0.0 -81.492709,35.239672,0.0 -81.491056,35.239817,0.0 -81.485984,35.241458,0.0 -81.487803,35.242349,0.0 -81.488492,35.24391,0.0 -81.48882,35.244507,0.0 -81.467335,35.245553,0.0 -81.468467,35.246138,0.0 -81.468635,35.248062,0.0 -81.458646,35.256061,0.0 -81.458434,35.256018,0.0 -81.457655,35.256302,0.0 -81.45638,35.259463,0.0 -81.458672,35.265815,0.0 -81.46032,35.266641,0.0 -81.457976,35.268661,0.0 -81.457669,35.271321,0.0 -81.466872,35.276872,0.0 -81.467766,35.278532,0.0 -81.465095,35.279849,0.0 -81.468221,35.281817,0.0 -81.467898,35.283443,0.0 -81.467446,35.283631,0.0 -81.46958,35.285262,0.0 -81.473855,35.289585,0.0 -81.475893,35.290997,0.0 -81.4771,35.291719,0.0 -81.47883,35.292693,0.0 -81.478911,35.292729,0.0 -81.480146,35.293079,0.0 -81.484114,35.294157,0.0 -81.489564,35.293198,0.0 -81.490963,35.290557,0.0 -81.490993,35.286221,0.0 -81.491758,35.283667,0.0 -81.494463,35.277661,0.0 -81.496454,35.275496,0.0 -81.49859,35.274387,0.0 -81.501418,35.274242,0.0 -81.502889,35.273522,0.0 -81.514787,35.273426,0.0 -81.51477,35.274654,0.0 -81.517135,35.27463,0.0 -81.518995,35.275387,0.0 -81.518189,35.277434,0.0 -81.516906,35.277847,0.0 -81.518289,35.279949,0.0 -81.520071,35.27957,0.0 -81.52015,35.278393,0.0 -81.523679,35.277824,0.0 -81.523717,35.276629,0.0 -81.525004,35.276362,0.0 -81.525353,35.277451,0.0 -81.528119,35.277469,0.0 -81.530451,35.279663,0.0 -81.532339,35.278664,0.0 -81.53195,35.275436,0.0 -81.536726,35.277526,0.0 -81.537914,35.279023,0.0 -81.538282,35.278195,0.0 -81.542143,35.279543,0.0 -81.542657,35.27893,0.0 -81.542757,35.280572,0.0 -81.549158,35.282294,0.0 -81.549586,35.281226,0.0 -81.555325,35.282852,0.0 -81.558521,35.284636,0.0 -81.558341,35.287769,0.0 -81.560325,35.287782,0.0 -81.561563,35.289497,0.0 -81.563719,35.29028,0.0 -81.56798,35.294303,0.0 -81.568614,35.294497,0.0 -81.570653,35.294756,0.0 -81.570658,35.294579,0.0 -81.573311,35.288787,0.0 -81.575954,35.285954,0.0 -81.576156,35.284573,0.0 -81.577871,35.28296,0.0 -81.579993,35.282753,0.0 -81.580664,35.282982,0.0 -81.580433,35.284513,0.0 -81.57751,35.286956,0.0 -81.580148,35.288642,0.0 -81.579133,35.290173,0.0 -81.580854,35.291701,0.0 -81.578215,35.292017,0.0 -81.577371,35.293114,0.0 -81.58052,35.294437,0.0 -81.580657,35.294608,0.0 -81.598212,35.293559,0.0 -81.599718,35.293469,0.0 -81.599058,35.294784,0.0 -81.605778,35.295026,0.0 -81.60628,35.293368,0.0 -81.607421,35.293559,0.0 -81.614587,35.294595,0.0 -81.615422,35.294575,0.0 -81.616108,35.294482,0.0 -81.617682,35.295461,0.0 -81.619868,35.294471,0.0 -81.619816,35.297458,0.0 -81.624822,35.295704,0.0 -81.626298,35.294739,0.0 -81.631035,35.292757,0.0 -81.630454,35.291899,0.0 -81.634945,35.291163,0.0 -81.634698,35.292149,0.0 -81.638203,35.292285,0.0 -81.638741,35.29208,0.0 -81.640372,35.293434,0.0 -81.637785,35.295164,0.0 -81.638044,35.296409,0.0 -81.641989,35.296603,0.0 -81.641879,35.298381,0.0 -81.647005,35.297657,0.0 -81.645931,35.2954,0.0 -81.645842,35.2932,0.0 -81.654236,35.296168,0.0 -81.655269,35.293759,0.0 -81.662185,35.296163,0.0 -81.662927,35.296281,0.0 -81.676011,35.296787,0.0 -81.677669,35.297083,0.0 -81.678782,35.297337,0.0 -81.68002,35.297667,0.0 -81.682581,35.298556,0.0 -81.682569,35.300205,0.0 -81.685447,35.302198,0.0 -81.684915,35.304259,0.0 -81.689638,35.308221,0.0 -81.688789,35.309713,0.0 -81.692289,35.309306,0.0 -81.693082,35.308985,0.0 -81.693638,35.308453,0.0 -81.695927,35.302655,0.0 -81.687114,35.300415,0.0 -81.685441,35.299826,0.0 -81.685316,35.299152,0.0 -81.688997,35.295295,0.0 -81.694437,35.294823,0.0 -81.693813,35.292564,0.0 -81.693962,35.288914,0.0 -81.691639,35.289977,0.0 -81.682408,35.284707,0.0 -81.68194,35.283648,0.0 -81.682068,35.280669,0.0 -81.684163,35.27989,0.0 -81.685168,35.278173,0.0 -81.686928,35.276547,0.0 -81.687961,35.274325,0.0 -81.686983,35.272653,0.0 -81.687319,35.271256,0.0 -81.688799,35.271278,0.0 -81.688072,35.269675,0.0 -81.690167,35.269514,0.0 -81.690642,35.26814,0.0 -81.689273,35.266423,0.0 -81.690669,35.265735,0.0 -81.692345,35.265758,0.0 -81.692819,35.264796,0.0 -81.692373,35.26317,0.0 -81.696393,35.262987,0.0 -81.699185,35.261887,0.0 -81.700163,35.260696,0.0 -81.699607,35.260446,0.0 -81.712915,35.247488,0.0</coordinates>
</LinearRing>
</outerBoundaryIs>
<innerBoundaryIs>
<LinearRing>
<coordinates>-81.675677,35.245214,0.0 -81.67443,35.249369,0.0 -81.669756,35.248842,0.0 -81.669116,35.250851,0.0 -81.66666,35.250474,0.0 -81.66656,35.248801,0.0 -81.666145,35.245353,0.0 -81.669397,35.244429,0.0 -81.673615,35.244278,0.0 -81.675677,35.245214,0.0</coordinates>
</LinearRing>
</innerBoundaryIs>
</Polygon>
</Placemark><Placemark><name>28173 — Waxhaw, NC (part 1)</name><description>Service ZIP: 28173. Census 2020 ZCTA boundary; approximate ZIP area.</description><styleUrl>#service-area</styleUrl><ExtendedData><Data name="ZIP"><value>28173</value></Data><Data name="Town"><value>Waxhaw</value></Data><Data name="State"><value>NC</value></Data></ExtendedData><Polygon>
<extrude>0</extrude>
<tessellate>1</tessellate>
<altitudeMode>clampToGround</altitudeMode>
<outerBoundaryIs>
<LinearRing>
<coordinates>-80.687211,34.995818,0.0 -80.686354,34.994207,0.0 -80.682453,34.994481,0.0 -80.685211,34.994825,0.0 -80.685387,34.995471,0.0 -80.687211,34.995818,0.0</coordinates>
</LinearRing>
</outerBoundaryIs>
</Polygon>
</Placemark><Placemark><name>28173 — Waxhaw, NC (part 2)</name><description>Service ZIP: 28173. Census 2020 ZCTA boundary; approximate ZIP area.</description><styleUrl>#service-area</styleUrl><ExtendedData><Data name="ZIP"><value>28173</value></Data><Data name="Town"><value>Waxhaw</value></Data><Data name="State"><value>NC</value></Data></ExtendedData><Polygon>
<extrude>0</extrude>
<tessellate>1</tessellate>
<altitudeMode>clampToGround</altitudeMode>
<outerBoundaryIs>
<LinearRing>
<coordinates>-80.838018,35.005027,0.0 -80.840366453868,35.0016161140947,0.0 -80.8315451442794,34.9913338495427,0.0 -80.831541835926,34.9913299932712,0.0 -80.82156,34.979695,0.0 -80.8214239517349,34.9795435754083,0.0 -80.8190016415258,34.9768474929977,0.0 -80.8167798594308,34.9743746026122,0.0 -80.813563626584,34.970794867542,0.0 -80.8135539938927,34.9707841461532,0.0 -80.806784,34.963249,0.0 -80.806461,34.962894,0.0 -80.8030469059055,34.9591033894472,0.0 -80.8030462035539,34.9591026096381,0.0 -80.7981075429767,34.9536192988732,0.0 -80.7953275810706,34.9505327544939,0.0 -80.7882846335211,34.9427130897262,0.0 -80.7882815157383,34.9427096281051,0.0 -80.782042,34.935782,0.0 -80.7822398196655,34.9343016754913,0.0 -80.7827583582466,34.9304213465654,0.0 -80.7836767031742,34.9235491860042,0.0 -80.7840631580172,34.9206572663662,0.0 -80.7840958040742,34.9204129693284,0.0 -80.786517350476,34.9022920485499,0.0 -80.7905975214363,34.8717593052265,0.0 -80.7908660269891,34.8697500239476,0.0 -80.7911488191335,34.8676338332186,0.0 -80.7930291509637,34.853562930383,0.0 -80.7932021244409,34.8522685349199,0.0 -80.7934189408561,34.8506460538966,0.0 -80.795109,34.837999,0.0 -80.7954464634869,34.8354742797921,0.0 -80.7955199506034,34.8349244887322,0.0 -80.7963317512036,34.8288510335009,0.0 -80.796997,34.823874,0.0 -80.797543,34.819786,0.0 -80.7974863682179,34.8197857458409,0.0 -80.777712,34.819697,0.0 -80.771792,34.819646,0.0 -80.726949,34.8192682100709,0.0 -80.7269464760764,34.8192681888075,0.0 -80.6937200483132,34.8189882653013,0.0 -80.692654972263,34.8189792923288,0.0 -80.684074,34.818907,0.0 -80.6710408026229,34.8187974422605,0.0 -80.6645668589477,34.818743021951,0.0 -80.646601,34.818592,0.0 -80.644656,34.818568,0.0 -80.6358427915201,34.8184014982412,0.0 -80.63641,34.819718,0.0 -80.640763,34.820822,0.0 -80.641929,34.823088,0.0 -80.638539,34.828862,0.0 -80.63554,34.832629,0.0 -80.632961,34.837185,0.0 -80.632668,34.838265,0.0 -80.633856,34.843092,0.0 -80.633123,34.845178,0.0 -80.629985,34.849067,0.0 -80.629938,34.849076,0.0 -80.6257,34.850042,0.0 -80.621874,34.852237,0.0 -80.620976,34.853337,0.0 -80.627089,34.85426,0.0 -80.627145,34.852874,0.0 -80.629779,34.853781,0.0 -80.633105,34.856156,0.0 -80.629706,34.860679,0.0 -80.631679,34.864275,0.0 -80.635177,34.865571,0.0 -80.633493,34.872696,0.0 -80.633388,34.876342,0.0 -80.631855,34.876743,0.0 -80.632355,34.879597,0.0 -80.629178,34.881497,0.0 -80.63123,34.882364,0.0 -80.634757,34.881542,0.0 -80.638294,34.881138,0.0 -80.63823,34.882343,0.0 -80.639916,34.886114,0.0 -80.640587,34.887273,0.0 -80.642388,34.887552,0.0 -80.645311,34.886691,0.0 -80.644708,34.885085,0.0 -80.646808,34.884652,0.0 -80.647948,34.885868,0.0 -80.646901,34.886373,0.0 -80.64879,34.888243,0.0 -80.65326,34.887645,0.0 -80.655561,34.883698,0.0 -80.657127,34.883738,0.0 -80.657581,34.876535,0.0 -80.659184,34.876714,0.0 -80.661988,34.875851,0.0 -80.663707,34.876236,0.0 -80.664454,34.877695,0.0 -80.663497,34.878249,0.0 -80.665271,34.879545,0.0 -80.662071,34.880275,0.0 -80.65991,34.883048,0.0 -80.66043,34.885756,0.0 -80.658818,34.890628,0.0 -80.661319,34.894151,0.0 -80.665633,34.893703,0.0 -80.66935,34.89379,0.0 -80.672026,34.892049,0.0 -80.673417,34.8922,0.0 -80.676915,34.890112,0.0 -80.679036,34.889516,0.0 -80.680976,34.889659,0.0 -80.678477,34.892859,0.0 -80.677927,34.89409,0.0 -80.677391,34.898176,0.0 -80.677549,34.901574,0.0 -80.675912,34.905963,0.0 -80.679105,34.906324,0.0 -80.679459,34.907933,0.0 -80.678355,34.909873,0.0 -80.67377,34.909454,0.0 -80.67268,34.911795,0.0 -80.680891,34.91235,0.0 -80.68085,34.914556,0.0 -80.684629,34.914732,0.0 -80.684557,34.916309,0.0 -80.682554,34.917142,0.0 -80.679666,34.919561,0.0 -80.673977,34.922688,0.0 -80.675002,34.924112,0.0 -80.683391,34.921908,0.0 -80.683955,34.921951,0.0 -80.685462,34.92616,0.0 -80.685381,34.929981,0.0 -80.679213,34.929606,0.0 -80.677056,34.930554,0.0 -80.674523,34.934228,0.0 -80.67714,34.93429,0.0 -80.677351,34.933352,0.0 -80.681383,34.932258,0.0 -80.681477,34.933594,0.0 -80.690556,34.930763,0.0 -80.692855,34.93354,0.0 -80.686597,34.934489,0.0 -80.679354,34.934261,0.0 -80.672846,34.936336,0.0 -80.668859,34.938215,0.0 -80.66926,34.938801,0.0 -80.663708,34.941401,0.0 -80.658081,34.944041,0.0 -80.659706,34.94423,0.0 -80.658746,34.946008,0.0 -80.660263,34.94863,0.0 -80.660348,34.949795,0.0 -80.655784,34.950222,0.0 -80.654916,34.952089,0.0 -80.652402,34.953546,0.0 -80.653182,34.946337,0.0 -80.648819,34.948533,0.0 -80.64838,34.94918,0.0 -80.647322,34.953318,0.0 -80.646518,34.957027,0.0 -80.644888,34.957398,0.0 -80.642231,34.960159,0.0 -80.641385,34.963386,0.0 -80.637936,34.967107,0.0 -80.64483,34.968459,0.0 -80.650492,34.971557,0.0 -80.65399,34.973504,0.0 -80.654321,34.974932,0.0 -80.652178,34.97619,0.0 -80.654223,34.979375,0.0 -80.658331,34.978883,0.0 -80.658571,34.974921,0.0 -80.660538,34.975404,0.0 -80.661679,34.980408,0.0 -80.661556,34.981416,0.0 -80.668859,34.982067,0.0 -80.670312,34.983275,0.0 -80.674145,34.982335,0.0 -80.675895,34.983489,0.0 -80.677287,34.986062,0.0 -80.678921,34.9862,0.0 -80.680449,34.984644,0.0 -80.680427,34.984008,0.0 -80.680523,34.982522,0.0 -80.684134,34.984052,0.0 -80.684939,34.984328,0.0 -80.688293,34.984049,0.0 -80.690278,34.986844,0.0 -80.688852,34.987625,0.0 -80.688439,34.988489,0.0 -80.687997,34.987275,0.0 -80.684436,34.987523,0.0 -80.68588,34.990356,0.0 -80.684507,34.991723,0.0 -80.684338,34.992328,0.0 -80.684846,34.993195,0.0 -80.686572,34.993792,0.0 -80.687567,34.99529,0.0 -80.687228,34.995822,0.0 -80.688959,34.996164,0.0 -80.689232,34.995909,0.0 -80.688545,34.995521,0.0 -80.689443,34.995011,0.0 -80.689906,34.99528,0.0 -80.690507,34.994718,0.0 -80.69044,34.994148,0.0 -80.691154,34.994388,0.0 -80.690988,34.994965,0.0 -80.691813,34.997499,0.0 -80.691505,34.99834,0.0 -80.689879,34.999461,0.0 -80.690967,34.99986,0.0 -80.690647,35.002165,0.0 -80.692472,35.001566,0.0 -80.698159,35.001177,0.0 -80.698094,34.99957,0.0 -80.698683,34.997702,0.0 -80.702195,34.998705,0.0 -80.702635,34.99725,0.0 -80.704412,34.998082,0.0 -80.706208,34.996031,0.0 -80.706161,34.998361,0.0 -80.710509,34.99797,0.0 -80.710583,34.997993,0.0 -80.709607,34.999226,0.0 -80.709059,34.999969,0.0 -80.708604,35.000926,0.0 -80.710427,35.000984,0.0 -80.712747,35.001055,0.0 -80.713703,35.000145,0.0 -80.717603,34.997223,0.0 -80.719627,34.999036,0.0 -80.718455,34.996892,0.0 -80.720347,34.99541,0.0 -80.721,34.996094,0.0 -80.724279,34.996927,0.0 -80.725092,35.0,0.0 -80.72624,35.000168,0.0 -80.729482,35.001084,0.0 -80.732568,35.00198,0.0 -80.735026,35.002835,0.0 -80.735436,35.003057,0.0 -80.73719,35.002245,0.0 -80.739602,35.003267,0.0 -80.743689,35.006823,0.0 -80.745406,35.006414,0.0 -80.747163,35.009439,0.0 -80.763409,35.019708,0.0 -80.763028,35.021122,0.0 -80.765171,35.020989,0.0 -80.765607,35.022586,0.0 -80.766837,35.021791,0.0 -80.771414,35.030718,0.0 -80.773494,35.029743,0.0 -80.773163,35.02701,0.0 -80.771737,35.021904,0.0 -80.77263,35.021383,0.0 -80.776086,35.024124,0.0 -80.777616,35.024552,0.0 -80.780193,35.025491,0.0 -80.781433,35.031931,0.0 -80.779795,35.032738,0.0 -80.780961,35.033281,0.0 -80.789952,35.031162,0.0 -80.790224,35.030726,0.0 -80.792806,35.029914,0.0 -80.796894,35.029831,0.0 -80.800369,35.027946,0.0 -80.804506,35.027749,0.0 -80.805909,35.025506,0.0 -80.808696,35.023233,0.0 -80.810867,35.021999,0.0 -80.811156,35.02148,0.0 -80.811173,35.021453,0.0 -80.814603,35.020438,0.0 -80.815686,35.019465,0.0 -80.82101,35.017326,0.0 -80.82232,35.016139,0.0 -80.822206,35.01465,0.0 -80.825059,35.011972,0.0 -80.827919,35.010464,0.0 -80.828051,35.010383,0.0 -80.831232,35.007811,0.0 -80.833984,35.007486,0.0 -80.838018,35.005027,0.0</coordinates>
</LinearRing>
</outerBoundaryIs>
</Polygon>
</Placemark><Placemark><name>28174 — Wingate, NC</name><description>Service ZIP: 28174. Census 2020 ZCTA boundary; approximate ZIP area.</description><styleUrl>#service-area</styleUrl><ExtendedData><Data name="ZIP"><value>28174</value></Data><Data name="Town"><value>Wingate</value></Data><Data name="State"><value>NC</value></Data></ExtendedData><Polygon>
<extrude>0</extrude>
<tessellate>1</tessellate>
<altitudeMode>clampToGround</altitudeMode>
<outerBoundaryIs>
<LinearRing>
<coordinates>-80.485672,34.959435,0.0 -80.48525,34.955474,0.0 -80.482515,34.954425,0.0 -80.48057,34.954395,0.0 -80.480884,34.952846,0.0 -80.480464,34.951772,0.0 -80.48261,34.945317,0.0 -80.480079,34.942556,0.0 -80.476775,34.935142,0.0 -80.467408,34.935145,0.0 -80.467678,34.931439,0.0 -80.464841,34.930207,0.0 -80.465971,34.926613,0.0 -80.464576,34.926211,0.0 -80.465167,34.925062,0.0 -80.458446,34.925879,0.0 -80.454227,34.925158,0.0 -80.451673,34.926448,0.0 -80.446746,34.919292,0.0 -80.445301,34.911885,0.0 -80.442883,34.910443,0.0 -80.442081,34.908971,0.0 -80.440495,34.908273,0.0 -80.440586,34.907341,0.0 -80.441368,34.905734,0.0 -80.447714,34.902139,0.0 -80.444943,34.899934,0.0 -80.441226,34.89863,0.0 -80.440724,34.905373,0.0 -80.438969,34.904135,0.0 -80.437888,34.901749,0.0 -80.439363,34.897106,0.0 -80.438085,34.896058,0.0 -80.440733,34.892063,0.0 -80.441863,34.889969,0.0 -80.442441,34.88258,0.0 -80.441636,34.882634,0.0 -80.439943,34.881978,0.0 -80.436637,34.88406,0.0 -80.435736,34.884869,0.0 -80.434109,34.886909,0.0 -80.432403,34.891438,0.0 -80.431519,34.892382,0.0 -80.428482,34.89396,0.0 -80.427142,34.892882,0.0 -80.424941,34.889871,0.0 -80.417978,34.891447,0.0 -80.413715,34.892037,0.0 -80.411781,34.893254,0.0 -80.406925,34.890988,0.0 -80.405628,34.890835,0.0 -80.405181,34.886988,0.0 -80.4037,34.885884,0.0 -80.40353,34.885242,0.0 -80.402198,34.883524,0.0 -80.396804,34.883918,0.0 -80.392045,34.88472,0.0 -80.389069,34.884696,0.0 -80.389964,34.88548,0.0 -80.391679,34.890503,0.0 -80.391494,34.890903,0.0 -80.388811,34.890345,0.0 -80.38812,34.890485,0.0 -80.387315,34.890923,0.0 -80.385825,34.891271,0.0 -80.384821,34.891226,0.0 -80.384643,34.891374,0.0 -80.383505,34.891632,0.0 -80.383361,34.891771,0.0 -80.383387,34.892599,0.0 -80.383887,34.893074,0.0 -80.384055,34.893394,0.0 -80.384043,34.894378,0.0 -80.383675,34.897233,0.0 -80.383489,34.898204,0.0 -80.385134,34.898196,0.0 -80.38767,34.899115,0.0 -80.386043,34.899481,0.0 -80.385729,34.904164,0.0 -80.386718,34.90671,0.0 -80.388112,34.908788,0.0 -80.390143,34.913429,0.0 -80.397383,34.913721,0.0 -80.396986,34.91743,0.0 -80.400119,34.91739,0.0 -80.402419,34.919611,0.0 -80.400616,34.922442,0.0 -80.403112,34.922985,0.0 -80.402488,34.923994,0.0 -80.40341,34.924272,0.0 -80.402263,34.9276,0.0 -80.406011,34.927359,0.0 -80.406323,34.928801,0.0 -80.405843,34.934327,0.0 -80.407616,34.935013,0.0 -80.409039,34.936604,0.0 -80.412288,34.935577,0.0 -80.411909,34.941049,0.0 -80.413516,34.945745,0.0 -80.411284,34.947684,0.0 -80.409367,34.948492,0.0 -80.408604,34.9519,0.0 -80.40748,34.952393,0.0 -80.419086,34.961703,0.0 -80.421815,34.960746,0.0 -80.426076,34.965448,0.0 -80.428273,34.968578,0.0 -80.428843,34.974291,0.0 -80.423432,34.972876,0.0 -80.42301,34.973739,0.0 -80.424318,34.976707,0.0 -80.419468,34.978908,0.0 -80.419435,34.982081,0.0 -80.414019,34.982756,0.0 -80.414127,34.982923,0.0 -80.415539,34.985155,0.0 -80.417163,34.988341,0.0 -80.417481,34.991863,0.0 -80.413428,34.995649,0.0 -80.411209,34.999201,0.0 -80.411746,35.001816,0.0 -80.410377,35.004732,0.0 -80.414746,35.006756,0.0 -80.420178,35.00832,0.0 -80.417812,35.009313,0.0 -80.411863,35.011115,0.0 -80.407415,35.013413,0.0 -80.402884,35.014448,0.0 -80.413618,35.021132,0.0 -80.413658,35.024905,0.0 -80.412818,35.026228,0.0 -80.417266,35.027114,0.0 -80.415464,35.038694,0.0 -80.413146,35.047777,0.0 -80.412155,35.049445,0.0 -80.411427,35.051795,0.0 -80.412235,35.055325,0.0 -80.431135,35.055672,0.0 -80.43207,35.054613,0.0 -80.435003,35.055073,0.0 -80.435882,35.054968,0.0 -80.438399,35.052736,0.0 -80.44153,35.05128,0.0 -80.442435,35.050542,0.0 -80.445546,35.049488,0.0 -80.447369,35.048346,0.0 -80.447527,35.04573,0.0 -80.448279,35.043481,0.0 -80.450701,35.04191,0.0 -80.453263,35.042244,0.0 -80.454299,35.044485,0.0 -80.458909,35.048368,0.0 -80.460159,35.048191,0.0 -80.461192,35.046423,0.0 -80.460886,35.043633,0.0 -80.460053,35.041401,0.0 -80.46054,35.039177,0.0 -80.462293,35.038071,0.0 -80.463422,35.038278,0.0 -80.464047,35.03937,0.0 -80.465056,35.043206,0.0 -80.467251,35.04392,0.0 -80.468162,35.043407,0.0 -80.468521,35.038638,0.0 -80.469597,35.038019,0.0 -80.470014,35.037687,0.0 -80.470866,35.036331,0.0 -80.471753,35.032163,0.0 -80.471212,35.03036,0.0 -80.471502,35.026438,0.0 -80.470689,35.023725,0.0 -80.471361,35.021347,0.0 -80.473386,35.016421,0.0 -80.473609,35.014071,0.0 -80.4746,35.010051,0.0 -80.474221,35.005244,0.0 -80.47584,35.00417,0.0 -80.475797,34.998689,0.0 -80.475086,34.998046,0.0 -80.476983,34.995128,0.0 -80.47493,34.993105,0.0 -80.477143,34.990368,0.0 -80.477454,34.988158,0.0 -80.477327,34.98799,0.0 -80.476713,34.986309,0.0 -80.474773,34.985679,0.0 -80.473619,34.987123,0.0 -80.471401,34.986013,0.0 -80.470627,34.98435,0.0 -80.469644,34.984306,0.0 -80.464349,34.984408,0.0 -80.462414,34.98347,0.0 -80.462977,34.981969,0.0 -80.461454,34.982,0.0 -80.461947,34.977426,0.0 -80.46595,34.975763,0.0 -80.467696,34.976846,0.0 -80.467667,34.977362,0.0 -80.47004,34.978747,0.0 -80.47073,34.978878,0.0 -80.474692,34.977213,0.0 -80.476463,34.975634,0.0 -80.477003,34.972264,0.0 -80.477592,34.971285,0.0 -80.476871,34.969976,0.0 -80.481351,34.969321,0.0 -80.483687,34.967965,0.0 -80.480663,34.964902,0.0 -80.483504,34.963499,0.0 -80.482804,34.961029,0.0 -80.485672,34.959435,0.0</coordinates>
</LinearRing>
</outerBoundaryIs>
</Polygon>
</Placemark><Placemark><name>28202 — Charlotte, NC</name><description>Service ZIP: 28202. Census 2020 ZCTA boundary; approximate ZIP area.</description><styleUrl>#service-area</styleUrl><ExtendedData><Data name="ZIP"><value>28202</value></Data><Data name="Town"><value>Charlotte</value></Data><Data name="State"><value>NC</value></Data></ExtendedData><Polygon>
<extrude>0</extrude>
<tessellate>1</tessellate>
<altitudeMode>clampToGround</altitudeMode>
<outerBoundaryIs>
<LinearRing>
<coordinates>-80.859072,35.232665,0.0 -80.859656,35.231079,0.0 -80.854795,35.228543,0.0 -80.856212,35.227367,0.0 -80.855045,35.226377,0.0 -80.85582,35.225743,0.0 -80.855499,35.225336,0.0 -80.854372,35.224119,0.0 -80.853939,35.22365,0.0 -80.855187,35.222785,0.0 -80.853953,35.221555,0.0 -80.853506,35.220547,0.0 -80.85213,35.22178,0.0 -80.85121,35.220936,0.0 -80.852065,35.220088,0.0 -80.849738,35.219617,0.0 -80.85137,35.218458,0.0 -80.850552,35.217675,0.0 -80.850404,35.217786,0.0 -80.847934,35.215258,0.0 -80.846945,35.214289,0.0 -80.845748,35.215035,0.0 -80.844591,35.213782,0.0 -80.840527,35.216496,0.0 -80.836207,35.219534,0.0 -80.836085,35.22123,0.0 -80.833863,35.222806,0.0 -80.831713,35.222687,0.0 -80.829132,35.225049,0.0 -80.828607,35.224864,0.0 -80.828405,35.226643,0.0 -80.829983,35.228621,0.0 -80.832915,35.231184,0.0 -80.833429,35.230813,0.0 -80.834435,35.231604,0.0 -80.833751,35.232141,0.0 -80.834816,35.23305,0.0 -80.839564,35.236044,0.0 -80.840389,35.237041,0.0 -80.840585,35.23731,0.0 -80.841842,35.237654,0.0 -80.843401,35.236036,0.0 -80.844222,35.236748,0.0 -80.843023,35.23795,0.0 -80.848393,35.239442,0.0 -80.850497,35.241046,0.0 -80.854419,35.237481,0.0 -80.855789,35.235923,0.0 -80.85799,35.234179,0.0 -80.858495,35.233607,0.0 -80.859072,35.232665,0.0</coordinates>
</LinearRing>
</outerBoundaryIs>
<innerBoundaryIs>
<LinearRing>
<coordinates>-80.846379,35.22492,0.0 -80.845304,35.225653,0.0 -80.844204,35.22471,0.0 -80.845254,35.223974,0.0 -80.846379,35.22492,0.0</coordinates>
</LinearRing>
</innerBoundaryIs>
<innerBoundaryIs>
<LinearRing>
<coordinates>-80.843097,35.225469,0.0 -80.844207,35.226414,0.0 -80.843083,35.2272,0.0 -80.841973,35.226243,0.0 -80.843097,35.225469,0.0</coordinates>
</LinearRing>
</innerBoundaryIs>
<innerBoundaryIs>
<LinearRing>
<coordinates>-80.844204,35.22471,0.0 -80.843097,35.225469,0.0 -80.84199,35.224511,0.0 -80.843106,35.22373,0.0 -80.844204,35.22471,0.0</coordinates>
</LinearRing>
</innerBoundaryIs>
</Polygon>
</Placemark><Placemark><name>28203 — Charlotte, NC</name><description>Service ZIP: 28203. Census 2020 ZCTA boundary; approximate ZIP area.</description><styleUrl>#service-area</styleUrl><ExtendedData><Data name="ZIP"><value>28203</value></Data><Data name="Town"><value>Charlotte</value></Data><Data name="State"><value>NC</value></Data></ExtendedData><Polygon>
<extrude>0</extrude>
<tessellate>1</tessellate>
<altitudeMode>clampToGround</altitudeMode>
<outerBoundaryIs>
<LinearRing>
<coordinates>-80.880183,35.202936,0.0 -80.88029,35.202743,0.0 -80.878231,35.199568,0.0 -80.876988,35.200555,0.0 -80.875861,35.199418,0.0 -80.873825,35.200223,0.0 -80.87363,35.200464,0.0 -80.873357,35.19957,0.0 -80.870436,35.198026,0.0 -80.869442,35.199404,0.0 -80.866335,35.203115,0.0 -80.86528,35.202407,0.0 -80.862368,35.200906,0.0 -80.861787,35.200735,0.0 -80.86184,35.200191,0.0 -80.858419,35.198943,0.0 -80.854475,35.199062,0.0 -80.854115,35.197764,0.0 -80.852113,35.196609,0.0 -80.851528,35.19664,0.0 -80.851058,35.195775,0.0 -80.850047,35.196385,0.0 -80.849494,35.196308,0.0 -80.84721,35.193763,0.0 -80.842904,35.191511,0.0 -80.840238,35.194751,0.0 -80.838393,35.196276,0.0 -80.838095,35.196723,0.0 -80.837166,35.202982,0.0 -80.836858,35.205645,0.0 -80.837511,35.206169,0.0 -80.83883,35.205279,0.0 -80.841951,35.206282,0.0 -80.841026,35.20791,0.0 -80.840952,35.209819,0.0 -80.844299,35.213479,0.0 -80.844591,35.213782,0.0 -80.845748,35.215035,0.0 -80.846945,35.214289,0.0 -80.847934,35.215258,0.0 -80.850404,35.217786,0.0 -80.850552,35.217675,0.0 -80.85137,35.218458,0.0 -80.849738,35.219617,0.0 -80.852065,35.220088,0.0 -80.85121,35.220936,0.0 -80.85213,35.22178,0.0 -80.853506,35.220547,0.0 -80.853953,35.221555,0.0 -80.855187,35.222785,0.0 -80.853939,35.22365,0.0 -80.854372,35.224119,0.0 -80.856506,35.224508,0.0 -80.859148,35.224473,0.0 -80.861312,35.224628,0.0 -80.863927,35.223151,0.0 -80.862985,35.222043,0.0 -80.867908,35.222142,0.0 -80.871305,35.218764,0.0 -80.871782,35.217783,0.0 -80.871968,35.2178,0.0 -80.872546,35.215316,0.0 -80.874827,35.210928,0.0 -80.875641,35.212578,0.0 -80.876517,35.213363,0.0 -80.877141,35.212676,0.0 -80.879657,35.210928,0.0 -80.876893,35.210468,0.0 -80.875399,35.210129,0.0 -80.876432,35.208027,0.0 -80.880274,35.203112,0.0 -80.880183,35.202936,0.0</coordinates>
</LinearRing>
</outerBoundaryIs>
</Polygon>
</Placemark><Placemark><name>28204 — Charlotte, NC</name><description>Service ZIP: 28204. Census 2020 ZCTA boundary; approximate ZIP area.</description><styleUrl>#service-area</styleUrl><ExtendedData><Data name="ZIP"><value>28204</value></Data><Data name="Town"><value>Charlotte</value></Data><Data name="State"><value>NC</value></Data></ExtendedData><Polygon>
<extrude>0</extrude>
<tessellate>1</tessellate>
<altitudeMode>clampToGround</altitudeMode>
<outerBoundaryIs>
<LinearRing>
<coordinates>-80.844591,35.213782,0.0 -80.844299,35.213479,0.0 -80.840952,35.209819,0.0 -80.841026,35.20791,0.0 -80.841951,35.206282,0.0 -80.83883,35.205279,0.0 -80.837511,35.206169,0.0 -80.836858,35.205645,0.0 -80.837166,35.202982,0.0 -80.836016,35.202893,0.0 -80.835902,35.20489,0.0 -80.835944,35.205079,0.0 -80.83613,35.206256,0.0 -80.834991,35.206579,0.0 -80.82811,35.206575,0.0 -80.828723,35.208033,0.0 -80.828451,35.208734,0.0 -80.827623,35.208881,0.0 -80.827387,35.208173,0.0 -80.82714,35.208209,0.0 -80.825875,35.209645,0.0 -80.824608,35.210786,0.0 -80.823931,35.211182,0.0 -80.82131,35.211435,0.0 -80.819206,35.210193,0.0 -80.819738,35.208859,0.0 -80.817081,35.207086,0.0 -80.817381,35.206786,0.0 -80.813209,35.20299,0.0 -80.811589,35.202148,0.0 -80.809843,35.203816,0.0 -80.809103,35.204608,0.0 -80.807992,35.205187,0.0 -80.808899,35.206472,0.0 -80.811266,35.209341,0.0 -80.814493,35.213843,0.0 -80.815093,35.215543,0.0 -80.815557,35.217862,0.0 -80.816644,35.220928,0.0 -80.817996,35.223118,0.0 -80.823777,35.227009,0.0 -80.824857,35.22788,0.0 -80.82725,35.22737,0.0 -80.828485,35.224796,0.0 -80.828607,35.224864,0.0 -80.829132,35.225049,0.0 -80.831713,35.222687,0.0 -80.833863,35.222806,0.0 -80.836085,35.22123,0.0 -80.836207,35.219534,0.0 -80.840527,35.216496,0.0 -80.844591,35.213782,0.0</coordinates>
</LinearRing>
</outerBoundaryIs>
</Polygon>
</Placemark><Placemark><name>28205 — Charlotte, NC</name><description>Service ZIP: 28205. Census 2020 ZCTA boundary; approximate ZIP area.</description><styleUrl>#service-area</styleUrl><ExtendedData><Data name="ZIP"><value>28205</value></Data><Data name="Town"><value>Charlotte</value></Data><Data name="State"><value>NC</value></Data></ExtendedData><Polygon>
<extrude>0</extrude>
<tessellate>1</tessellate>
<altitudeMode>clampToGround</altitudeMode>
<outerBoundaryIs>
<LinearRing>
<coordinates>-80.824857,35.22788,0.0 -80.823777,35.227009,0.0 -80.817996,35.223118,0.0 -80.816644,35.220928,0.0 -80.815557,35.217862,0.0 -80.815093,35.215543,0.0 -80.814493,35.213843,0.0 -80.811266,35.209341,0.0 -80.808899,35.206472,0.0 -80.807992,35.205187,0.0 -80.809103,35.204608,0.0 -80.809843,35.203816,0.0 -80.811589,35.202148,0.0 -80.812522,35.19951,0.0 -80.811155,35.198392,0.0 -80.810607,35.19715,0.0 -80.810857,35.194305,0.0 -80.805283,35.195461,0.0 -80.805276,35.194478,0.0 -80.801286,35.194165,0.0 -80.804281,35.196791,0.0 -80.801873,35.201572,0.0 -80.796511,35.196798,0.0 -80.793092,35.195372,0.0 -80.790598,35.194289,0.0 -80.784624,35.191062,0.0 -80.780492,35.185744,0.0 -80.776402,35.182152,0.0 -80.775163,35.18517,0.0 -80.772516,35.18948,0.0 -80.771425,35.191025,0.0 -80.76815,35.192812,0.0 -80.766327,35.194732,0.0 -80.765971,35.195144,0.0 -80.761621,35.197829,0.0 -80.760935,35.198791,0.0 -80.760584,35.201723,0.0 -80.760464,35.202629,0.0 -80.760068,35.203824,0.0 -80.758475,35.206188,0.0 -80.757143,35.20987,0.0 -80.756803,35.210855,0.0 -80.753381,35.21059,0.0 -80.753698,35.212291,0.0 -80.753662,35.213019,0.0 -80.754537,35.213066,0.0 -80.754384,35.213424,0.0 -80.755199,35.213388,0.0 -80.755248,35.213849,0.0 -80.755761,35.213843,0.0 -80.754274,35.217841,0.0 -80.752878,35.21954,0.0 -80.750895,35.221806,0.0 -80.748699,35.224333,0.0 -80.748367,35.224738,0.0 -80.747263,35.226624,0.0 -80.752303,35.230078,0.0 -80.752692,35.229697,0.0 -80.756586,35.232291,0.0 -80.756952,35.23244,0.0 -80.756683,35.232851,0.0 -80.758859,35.234102,0.0 -80.760564,35.234544,0.0 -80.760268,35.232324,0.0 -80.765849,35.231932,0.0 -80.767017,35.231376,0.0 -80.766536,35.230332,0.0 -80.767871,35.229299,0.0 -80.76733,35.22825,0.0 -80.770768,35.231779,0.0 -80.770498,35.232412,0.0 -80.768515,35.232924,0.0 -80.768399,35.234205,0.0 -80.770093,35.234285,0.0 -80.775653,35.236789,0.0 -80.779562,35.241929,0.0 -80.780691,35.244679,0.0 -80.781212,35.247156,0.0 -80.781027,35.249517,0.0 -80.780009,35.253838,0.0 -80.791124,35.251456,0.0 -80.797593,35.250525,0.0 -80.805919,35.249154,0.0 -80.811692,35.247242,0.0 -80.813357,35.24616,0.0 -80.812433,35.24493,0.0 -80.813422,35.244331,0.0 -80.814234,35.24369,0.0 -80.816646,35.239997,0.0 -80.819019,35.237808,0.0 -80.818245,35.237144,0.0 -80.818378,35.236514,0.0 -80.820136,35.234992,0.0 -80.823007,35.232932,0.0 -80.823165,35.232179,0.0 -80.822331,35.231421,0.0 -80.822339,35.230033,0.0 -80.823048,35.229829,0.0 -80.824857,35.22788,0.0</coordinates>
</LinearRing>
</outerBoundaryIs>
</Polygon>
</Placemark><Placemark><name>28206 — Charlotte, NC</name><description>Service ZIP: 28206. Census 2020 ZCTA boundary; approximate ZIP area.</description><styleUrl>#service-area</styleUrl><ExtendedData><Data name="ZIP"><value>28206</value></Data><Data name="Town"><value>Charlotte</value></Data><Data name="State"><value>NC</value></Data></ExtendedData><Polygon>
<extrude>0</extrude>
<tessellate>1</tessellate>
<altitudeMode>clampToGround</altitudeMode>
<outerBoundaryIs>
<LinearRing>
<coordinates>-80.850497,35.241046,0.0 -80.848393,35.239442,0.0 -80.843023,35.23795,0.0 -80.844222,35.236748,0.0 -80.843401,35.236036,0.0 -80.841842,35.237654,0.0 -80.840585,35.23731,0.0 -80.840389,35.237041,0.0 -80.839564,35.236044,0.0 -80.834816,35.23305,0.0 -80.833751,35.232141,0.0 -80.834435,35.231604,0.0 -80.833429,35.230813,0.0 -80.832915,35.231184,0.0 -80.829983,35.228621,0.0 -80.828405,35.226643,0.0 -80.828607,35.224864,0.0 -80.828485,35.224796,0.0 -80.82725,35.22737,0.0 -80.824857,35.22788,0.0 -80.823048,35.229829,0.0 -80.822339,35.230033,0.0 -80.822331,35.231421,0.0 -80.823165,35.232179,0.0 -80.823007,35.232932,0.0 -80.820136,35.234992,0.0 -80.818378,35.236514,0.0 -80.818245,35.237144,0.0 -80.819019,35.237808,0.0 -80.816646,35.239997,0.0 -80.814234,35.24369,0.0 -80.813422,35.244331,0.0 -80.812433,35.24493,0.0 -80.813357,35.24616,0.0 -80.811692,35.247242,0.0 -80.805919,35.249154,0.0 -80.797593,35.250525,0.0 -80.791124,35.251456,0.0 -80.794476,35.257009,0.0 -80.794765,35.258342,0.0 -80.795176,35.260891,0.0 -80.794987,35.26492,0.0 -80.794943,35.265756,0.0 -80.793522,35.273669,0.0 -80.793508,35.276552,0.0 -80.793526,35.278725,0.0 -80.803193,35.276267,0.0 -80.808826,35.276634,0.0 -80.809067,35.276659,0.0 -80.812557,35.276964,0.0 -80.814597,35.276751,0.0 -80.83227,35.272972,0.0 -80.836662,35.272719,0.0 -80.842807,35.273077,0.0 -80.844709,35.272941,0.0 -80.846742,35.272566,0.0 -80.846528,35.270573,0.0 -80.84539,35.268461,0.0 -80.841248,35.262631,0.0 -80.840653,35.261028,0.0 -80.840634,35.259792,0.0 -80.841627,35.257178,0.0 -80.841765,35.256863,0.0 -80.843749,35.252437,0.0 -80.845704,35.248074,0.0 -80.846331,35.246448,0.0 -80.847069,35.243277,0.0 -80.850497,35.241046,0.0</coordinates>
</LinearRing>
</outerBoundaryIs>
</Polygon>
</Placemark><Placemark><name>28207 — Charlotte, NC</name><description>Service ZIP: 28207. Census 2020 ZCTA boundary; approximate ZIP area.</description><styleUrl>#service-area</styleUrl><ExtendedData><Data name="ZIP"><value>28207</value></Data><Data name="Town"><value>Charlotte</value></Data><Data name="State"><value>NC</value></Data></ExtendedData><Polygon>
<extrude>0</extrude>
<tessellate>1</tessellate>
<altitudeMode>clampToGround</altitudeMode>
<outerBoundaryIs>
<LinearRing>
<coordinates>-80.841444,35.187793,0.0 -80.841821,35.186345,0.0 -80.840282,35.186256,0.0 -80.839738,35.183249,0.0 -80.836478,35.18119,0.0 -80.832775,35.182217,0.0 -80.82925,35.180205,0.0 -80.829193,35.1799,0.0 -80.820211,35.182771,0.0 -80.82007,35.182795,0.0 -80.81614,35.186251,0.0 -80.8158,35.186751,0.0 -80.813672,35.192436,0.0 -80.811987,35.197549,0.0 -80.812522,35.19951,0.0 -80.811589,35.202148,0.0 -80.813209,35.20299,0.0 -80.817381,35.206786,0.0 -80.817081,35.207086,0.0 -80.819738,35.208859,0.0 -80.819206,35.210193,0.0 -80.82131,35.211435,0.0 -80.823931,35.211182,0.0 -80.824608,35.210786,0.0 -80.825875,35.209645,0.0 -80.82714,35.208209,0.0 -80.827387,35.208173,0.0 -80.827623,35.208881,0.0 -80.828451,35.208734,0.0 -80.828723,35.208033,0.0 -80.82811,35.206575,0.0 -80.834991,35.206579,0.0 -80.83613,35.206256,0.0 -80.835944,35.205079,0.0 -80.835902,35.20489,0.0 -80.836016,35.202893,0.0 -80.837166,35.202982,0.0 -80.838095,35.196723,0.0 -80.838393,35.196276,0.0 -80.837754,35.195635,0.0 -80.836915,35.194899,0.0 -80.838732,35.190896,0.0 -80.839877,35.190657,0.0 -80.841444,35.187793,0.0</coordinates>
</LinearRing>
</outerBoundaryIs>
<innerBoundaryIs>
<LinearRing>
<coordinates>-80.836268,35.188339,0.0 -80.837225,35.189011,0.0 -80.834535,35.191294,0.0 -80.830352,35.189215,0.0 -80.830579,35.189038,0.0 -80.833049,35.186934,0.0 -80.836268,35.188339,0.0</coordinates>
</LinearRing>
</innerBoundaryIs>
</Polygon>
</Placemark><Placemark><name>28208 — Charlotte, NC</name><description>Service ZIP: 28208. Census 2020 ZCTA boundary; approximate ZIP area.</description><styleUrl>#service-area</styleUrl><ExtendedData><Data name="ZIP"><value>28208</value></Data><Data name="Town"><value>Charlotte</value></Data><Data name="State"><value>NC</value></Data></ExtendedData><Polygon>
<extrude>0</extrude>
<tessellate>1</tessellate>
<altitudeMode>clampToGround</altitudeMode>
<outerBoundaryIs>
<LinearRing>
<coordinates>-80.957674,35.199649,0.0 -80.956699,35.197523,0.0 -80.956335,35.193197,0.0 -80.957565,35.190329,0.0 -80.955798,35.19013,0.0 -80.946821,35.19263,0.0 -80.944904,35.192695,0.0 -80.941662,35.193277,0.0 -80.935547,35.193407,0.0 -80.931373,35.190434,0.0 -80.930311,35.190923,0.0 -80.929171,35.189837,0.0 -80.923921,35.190217,0.0 -80.921576,35.189703,0.0 -80.921294,35.190345,0.0 -80.918122,35.194344,0.0 -80.916118,35.194414,0.0 -80.914977,35.193364,0.0 -80.909026,35.193774,0.0 -80.90836,35.194024,0.0 -80.906356,35.196809,0.0 -80.904255,35.19816,0.0 -80.899057,35.200117,0.0 -80.897706,35.200628,0.0 -80.894467,35.203844,0.0 -80.893499,35.204738,0.0 -80.892729,35.205071,0.0 -80.889023,35.208179,0.0 -80.884692,35.206508,0.0 -80.883921,35.206937,0.0 -80.882985,35.207836,0.0 -80.88044,35.210009,0.0 -80.879657,35.210928,0.0 -80.877141,35.212676,0.0 -80.876517,35.213363,0.0 -80.875641,35.212578,0.0 -80.874827,35.210928,0.0 -80.872546,35.215316,0.0 -80.871968,35.2178,0.0 -80.871782,35.217783,0.0 -80.871305,35.218764,0.0 -80.867908,35.222142,0.0 -80.862985,35.222043,0.0 -80.863927,35.223151,0.0 -80.861312,35.224628,0.0 -80.859148,35.224473,0.0 -80.856506,35.224508,0.0 -80.854372,35.224119,0.0 -80.855499,35.225336,0.0 -80.85582,35.225743,0.0 -80.855045,35.226377,0.0 -80.856212,35.227367,0.0 -80.854795,35.228543,0.0 -80.859656,35.231079,0.0 -80.859072,35.232665,0.0 -80.858495,35.233607,0.0 -80.85799,35.234179,0.0 -80.855789,35.235923,0.0 -80.858073,35.236536,0.0 -80.858708,35.23709,0.0 -80.858468,35.240553,0.0 -80.858713,35.241733,0.0 -80.85989,35.243569,0.0 -80.866251,35.250476,0.0 -80.865796,35.250876,0.0 -80.865253,35.252729,0.0 -80.871283,35.254804,0.0 -80.871629,35.25463,0.0 -80.873173,35.254904,0.0 -80.873782,35.255175,0.0 -80.873905,35.255274,0.0 -80.878539,35.258939,0.0 -80.878986,35.259619,0.0 -80.880103,35.260751,0.0 -80.887394,35.26914,0.0 -80.896064,35.275867,0.0 -80.895915,35.276023,0.0 -80.896875,35.276785,0.0 -80.900601,35.279961,0.0 -80.903935,35.281824,0.0 -80.905516,35.282086,0.0 -80.914251,35.282221,0.0 -80.914885,35.278781,0.0 -80.914819,35.277704,0.0 -80.913264,35.27785,0.0 -80.911336,35.275255,0.0 -80.910959,35.273858,0.0 -80.913566,35.274045,0.0 -80.913631,35.272904,0.0 -80.917826,35.270722,0.0 -80.919616,35.269063,0.0 -80.919744,35.266504,0.0 -80.92124,35.263445,0.0 -80.924232,35.260819,0.0 -80.926081,35.259621,0.0 -80.926485,35.259197,0.0 -80.927183,35.255597,0.0 -80.927491,35.254229,0.0 -80.926521,35.253961,0.0 -80.925502,35.253271,0.0 -80.924515,35.253023,0.0 -80.925138,35.252094,0.0 -80.927472,35.251912,0.0 -80.927033,35.249514,0.0 -80.927088,35.244589,0.0 -80.932035,35.244362,0.0 -80.931078,35.241794,0.0 -80.924222,35.240209,0.0 -80.919738,35.238559,0.0 -80.919792,35.238365,0.0 -80.919941,35.238415,0.0 -80.920448,35.236862,0.0 -80.9225,35.238847,0.0 -80.93176,35.241325,0.0 -80.936792,35.24102,0.0 -80.938732,35.237107,0.0 -80.940413,35.237295,0.0 -80.941596,35.23718,0.0 -80.943735,35.23462,0.0 -80.944488,35.2327,0.0 -80.942706,35.234049,0.0 -80.941113,35.234041,0.0 -80.939631,35.233181,0.0 -80.940028,35.231674,0.0 -80.942699,35.227742,0.0 -80.94415,35.226121,0.0 -80.946753,35.225976,0.0 -80.946504,35.223106,0.0 -80.949703,35.222949,0.0 -80.950203,35.221493,0.0 -80.949433,35.212609,0.0 -80.945702,35.209747,0.0 -80.948632,35.207462,0.0 -80.948209,35.205241,0.0 -80.946819,35.203789,0.0 -80.948372,35.19966,0.0 -80.948182,35.197204,0.0 -80.948565,35.196607,0.0 -80.951738,35.19707,0.0 -80.952123,35.198101,0.0 -80.957674,35.199649,0.0</coordinates>
</LinearRing>
</outerBoundaryIs>
</Polygon>
</Placemark><Placemark><name>28209 — Charlotte, NC</name><description>Service ZIP: 28209. Census 2020 ZCTA boundary; approximate ZIP area.</description><styleUrl>#service-area</styleUrl><ExtendedData><Data name="ZIP"><value>28209</value></Data><Data name="Town"><value>Charlotte</value></Data><Data name="State"><value>NC</value></Data></ExtendedData><Polygon>
<extrude>0</extrude>
<tessellate>1</tessellate>
<altitudeMode>clampToGround</altitudeMode>
<outerBoundaryIs>
<LinearRing>
<coordinates>-80.879359,35.180691,0.0 -80.87943,35.177948,0.0 -80.875876,35.176484,0.0 -80.875944,35.17272,0.0 -80.874835,35.172654,0.0 -80.868295,35.171616,0.0 -80.866718,35.170296,0.0 -80.859418,35.169293,0.0 -80.853797,35.1662,0.0 -80.853137,35.164443,0.0 -80.854864,35.161651,0.0 -80.853285,35.159637,0.0 -80.852843,35.156776,0.0 -80.852131,35.156233,0.0 -80.850419,35.153908,0.0 -80.84844,35.154207,0.0 -80.848597,35.152838,0.0 -80.84628,35.152422,0.0 -80.843246,35.151893,0.0 -80.841669,35.151593,0.0 -80.841475,35.151538,0.0 -80.840698,35.153532,0.0 -80.838842,35.153714,0.0 -80.838804,35.152132,0.0 -80.836455,35.151981,0.0 -80.836127,35.152993,0.0 -80.836215,35.155925,0.0 -80.836649,35.156492,0.0 -80.838645,35.158019,0.0 -80.837301,35.158605,0.0 -80.83741,35.158866,0.0 -80.837425,35.15935,0.0 -80.837346,35.160534,0.0 -80.837647,35.16107,0.0 -80.838099,35.161342,0.0 -80.836714,35.162863,0.0 -80.835988,35.165925,0.0 -80.836554,35.166773,0.0 -80.836443,35.168956,0.0 -80.833896,35.169251,0.0 -80.830706,35.168615,0.0 -80.829967,35.171564,0.0 -80.833082,35.173931,0.0 -80.831088,35.175435,0.0 -80.832718,35.177924,0.0 -80.829193,35.1799,0.0 -80.82925,35.180205,0.0 -80.832775,35.182217,0.0 -80.836478,35.18119,0.0 -80.839738,35.183249,0.0 -80.840282,35.186256,0.0 -80.841821,35.186345,0.0 -80.841444,35.187793,0.0 -80.839877,35.190657,0.0 -80.838732,35.190896,0.0 -80.836915,35.194899,0.0 -80.837754,35.195635,0.0 -80.838393,35.196276,0.0 -80.840238,35.194751,0.0 -80.842904,35.191511,0.0 -80.84721,35.193763,0.0 -80.849494,35.196308,0.0 -80.850047,35.196385,0.0 -80.851058,35.195775,0.0 -80.851528,35.19664,0.0 -80.852113,35.196609,0.0 -80.854115,35.197764,0.0 -80.854475,35.199062,0.0 -80.858419,35.198943,0.0 -80.86184,35.200191,0.0 -80.861787,35.200735,0.0 -80.862368,35.200906,0.0 -80.86528,35.202407,0.0 -80.866335,35.203115,0.0 -80.869442,35.199404,0.0 -80.870436,35.198026,0.0 -80.872022,35.195986,0.0 -80.872378,35.195414,0.0 -80.873734,35.195994,0.0 -80.873739,35.194605,0.0 -80.875131,35.195092,0.0 -80.877778,35.190442,0.0 -80.875665,35.189576,0.0 -80.877903,35.185594,0.0 -80.878539,35.183953,0.0 -80.879359,35.180691,0.0</coordinates>
</LinearRing>
</outerBoundaryIs>
</Polygon>
</Placemark><Placemark><name>28210 — Charlotte, NC</name><description>Service ZIP: 28210. Census 2020 ZCTA boundary; approximate ZIP area.</description><styleUrl>#service-area</styleUrl><ExtendedData><Data name="ZIP"><value>28210</value></Data><Data name="Town"><value>Charlotte</value></Data><Data name="State"><value>NC</value></Data></ExtendedData><Polygon>
<extrude>0</extrude>
<tessellate>1</tessellate>
<altitudeMode>clampToGround</altitudeMode>
<outerBoundaryIs>
<LinearRing>
<coordinates>-80.883277,35.115793,0.0 -80.882389,35.110637,0.0 -80.88032,35.110888,0.0 -80.879787,35.109124,0.0 -80.872454,35.108569,0.0 -80.875588,35.104348,0.0 -80.877334,35.098647,0.0 -80.876549,35.09743,0.0 -80.876082,35.096445,0.0 -80.876019,35.096297,0.0 -80.874295,35.088531,0.0 -80.872757,35.089123,0.0 -80.870608,35.089328,0.0 -80.870301,35.089977,0.0 -80.864761,35.090084,0.0 -80.863734,35.092395,0.0 -80.859039,35.090995,0.0 -80.85767,35.089399,0.0 -80.856327,35.091983,0.0 -80.855364,35.09144,0.0 -80.85395,35.089824,0.0 -80.852723,35.092109,0.0 -80.849588,35.096369,0.0 -80.846755,35.100943,0.0 -80.846712,35.101368,0.0 -80.844948,35.104733,0.0 -80.8437,35.106297,0.0 -80.844086,35.10771,0.0 -80.839737,35.109955,0.0 -80.834789,35.109508,0.0 -80.831473,35.110413,0.0 -80.830387,35.115946,0.0 -80.828721,35.117201,0.0 -80.827215,35.12281,0.0 -80.827663,35.123955,0.0 -80.826,35.125771,0.0 -80.822834,35.127615,0.0 -80.820896,35.130779,0.0 -80.823033,35.131295,0.0 -80.823864,35.134445,0.0 -80.82303,35.135359,0.0 -80.820831,35.13521,0.0 -80.821308,35.136245,0.0 -80.820098,35.137754,0.0 -80.819996,35.141032,0.0 -80.820752,35.142588,0.0 -80.819038,35.143178,0.0 -80.819715,35.143318,0.0 -80.820091,35.144488,0.0 -80.822485,35.144514,0.0 -80.825446,35.146843,0.0 -80.824951,35.147912,0.0 -80.825763,35.148164,0.0 -80.826525,35.148018,0.0 -80.826261,35.148589,0.0 -80.828201,35.148911,0.0 -80.830387,35.148274,0.0 -80.830893,35.148421,0.0 -80.830153,35.149644,0.0 -80.828684,35.15119,0.0 -80.829467,35.151557,0.0 -80.828608,35.153684,0.0 -80.834514,35.156425,0.0 -80.836215,35.155925,0.0 -80.836127,35.152993,0.0 -80.836455,35.151981,0.0 -80.838804,35.152132,0.0 -80.838842,35.153714,0.0 -80.840698,35.153532,0.0 -80.841475,35.151538,0.0 -80.841669,35.151593,0.0 -80.843246,35.151893,0.0 -80.84628,35.152422,0.0 -80.848597,35.152838,0.0 -80.84844,35.154207,0.0 -80.850419,35.153908,0.0 -80.852131,35.156233,0.0 -80.852843,35.156776,0.0 -80.853285,35.159637,0.0 -80.854864,35.161651,0.0 -80.853137,35.164443,0.0 -80.853797,35.1662,0.0 -80.859418,35.169293,0.0 -80.866718,35.170296,0.0 -80.868295,35.171616,0.0 -80.874835,35.172654,0.0 -80.874908,35.170645,0.0 -80.871499,35.169266,0.0 -80.871467,35.168283,0.0 -80.874608,35.169279,0.0 -80.874595,35.167753,0.0 -80.874676,35.165019,0.0 -80.875569,35.164733,0.0 -80.876139,35.164923,0.0 -80.876092,35.162908,0.0 -80.876247,35.156776,0.0 -80.875533,35.156741,0.0 -80.87428,35.156034,0.0 -80.874561,35.155632,0.0 -80.87468,35.152698,0.0 -80.875567,35.152699,0.0 -80.875022,35.151835,0.0 -80.875352,35.146722,0.0 -80.876432,35.146787,0.0 -80.876504,35.142861,0.0 -80.875864,35.142783,0.0 -80.875853,35.139877,0.0 -80.876561,35.139869,0.0 -80.876335,35.137719,0.0 -80.875262,35.132084,0.0 -80.876265,35.128913,0.0 -80.87675,35.128156,0.0 -80.87729,35.12736,0.0 -80.881165,35.119627,0.0 -80.883277,35.115793,0.0</coordinates>
</LinearRing>
</outerBoundaryIs>
</Polygon>
</Placemark><Placemark><name>28211 — Charlotte, NC</name><description>Service ZIP: 28211. Census 2020 ZCTA boundary; approximate ZIP area.</description><styleUrl>#service-area</styleUrl><ExtendedData><Data name="ZIP"><value>28211</value></Data><Data name="Town"><value>Charlotte</value></Data><Data name="State"><value>NC</value></Data></ExtendedData><Polygon>
<extrude>0</extrude>
<tessellate>1</tessellate>
<altitudeMode>clampToGround</altitudeMode>
<outerBoundaryIs>
<LinearRing>
<coordinates>-80.837301,35.158605,0.0 -80.838645,35.158019,0.0 -80.836649,35.156492,0.0 -80.836215,35.155925,0.0 -80.834514,35.156425,0.0 -80.828608,35.153684,0.0 -80.829467,35.151557,0.0 -80.828684,35.15119,0.0 -80.830153,35.149644,0.0 -80.830893,35.148421,0.0 -80.830387,35.148274,0.0 -80.828201,35.148911,0.0 -80.826261,35.148589,0.0 -80.826525,35.148018,0.0 -80.825763,35.148164,0.0 -80.824951,35.147912,0.0 -80.825446,35.146843,0.0 -80.822984,35.146341,0.0 -80.812619,35.147385,0.0 -80.803843,35.148155,0.0 -80.802069,35.148874,0.0 -80.798358,35.15124,0.0 -80.796298,35.152827,0.0 -80.79497,35.154443,0.0 -80.792881,35.156671,0.0 -80.787088,35.160339,0.0 -80.784052,35.161765,0.0 -80.779175,35.161253,0.0 -80.776789,35.159022,0.0 -80.77551,35.155725,0.0 -80.775066,35.154678,0.0 -80.773789,35.153614,0.0 -80.77456,35.153534,0.0 -80.774105,35.152773,0.0 -80.773215,35.151462,0.0 -80.772535,35.148346,0.0 -80.772388,35.147608,0.0 -80.77044,35.146961,0.0 -80.768034,35.144008,0.0 -80.767347,35.141227,0.0 -80.767769,35.140743,0.0 -80.767571,35.137717,0.0 -80.76076,35.143638,0.0 -80.756691,35.146081,0.0 -80.753249,35.148142,0.0 -80.750017,35.148845,0.0 -80.745542,35.148232,0.0 -80.744251,35.148666,0.0 -80.743247,35.148923,0.0 -80.74581,35.150475,0.0 -80.748191,35.153845,0.0 -80.74968,35.157478,0.0 -80.750907,35.158898,0.0 -80.754964,35.162002,0.0 -80.761157,35.167153,0.0 -80.763882,35.169564,0.0 -80.764992,35.173444,0.0 -80.769655,35.177386,0.0 -80.776402,35.182152,0.0 -80.780492,35.185744,0.0 -80.784624,35.191062,0.0 -80.790598,35.194289,0.0 -80.793092,35.195372,0.0 -80.796511,35.196798,0.0 -80.801873,35.201572,0.0 -80.804281,35.196791,0.0 -80.801286,35.194165,0.0 -80.805276,35.194478,0.0 -80.805283,35.195461,0.0 -80.810857,35.194305,0.0 -80.810607,35.19715,0.0 -80.811155,35.198392,0.0 -80.812522,35.19951,0.0 -80.811987,35.197549,0.0 -80.813672,35.192436,0.0 -80.8158,35.186751,0.0 -80.81614,35.186251,0.0 -80.82007,35.182795,0.0 -80.820211,35.182771,0.0 -80.829193,35.1799,0.0 -80.832718,35.177924,0.0 -80.831088,35.175435,0.0 -80.833082,35.173931,0.0 -80.829967,35.171564,0.0 -80.830706,35.168615,0.0 -80.833896,35.169251,0.0 -80.836443,35.168956,0.0 -80.836554,35.166773,0.0 -80.835988,35.165925,0.0 -80.836714,35.162863,0.0 -80.838099,35.161342,0.0 -80.837647,35.16107,0.0 -80.837346,35.160534,0.0 -80.837425,35.15935,0.0 -80.83741,35.158866,0.0 -80.837301,35.158605,0.0</coordinates>
</LinearRing>
</outerBoundaryIs>
</Polygon>
</Placemark><Placemark><name>28212 — Charlotte, NC</name><description>Service ZIP: 28212. Census 2020 ZCTA boundary; approximate ZIP area.</description><styleUrl>#service-area</styleUrl><ExtendedData><Data name="ZIP"><value>28212</value></Data><Data name="Town"><value>Charlotte</value></Data><Data name="State"><value>NC</value></Data></ExtendedData><Polygon>
<extrude>0</extrude>
<tessellate>1</tessellate>
<altitudeMode>clampToGround</altitudeMode>
<outerBoundaryIs>
<LinearRing>
<coordinates>-80.775163,35.18517,0.0 -80.776402,35.182152,0.0 -80.769655,35.177386,0.0 -80.764992,35.173444,0.0 -80.763882,35.169564,0.0 -80.761157,35.167153,0.0 -80.754964,35.162002,0.0 -80.750907,35.158898,0.0 -80.74968,35.157478,0.0 -80.748191,35.153845,0.0 -80.74581,35.150475,0.0 -80.743247,35.148923,0.0 -80.740275,35.153454,0.0 -80.738703,35.156212,0.0 -80.736711,35.159329,0.0 -80.736366,35.159765,0.0 -80.739407,35.162614,0.0 -80.740501,35.16372,0.0 -80.742526,35.166944,0.0 -80.739331,35.167939,0.0 -80.738167,35.168781,0.0 -80.736934,35.167648,0.0 -80.737901,35.164128,0.0 -80.733223,35.163639,0.0 -80.732139,35.162727,0.0 -80.729015,35.166185,0.0 -80.725775,35.168304,0.0 -80.72426,35.170732,0.0 -80.725267,35.173518,0.0 -80.724424,35.174553,0.0 -80.722011,35.174236,0.0 -80.719579,35.17596,0.0 -80.722628,35.177958,0.0 -80.724079,35.17924,0.0 -80.729972,35.185905,0.0 -80.72943,35.187313,0.0 -80.728685,35.188548,0.0 -80.724995,35.194493,0.0 -80.725533,35.194388,0.0 -80.726317,35.19599,0.0 -80.726434,35.196409,0.0 -80.725949,35.202503,0.0 -80.726044,35.208118,0.0 -80.726053,35.211788,0.0 -80.722362,35.217402,0.0 -80.723085,35.219443,0.0 -80.724913,35.223178,0.0 -80.726254,35.222662,0.0 -80.727356,35.222649,0.0 -80.729083,35.222084,0.0 -80.728917,35.222726,0.0 -80.735795,35.223082,0.0 -80.740751,35.223852,0.0 -80.741618,35.223873,0.0 -80.741951,35.223076,0.0 -80.743076,35.223124,0.0 -80.743147,35.222683,0.0 -80.744602,35.222648,0.0 -80.744716,35.223842,0.0 -80.747862,35.224053,0.0 -80.748699,35.224333,0.0 -80.750895,35.221806,0.0 -80.752878,35.21954,0.0 -80.754274,35.217841,0.0 -80.755761,35.213843,0.0 -80.755248,35.213849,0.0 -80.755199,35.213388,0.0 -80.754384,35.213424,0.0 -80.754537,35.213066,0.0 -80.753662,35.213019,0.0 -80.753698,35.212291,0.0 -80.753381,35.21059,0.0 -80.756803,35.210855,0.0 -80.757143,35.20987,0.0 -80.758475,35.206188,0.0 -80.760068,35.203824,0.0 -80.760464,35.202629,0.0 -80.760584,35.201723,0.0 -80.760935,35.198791,0.0 -80.761621,35.197829,0.0 -80.765971,35.195144,0.0 -80.766327,35.194732,0.0 -80.76815,35.192812,0.0 -80.771425,35.191025,0.0 -80.772516,35.18948,0.0 -80.775163,35.18517,0.0</coordinates>
</LinearRing>
</outerBoundaryIs>
</Polygon>
</Placemark><Placemark><name>28213 — Charlotte, NC</name><description>Service ZIP: 28213. Census 2020 ZCTA boundary; approximate ZIP area.</description><styleUrl>#service-area</styleUrl><ExtendedData><Data name="ZIP"><value>28213</value></Data><Data name="Town"><value>Charlotte</value></Data><Data name="State"><value>NC</value></Data></ExtendedData><Polygon>
<extrude>0</extrude>
<tessellate>1</tessellate>
<altitudeMode>clampToGround</altitudeMode>
<outerBoundaryIs>
<LinearRing>
<coordinates>-80.794987,35.26492,0.0 -80.795176,35.260891,0.0 -80.794765,35.258342,0.0 -80.794476,35.257009,0.0 -80.791124,35.251456,0.0 -80.780009,35.253838,0.0 -80.770393,35.259518,0.0 -80.769567,35.257921,0.0 -80.767071,35.257562,0.0 -80.759961,35.258772,0.0 -80.752717,35.261582,0.0 -80.752216,35.260182,0.0 -80.747617,35.262453,0.0 -80.741596,35.263477,0.0 -80.741717,35.265413,0.0 -80.740824,35.265524,0.0 -80.740899,35.263967,0.0 -80.735543,35.263174,0.0 -80.734987,35.264185,0.0 -80.735614,35.265129,0.0 -80.731512,35.266222,0.0 -80.730507,35.271356,0.0 -80.727678,35.276277,0.0 -80.725599,35.275393,0.0 -80.722611,35.275992,0.0 -80.722347,35.279424,0.0 -80.721014,35.279378,0.0 -80.720939,35.2811,0.0 -80.718447,35.281878,0.0 -80.719603,35.286105,0.0 -80.716437,35.284559,0.0 -80.713479,35.283957,0.0 -80.711979,35.282711,0.0 -80.71161,35.281327,0.0 -80.713118,35.279627,0.0 -80.713597,35.278061,0.0 -80.709665,35.278494,0.0 -80.705256,35.274964,0.0 -80.699198,35.274902,0.0 -80.697457,35.274696,0.0 -80.697423,35.274687,0.0 -80.696108,35.274368,0.0 -80.692916,35.274936,0.0 -80.688617,35.278876,0.0 -80.687619,35.279264,0.0 -80.689499,35.283037,0.0 -80.69104,35.283546,0.0 -80.691409,35.285263,0.0 -80.691074,35.285529,0.0 -80.688975,35.285521,0.0 -80.686814,35.286869,0.0 -80.684734,35.285461,0.0 -80.681873,35.287082,0.0 -80.680021,35.288793,0.0 -80.679279,35.289392,0.0 -80.683099,35.295911,0.0 -80.68261,35.296477,0.0 -80.680076,35.292948,0.0 -80.677757,35.293548,0.0 -80.675949,35.294781,0.0 -80.675799,35.294335,0.0 -80.673632,35.29566,0.0 -80.672999,35.300005,0.0 -80.674611,35.300669,0.0 -80.675611,35.30186,0.0 -80.676476,35.302548,0.0 -80.675311,35.303506,0.0 -80.674796,35.303932,0.0 -80.673022,35.30539,0.0 -80.674078,35.309313,0.0 -80.674606,35.308944,0.0 -80.678296,35.310505,0.0 -80.680882,35.309967,0.0 -80.683017,35.315647,0.0 -80.691334,35.315248,0.0 -80.693411,35.315154,0.0 -80.693761,35.315117,0.0 -80.697738,35.314772,0.0 -80.707637,35.312393,0.0 -80.712137,35.311338,0.0 -80.712282,35.311293,0.0 -80.715307,35.310305,0.0 -80.716049,35.311954,0.0 -80.717207,35.311558,0.0 -80.716459,35.309919,0.0 -80.717743,35.309495,0.0 -80.719005,35.309064,0.0 -80.719296,35.310075,0.0 -80.721057,35.308614,0.0 -80.720932,35.308152,0.0 -80.724273,35.305949,0.0 -80.729253,35.302524,0.0 -80.731274,35.301424,0.0 -80.734052,35.300127,0.0 -80.737048,35.29876,0.0 -80.738391,35.301705,0.0 -80.738157,35.30297,0.0 -80.739294,35.303136,0.0 -80.741312,35.302049,0.0 -80.741885,35.300744,0.0 -80.744284,35.301641,0.0 -80.746224,35.300824,0.0 -80.743144,35.295971,0.0 -80.743354,35.295873,0.0 -80.744004,35.295374,0.0 -80.748032,35.293759,0.0 -80.749476,35.295452,0.0 -80.755167,35.295362,0.0 -80.756583,35.2908,0.0 -80.758952,35.288379,0.0 -80.762297,35.285244,0.0 -80.763927,35.284525,0.0 -80.770748,35.28427,0.0 -80.772239,35.284217,0.0 -80.77367,35.28403,0.0 -80.790476,35.279539,0.0 -80.793526,35.278725,0.0 -80.793508,35.276552,0.0 -80.793522,35.273669,0.0 -80.794943,35.265756,0.0 -80.794987,35.26492,0.0</coordinates>
</LinearRing>
</outerBoundaryIs>
</Polygon>
</Placemark><Placemark><name>28214 — Charlotte, NC</name><description>Service ZIP: 28214. Census 2020 ZCTA boundary; approximate ZIP area.</description><styleUrl>#service-area</styleUrl><ExtendedData><Data name="ZIP"><value>28214</value></Data><Data name="Town"><value>Charlotte</value></Data><Data name="State"><value>NC</value></Data></ExtendedData><Polygon>
<extrude>0</extrude>
<tessellate>1</tessellate>
<altitudeMode>clampToGround</altitudeMode>
<outerBoundaryIs>
<LinearRing>
<coordinates>-81.014896,35.26979,0.0 -81.01505,35.268655,0.0 -81.014111,35.258513,0.0 -81.013825,35.257685,0.0 -81.011206,35.2523,0.0 -81.008868,35.250706,0.0 -81.008301,35.248748,0.0 -81.008268,35.248056,0.0 -81.009142,35.245772,0.0 -81.010207,35.243198,0.0 -81.010918,35.235562,0.0 -81.012459,35.231474,0.0 -81.013943,35.225777,0.0 -81.014266,35.22434,0.0 -81.014127,35.22196,0.0 -81.010099,35.214554,0.0 -81.007275,35.211732,0.0 -81.006295,35.210285,0.0 -81.004194,35.211432,0.0 -81.004075,35.211371,0.0 -81.003079,35.207293,0.0 -81.00236,35.208785,0.0 -81.000683,35.209018,0.0 -80.997859,35.208347,0.0 -80.995115,35.206657,0.0 -80.991659,35.20628,0.0 -80.992657,35.207245,0.0 -80.996624,35.209129,0.0 -80.999728,35.209961,0.0 -80.999155,35.21208,0.0 -80.999648,35.213875,0.0 -80.9981,35.215566,0.0 -80.995267,35.2171,0.0 -80.995243,35.219336,0.0 -80.993457,35.220712,0.0 -80.989666,35.218497,0.0 -80.98786,35.21551,0.0 -80.984168,35.21712,0.0 -80.982353,35.219995,0.0 -80.980774,35.218089,0.0 -80.980653,35.215774,0.0 -80.981259,35.21281,0.0 -80.978862,35.212824,0.0 -80.975888,35.211243,0.0 -80.972956,35.20869,0.0 -80.969863,35.207056,0.0 -80.96845,35.206869,0.0 -80.968739,35.212023,0.0 -80.968473,35.212028,0.0 -80.968725,35.215497,0.0 -80.969003,35.215509,0.0 -80.969181,35.21704,0.0 -80.969693,35.219317,0.0 -80.969429,35.219386,0.0 -80.969387,35.222379,0.0 -80.970493,35.222213,0.0 -80.970755,35.223404,0.0 -80.969734,35.223584,0.0 -80.969855,35.226695,0.0 -80.96938,35.228706,0.0 -80.966884,35.22919,0.0 -80.963461,35.228815,0.0 -80.960242,35.23146,0.0 -80.955104,35.232017,0.0 -80.956518,35.231121,0.0 -80.957141,35.229774,0.0 -80.956173,35.226739,0.0 -80.956469,35.225591,0.0 -80.957457,35.224939,0.0 -80.961266,35.223806,0.0 -80.958811,35.216674,0.0 -80.958234,35.212098,0.0 -80.958617,35.210135,0.0 -80.961573,35.206871,0.0 -80.961824,35.203334,0.0 -80.962422,35.200997,0.0 -80.96211,35.199944,0.0 -80.959344,35.194377,0.0 -80.958067,35.190368,0.0 -80.957565,35.190329,0.0 -80.956335,35.193197,0.0 -80.956699,35.197523,0.0 -80.957674,35.199649,0.0 -80.952123,35.198101,0.0 -80.951738,35.19707,0.0 -80.948565,35.196607,0.0 -80.948182,35.197204,0.0 -80.948372,35.19966,0.0 -80.946819,35.203789,0.0 -80.948209,35.205241,0.0 -80.948632,35.207462,0.0 -80.945702,35.209747,0.0 -80.949433,35.212609,0.0 -80.950203,35.221493,0.0 -80.949703,35.222949,0.0 -80.946504,35.223106,0.0 -80.946753,35.225976,0.0 -80.94415,35.226121,0.0 -80.942699,35.227742,0.0 -80.940028,35.231674,0.0 -80.939631,35.233181,0.0 -80.941113,35.234041,0.0 -80.942706,35.234049,0.0 -80.944488,35.2327,0.0 -80.943735,35.23462,0.0 -80.941596,35.23718,0.0 -80.940413,35.237295,0.0 -80.938732,35.237107,0.0 -80.936792,35.24102,0.0 -80.93176,35.241325,0.0 -80.9225,35.238847,0.0 -80.920448,35.236862,0.0 -80.919941,35.238415,0.0 -80.919792,35.238365,0.0 -80.919738,35.238559,0.0 -80.924222,35.240209,0.0 -80.931078,35.241794,0.0 -80.932035,35.244362,0.0 -80.927088,35.244589,0.0 -80.927033,35.249514,0.0 -80.927472,35.251912,0.0 -80.925138,35.252094,0.0 -80.924515,35.253023,0.0 -80.925502,35.253271,0.0 -80.926521,35.253961,0.0 -80.927491,35.254229,0.0 -80.927183,35.255597,0.0 -80.926485,35.259197,0.0 -80.926081,35.259621,0.0 -80.924232,35.260819,0.0 -80.92124,35.263445,0.0 -80.919744,35.266504,0.0 -80.919616,35.269063,0.0 -80.917826,35.270722,0.0 -80.913631,35.272904,0.0 -80.913566,35.274045,0.0 -80.910959,35.273858,0.0 -80.911336,35.275255,0.0 -80.913264,35.27785,0.0 -80.914819,35.277704,0.0 -80.914885,35.278781,0.0 -80.914251,35.282221,0.0 -80.919564,35.282306,0.0 -80.920074,35.284734,0.0 -80.921524,35.285639,0.0 -80.920175,35.28659,0.0 -80.915013,35.288506,0.0 -80.915152,35.289276,0.0 -80.918429,35.293037,0.0 -80.92302,35.290193,0.0 -80.923526,35.294116,0.0 -80.921695,35.29634,0.0 -80.924747,35.298225,0.0 -80.925309,35.299517,0.0 -80.934842,35.301658,0.0 -80.936624,35.302722,0.0 -80.937351,35.303646,0.0 -80.937996,35.30547,0.0 -80.936258,35.305602,0.0 -80.935971,35.306002,0.0 -80.936576,35.307368,0.0 -80.935813,35.308653,0.0 -80.936627,35.309015,0.0 -80.938819,35.309556,0.0 -80.939562,35.309912,0.0 -80.943436,35.31494,0.0 -80.937883,35.316825,0.0 -80.936803,35.318579,0.0 -80.938346,35.319857,0.0 -80.940875,35.321899,0.0 -80.942742,35.320367,0.0 -80.945624,35.317083,0.0 -80.949998,35.318682,0.0 -80.95251,35.320802,0.0 -80.954471,35.323598,0.0 -80.948048,35.328985,0.0 -80.950704,35.331117,0.0 -80.951324,35.335282,0.0 -80.952354,35.335652,0.0 -80.954418,35.344037,0.0 -80.955741,35.345069,0.0 -80.955539,35.342233,0.0 -80.956547,35.340547,0.0 -80.956675,35.343248,0.0 -80.958312,35.342422,0.0 -80.956863,35.344139,0.0 -80.957089,35.346835,0.0 -80.96013,35.346159,0.0 -80.959059,35.345241,0.0 -80.962087,35.345146,0.0 -80.96241,35.347035,0.0 -80.963912,35.347706,0.0 -80.967088,35.350794,0.0 -80.969368,35.351446,0.0 -80.971864,35.350843,0.0 -80.97267,35.350257,0.0 -80.974434,35.34539,0.0 -80.976254,35.344114,0.0 -80.981471,35.342653,0.0 -80.983481,35.341602,0.0 -80.984894,35.340059,0.0 -80.985302,35.337217,0.0 -80.984667,35.33634,0.0 -80.982994,35.335078,0.0 -80.981805,35.333168,0.0 -80.980804,35.32979,0.0 -80.981687,35.327216,0.0 -80.982655,35.325824,0.0 -80.983622,35.324811,0.0 -80.985748,35.322923,0.0 -80.989183,35.320706,0.0 -80.992147,35.316354,0.0 -80.993365,35.313244,0.0 -80.995387,35.309472,0.0 -81.000873,35.305379,0.0 -81.001828,35.301235,0.0 -81.003854,35.297929,0.0 -81.00407,35.297291,0.0 -81.004204,35.296714,0.0 -81.007059,35.289573,0.0 -81.007941,35.284164,0.0 -81.009332,35.280367,0.0 -81.01103,35.278244,0.0 -81.013002,35.274657,0.0 -81.014896,35.26979,0.0</coordinates>
</LinearRing>
</outerBoundaryIs>
</Polygon>
</Placemark><Placemark><name>28215 — Charlotte, NC</name><description>Service ZIP: 28215. Census 2020 ZCTA boundary; approximate ZIP area.</description><styleUrl>#service-area</styleUrl><ExtendedData><Data name="ZIP"><value>28215</value></Data><Data name="Town"><value>Charlotte</value></Data><Data name="State"><value>NC</value></Data></ExtendedData><Polygon>
<extrude>0</extrude>
<tessellate>1</tessellate>
<altitudeMode>clampToGround</altitudeMode>
<outerBoundaryIs>
<LinearRing>
<coordinates>-80.781027,35.249517,0.0 -80.781212,35.247156,0.0 -80.780691,35.244679,0.0 -80.779562,35.241929,0.0 -80.775653,35.236789,0.0 -80.770093,35.234285,0.0 -80.768399,35.234205,0.0 -80.768515,35.232924,0.0 -80.770498,35.232412,0.0 -80.770768,35.231779,0.0 -80.76733,35.22825,0.0 -80.767871,35.229299,0.0 -80.766536,35.230332,0.0 -80.767017,35.231376,0.0 -80.765849,35.231932,0.0 -80.760268,35.232324,0.0 -80.760564,35.234544,0.0 -80.758859,35.234102,0.0 -80.756683,35.232851,0.0 -80.756952,35.23244,0.0 -80.756586,35.232291,0.0 -80.752692,35.229697,0.0 -80.752303,35.230078,0.0 -80.747263,35.226624,0.0 -80.748367,35.224738,0.0 -80.748699,35.224333,0.0 -80.747862,35.224053,0.0 -80.744716,35.223842,0.0 -80.744602,35.222648,0.0 -80.743147,35.222683,0.0 -80.743076,35.223124,0.0 -80.741951,35.223076,0.0 -80.741618,35.223873,0.0 -80.740751,35.223852,0.0 -80.735795,35.223082,0.0 -80.728917,35.222726,0.0 -80.729083,35.222084,0.0 -80.727356,35.222649,0.0 -80.726254,35.222662,0.0 -80.724913,35.223178,0.0 -80.722949,35.223253,0.0 -80.719949,35.225703,0.0 -80.715465,35.225613,0.0 -80.712185,35.224753,0.0 -80.708237,35.224614,0.0 -80.705581,35.222812,0.0 -80.70247,35.222095,0.0 -80.702307,35.220758,0.0 -80.699622,35.218201,0.0 -80.698002,35.218087,0.0 -80.696396,35.217074,0.0 -80.694604,35.214219,0.0 -80.688323,35.214269,0.0 -80.686875,35.212393,0.0 -80.681645,35.213502,0.0 -80.671358,35.208974,0.0 -80.667118,35.20904,0.0 -80.662376,35.211103,0.0 -80.66149,35.2127,0.0 -80.662984,35.215215,0.0 -80.66338,35.21982,0.0 -80.664852,35.220956,0.0 -80.663571,35.224736,0.0 -80.664767,35.225644,0.0 -80.663224,35.228952,0.0 -80.660639,35.22946,0.0 -80.657013,35.23326,0.0 -80.654773,35.232799,0.0 -80.653958,35.232862,0.0 -80.654342,35.23059,0.0 -80.653797,35.227223,0.0 -80.649015,35.227317,0.0 -80.643388,35.225028,0.0 -80.64295,35.223829,0.0 -80.642929,35.222597,0.0 -80.642132,35.222839,0.0 -80.64045,35.223122,0.0 -80.640548,35.225402,0.0 -80.635684,35.225618,0.0 -80.635086,35.225709,0.0 -80.634674,35.223667,0.0 -80.629085,35.22335,0.0 -80.628201,35.223284,0.0 -80.628035,35.225663,0.0 -80.62339,35.226483,0.0 -80.62336,35.228198,0.0 -80.627942,35.231359,0.0 -80.625802,35.233896,0.0 -80.624319,35.234073,0.0 -80.621146,35.237588,0.0 -80.620837,35.241089,0.0 -80.616361,35.242694,0.0 -80.627934,35.248669,0.0 -80.628134,35.248769,0.0 -80.62868,35.252293,0.0 -80.63106,35.252335,0.0 -80.631334,35.255348,0.0 -80.635062,35.256148,0.0 -80.635125,35.257138,0.0 -80.638748,35.258061,0.0 -80.637068,35.262067,0.0 -80.637046,35.265004,0.0 -80.640449,35.266504,0.0 -80.645057,35.269072,0.0 -80.646235,35.269888,0.0 -80.646612,35.27014,0.0 -80.646379,35.26676,0.0 -80.646979,35.265896,0.0 -80.647982,35.26466,0.0 -80.651678,35.264624,0.0 -80.651715,35.26556,0.0 -80.653398,35.264615,0.0 -80.659243,35.26432,0.0 -80.659884,35.264637,0.0 -80.655532,35.269295,0.0 -80.653083,35.273255,0.0 -80.65196,35.276258,0.0 -80.651337,35.276895,0.0 -80.654705,35.280388,0.0 -80.657742,35.279087,0.0 -80.658299,35.277187,0.0 -80.660163,35.27793,0.0 -80.662051,35.283611,0.0 -80.659716,35.284179,0.0 -80.658366,35.286798,0.0 -80.660817,35.285922,0.0 -80.660883,35.289782,0.0 -80.665443,35.289715,0.0 -80.667056,35.287312,0.0 -80.667451,35.287352,0.0 -80.668046,35.290056,0.0 -80.667668,35.291027,0.0 -80.66226,35.291587,0.0 -80.662192,35.29447,0.0 -80.661251,35.297301,0.0 -80.662785,35.298362,0.0 -80.666609,35.296185,0.0 -80.668369,35.295738,0.0 -80.668069,35.294754,0.0 -80.669636,35.294446,0.0 -80.669732,35.288304,0.0 -80.670382,35.287881,0.0 -80.669869,35.28511,0.0 -80.66859,35.284484,0.0 -80.672489,35.284568,0.0 -80.675799,35.294335,0.0 -80.675949,35.294781,0.0 -80.677757,35.293548,0.0 -80.680076,35.292948,0.0 -80.68261,35.296477,0.0 -80.683099,35.295911,0.0 -80.679279,35.289392,0.0 -80.680021,35.288793,0.0 -80.681873,35.287082,0.0 -80.684734,35.285461,0.0 -80.686814,35.286869,0.0 -80.688975,35.285521,0.0 -80.691074,35.285529,0.0 -80.691409,35.285263,0.0 -80.69104,35.283546,0.0 -80.689499,35.283037,0.0 -80.687619,35.279264,0.0 -80.688617,35.278876,0.0 -80.692916,35.274936,0.0 -80.696108,35.274368,0.0 -80.697423,35.274687,0.0 -80.697457,35.274696,0.0 -80.699198,35.274902,0.0 -80.705256,35.274964,0.0 -80.709665,35.278494,0.0 -80.713597,35.278061,0.0 -80.713118,35.279627,0.0 -80.71161,35.281327,0.0 -80.711979,35.282711,0.0 -80.713479,35.283957,0.0 -80.716437,35.284559,0.0 -80.719603,35.286105,0.0 -80.718447,35.281878,0.0 -80.720939,35.2811,0.0 -80.721014,35.279378,0.0 -80.722347,35.279424,0.0 -80.722611,35.275992,0.0 -80.725599,35.275393,0.0 -80.727678,35.276277,0.0 -80.730507,35.271356,0.0 -80.731512,35.266222,0.0 -80.735614,35.265129,0.0 -80.734987,35.264185,0.0 -80.735543,35.263174,0.0 -80.740899,35.263967,0.0 -80.740824,35.265524,0.0 -80.741717,35.265413,0.0 -80.741596,35.263477,0.0 -80.747617,35.262453,0.0 -80.752216,35.260182,0.0 -80.752717,35.261582,0.0 -80.759961,35.258772,0.0 -80.767071,35.257562,0.0 -80.769567,35.257921,0.0 -80.770393,35.259518,0.0 -80.780009,35.253838,0.0 -80.781027,35.249517,0.0</coordinates>
</LinearRing>
</outerBoundaryIs>
</Polygon>
</Placemark><Placemark><name>28216 — Charlotte, NC</name><description>Service ZIP: 28216. Census 2020 ZCTA boundary; approximate ZIP area.</description><styleUrl>#service-area</styleUrl><ExtendedData><Data name="ZIP"><value>28216</value></Data><Data name="Town"><value>Charlotte</value></Data><Data name="State"><value>NC</value></Data></ExtendedData><Polygon>
<extrude>0</extrude>
<tessellate>1</tessellate>
<altitudeMode>clampToGround</altitudeMode>
<outerBoundaryIs>
<LinearRing>
<coordinates>-80.96241,35.347035,0.0 -80.962087,35.345146,0.0 -80.959059,35.345241,0.0 -80.96013,35.346159,0.0 -80.957089,35.346835,0.0 -80.956863,35.344139,0.0 -80.958312,35.342422,0.0 -80.956675,35.343248,0.0 -80.956547,35.340547,0.0 -80.955539,35.342233,0.0 -80.955741,35.345069,0.0 -80.954418,35.344037,0.0 -80.952354,35.335652,0.0 -80.951324,35.335282,0.0 -80.950704,35.331117,0.0 -80.948048,35.328985,0.0 -80.954471,35.323598,0.0 -80.95251,35.320802,0.0 -80.949998,35.318682,0.0 -80.945624,35.317083,0.0 -80.942742,35.320367,0.0 -80.940875,35.321899,0.0 -80.938346,35.319857,0.0 -80.936803,35.318579,0.0 -80.937883,35.316825,0.0 -80.943436,35.31494,0.0 -80.939562,35.309912,0.0 -80.938819,35.309556,0.0 -80.936627,35.309015,0.0 -80.935813,35.308653,0.0 -80.936576,35.307368,0.0 -80.935971,35.306002,0.0 -80.936258,35.305602,0.0 -80.937996,35.30547,0.0 -80.937351,35.303646,0.0 -80.936624,35.302722,0.0 -80.934842,35.301658,0.0 -80.925309,35.299517,0.0 -80.924747,35.298225,0.0 -80.921695,35.29634,0.0 -80.923526,35.294116,0.0 -80.92302,35.290193,0.0 -80.918429,35.293037,0.0 -80.915152,35.289276,0.0 -80.915013,35.288506,0.0 -80.920175,35.28659,0.0 -80.921524,35.285639,0.0 -80.920074,35.284734,0.0 -80.919564,35.282306,0.0 -80.914251,35.282221,0.0 -80.905516,35.282086,0.0 -80.903935,35.281824,0.0 -80.900601,35.279961,0.0 -80.896875,35.276785,0.0 -80.895915,35.276023,0.0 -80.896064,35.275867,0.0 -80.887394,35.26914,0.0 -80.880103,35.260751,0.0 -80.878986,35.259619,0.0 -80.878539,35.258939,0.0 -80.873905,35.255274,0.0 -80.873782,35.255175,0.0 -80.873173,35.254904,0.0 -80.871629,35.25463,0.0 -80.871283,35.254804,0.0 -80.865253,35.252729,0.0 -80.865796,35.250876,0.0 -80.866251,35.250476,0.0 -80.85989,35.243569,0.0 -80.858713,35.241733,0.0 -80.858468,35.240553,0.0 -80.858708,35.23709,0.0 -80.858073,35.236536,0.0 -80.855789,35.235923,0.0 -80.854419,35.237481,0.0 -80.850497,35.241046,0.0 -80.847069,35.243277,0.0 -80.846331,35.246448,0.0 -80.845704,35.248074,0.0 -80.843749,35.252437,0.0 -80.841765,35.256863,0.0 -80.841627,35.257178,0.0 -80.840634,35.259792,0.0 -80.840653,35.261028,0.0 -80.841248,35.262631,0.0 -80.84539,35.268461,0.0 -80.846528,35.270573,0.0 -80.846742,35.272566,0.0 -80.846654,35.273292,0.0 -80.845506,35.27655,0.0 -80.84894,35.284259,0.0 -80.85015,35.286984,0.0 -80.851198,35.29015,0.0 -80.851459,35.29302,0.0 -80.851298,35.294863,0.0 -80.848476,35.307324,0.0 -80.847655,35.312815,0.0 -80.847657,35.31518,0.0 -80.848754,35.333844,0.0 -80.848984,35.341144,0.0 -80.848614,35.344999,0.0 -80.847884,35.348395,0.0 -80.847776,35.348766,0.0 -80.845975,35.353902,0.0 -80.842943,35.361137,0.0 -80.842568,35.363808,0.0 -80.850807,35.362673,0.0 -80.853292,35.361826,0.0 -80.853448,35.361753,0.0 -80.854236,35.364958,0.0 -80.855844,35.366669,0.0 -80.855903,35.366819,0.0 -80.858904,35.365569,0.0 -80.863974,35.361526,0.0 -80.869568,35.357262,0.0 -80.868126,35.354843,0.0 -80.875435,35.352478,0.0 -80.875976,35.352876,0.0 -80.878729,35.350696,0.0 -80.880155,35.349558,0.0 -80.882812,35.347631,0.0 -80.885437,35.346558,0.0 -80.887689,35.347562,0.0 -80.897517,35.347722,0.0 -80.897542,35.349055,0.0 -80.900953,35.350817,0.0 -80.902357,35.347629,0.0 -80.906548,35.34852,0.0 -80.90932,35.349754,0.0 -80.909982,35.348412,0.0 -80.913215,35.346141,0.0 -80.914948,35.343953,0.0 -80.916215,35.343652,0.0 -80.920884,35.345245,0.0 -80.925114,35.34847,0.0 -80.930901,35.34833,0.0 -80.935079,35.349392,0.0 -80.938398,35.351293,0.0 -80.939086,35.353673,0.0 -80.942509,35.350899,0.0 -80.943632,35.350582,0.0 -80.952042,35.350971,0.0 -80.956403,35.350258,0.0 -80.958355,35.349526,0.0 -80.96241,35.347035,0.0</coordinates>
</LinearRing>
</outerBoundaryIs>
</Polygon>
</Placemark><Placemark><name>28217 — Charlotte, NC</name><description>Service ZIP: 28217. Census 2020 ZCTA boundary; approximate ZIP area.</description><styleUrl>#service-area</styleUrl><ExtendedData><Data name="ZIP"><value>28217</value></Data><Data name="Town"><value>Charlotte</value></Data><Data name="State"><value>NC</value></Data></ExtendedData><Polygon>
<extrude>0</extrude>
<tessellate>1</tessellate>
<altitudeMode>clampToGround</altitudeMode>
<outerBoundaryIs>
<LinearRing>
<coordinates>-80.963954,35.188047,0.0 -80.964314,35.187814,0.0 -80.959931,35.187878,0.0 -80.960278,35.190204,0.0 -80.957978,35.189967,0.0 -80.95781,35.189955,0.0 -80.957967,35.189614,0.0 -80.95921,35.186345,0.0 -80.95662,35.182981,0.0 -80.956613,35.180937,0.0 -80.956968,35.179207,0.0 -80.959213,35.173124,0.0 -80.960868,35.171999,0.0 -80.960404,35.171628,0.0 -80.954387,35.170512,0.0 -80.954315,35.16849,0.0 -80.952745,35.16852,0.0 -80.951685,35.168175,0.0 -80.945126,35.167981,0.0 -80.943513,35.170501,0.0 -80.941923,35.169471,0.0 -80.941332,35.16793,0.0 -80.942819,35.165689,0.0 -80.939877,35.164256,0.0 -80.938305,35.165371,0.0 -80.934776,35.16093,0.0 -80.933698,35.161329,0.0 -80.934379,35.163663,0.0 -80.932992,35.164111,0.0 -80.930499,35.1632,0.0 -80.929646,35.163047,0.0 -80.921222,35.163741,0.0 -80.920642,35.161831,0.0 -80.92106,35.160189,0.0 -80.92362,35.161248,0.0 -80.924325,35.160197,0.0 -80.92369,35.159961,0.0 -80.921338,35.15868,0.0 -80.921855,35.157867,0.0 -80.922372,35.156731,0.0 -80.924721,35.150626,0.0 -80.92696,35.151418,0.0 -80.927245,35.151007,0.0 -80.925822,35.147868,0.0 -80.926163,35.147036,0.0 -80.917569,35.14243,0.0 -80.910976,35.139375,0.0 -80.907404,35.137776,0.0 -80.898609,35.133778,0.0 -80.897472,35.133766,0.0 -80.894832,35.13498,0.0 -80.894411,35.133478,0.0 -80.891816,35.134467,0.0 -80.891848,35.13554,0.0 -80.886168,35.136845,0.0 -80.884322,35.137279,0.0 -80.88082,35.137994,0.0 -80.876681,35.137713,0.0 -80.876335,35.137719,0.0 -80.876561,35.139869,0.0 -80.875853,35.139877,0.0 -80.875864,35.142783,0.0 -80.876504,35.142861,0.0 -80.876432,35.146787,0.0 -80.875352,35.146722,0.0 -80.875022,35.151835,0.0 -80.875567,35.152699,0.0 -80.87468,35.152698,0.0 -80.874561,35.155632,0.0 -80.87428,35.156034,0.0 -80.875533,35.156741,0.0 -80.876247,35.156776,0.0 -80.876092,35.162908,0.0 -80.876139,35.164923,0.0 -80.875569,35.164733,0.0 -80.874676,35.165019,0.0 -80.874595,35.167753,0.0 -80.874608,35.169279,0.0 -80.871467,35.168283,0.0 -80.871499,35.169266,0.0 -80.874908,35.170645,0.0 -80.874835,35.172654,0.0 -80.875944,35.17272,0.0 -80.875876,35.176484,0.0 -80.87943,35.177948,0.0 -80.879359,35.180691,0.0 -80.878539,35.183953,0.0 -80.877903,35.185594,0.0 -80.875665,35.189576,0.0 -80.877778,35.190442,0.0 -80.875131,35.195092,0.0 -80.873739,35.194605,0.0 -80.873734,35.195994,0.0 -80.872378,35.195414,0.0 -80.872022,35.195986,0.0 -80.870436,35.198026,0.0 -80.873357,35.19957,0.0 -80.87363,35.200464,0.0 -80.873825,35.200223,0.0 -80.875861,35.199418,0.0 -80.876988,35.200555,0.0 -80.878231,35.199568,0.0 -80.88029,35.202743,0.0 -80.880183,35.202936,0.0 -80.880274,35.203112,0.0 -80.876432,35.208027,0.0 -80.875399,35.210129,0.0 -80.876893,35.210468,0.0 -80.879657,35.210928,0.0 -80.88044,35.210009,0.0 -80.882985,35.207836,0.0 -80.883921,35.206937,0.0 -80.884692,35.206508,0.0 -80.889023,35.208179,0.0 -80.892729,35.205071,0.0 -80.893499,35.204738,0.0 -80.894467,35.203844,0.0 -80.897706,35.200628,0.0 -80.899057,35.200117,0.0 -80.904255,35.19816,0.0 -80.906356,35.196809,0.0 -80.90836,35.194024,0.0 -80.909026,35.193774,0.0 -80.914977,35.193364,0.0 -80.916118,35.194414,0.0 -80.918122,35.194344,0.0 -80.921294,35.190345,0.0 -80.921576,35.189703,0.0 -80.923921,35.190217,0.0 -80.929171,35.189837,0.0 -80.930311,35.190923,0.0 -80.931373,35.190434,0.0 -80.935547,35.193407,0.0 -80.941662,35.193277,0.0 -80.944904,35.192695,0.0 -80.946821,35.19263,0.0 -80.955798,35.19013,0.0 -80.957565,35.190329,0.0 -80.958067,35.190368,0.0 -80.962215,35.190852,0.0 -80.963954,35.188047,0.0</coordinates>
</LinearRing>
</outerBoundaryIs>
</Polygon>
</Placemark><Placemark><name>28226 — Charlotte, NC</name><description>Service ZIP: 28226. Census 2020 ZCTA boundary; approximate ZIP area.</description><styleUrl>#service-area</styleUrl><ExtendedData><Data name="ZIP"><value>28226</value></Data><Data name="Town"><value>Charlotte</value></Data><Data name="State"><value>NC</value></Data></ExtendedData><Polygon>
<extrude>0</extrude>
<tessellate>1</tessellate>
<altitudeMode>clampToGround</altitudeMode>
<outerBoundaryIs>
<LinearRing>
<coordinates>-80.874591,35.0761,0.0 -80.874325,35.076182,0.0 -80.873606,35.075915,0.0 -80.867353,35.070041,0.0 -80.867551,35.068566,0.0 -80.869436,35.066347,0.0 -80.867631,35.065907,0.0 -80.868421,35.062462,0.0 -80.865993,35.062586,0.0 -80.863629,35.061117,0.0 -80.863562,35.060291,0.0 -80.861183,35.061103,0.0 -80.858187,35.065352,0.0 -80.855294,35.066357,0.0 -80.852716,35.068933,0.0 -80.848457,35.07001,0.0 -80.84825,35.071445,0.0 -80.843446,35.073884,0.0 -80.840688,35.07443,0.0 -80.840644,35.074468,0.0 -80.838958,35.077404,0.0 -80.839189,35.080216,0.0 -80.834085,35.085355,0.0 -80.832627,35.084192,0.0 -80.82997,35.082977,0.0 -80.826652,35.0829,0.0 -80.82296,35.084092,0.0 -80.815767,35.086531,0.0 -80.81188,35.087489,0.0 -80.806929,35.08864,0.0 -80.803498,35.091528,0.0 -80.797638,35.092588,0.0 -80.793992,35.093418,0.0 -80.788848,35.095731,0.0 -80.787964,35.094354,0.0 -80.785083,35.095419,0.0 -80.781167,35.096345,0.0 -80.781626,35.098434,0.0 -80.782148,35.099073,0.0 -80.780771,35.099566,0.0 -80.778741,35.100013,0.0 -80.779123,35.103981,0.0 -80.778625,35.108379,0.0 -80.778292,35.110789,0.0 -80.77861,35.113254,0.0 -80.779444,35.117352,0.0 -80.78082,35.12429,0.0 -80.78123,35.128417,0.0 -80.779191,35.129516,0.0 -80.778407,35.130408,0.0 -80.77842,35.132043,0.0 -80.781745,35.132813,0.0 -80.781878,35.133343,0.0 -80.783735,35.137823,0.0 -80.784907,35.140559,0.0 -80.785234,35.141327,0.0 -80.785759,35.14225,0.0 -80.786092,35.142723,0.0 -80.788157,35.145039,0.0 -80.787953,35.145304,0.0 -80.787876,35.145709,0.0 -80.787772,35.145817,0.0 -80.787783,35.146393,0.0 -80.788107,35.146441,0.0 -80.788457,35.146791,0.0 -80.788671,35.146904,0.0 -80.789109,35.146914,0.0 -80.78959,35.146608,0.0 -80.790472,35.147584,0.0 -80.79328,35.151339,0.0 -80.791167,35.151885,0.0 -80.791578,35.152919,0.0 -80.791703,35.153499,0.0 -80.792087,35.15415,0.0 -80.794126,35.153347,0.0 -80.79497,35.154443,0.0 -80.796298,35.152827,0.0 -80.798358,35.15124,0.0 -80.802069,35.148874,0.0 -80.803843,35.148155,0.0 -80.812619,35.147385,0.0 -80.822984,35.146341,0.0 -80.825446,35.146843,0.0 -80.822485,35.144514,0.0 -80.820091,35.144488,0.0 -80.819715,35.143318,0.0 -80.819038,35.143178,0.0 -80.820752,35.142588,0.0 -80.819996,35.141032,0.0 -80.820098,35.137754,0.0 -80.821308,35.136245,0.0 -80.820831,35.13521,0.0 -80.82303,35.135359,0.0 -80.823864,35.134445,0.0 -80.823033,35.131295,0.0 -80.820896,35.130779,0.0 -80.822834,35.127615,0.0 -80.826,35.125771,0.0 -80.827663,35.123955,0.0 -80.827215,35.12281,0.0 -80.828721,35.117201,0.0 -80.830387,35.115946,0.0 -80.831473,35.110413,0.0 -80.834789,35.109508,0.0 -80.839737,35.109955,0.0 -80.844086,35.10771,0.0 -80.8437,35.106297,0.0 -80.844948,35.104733,0.0 -80.846712,35.101368,0.0 -80.846755,35.100943,0.0 -80.849588,35.096369,0.0 -80.852723,35.092109,0.0 -80.85395,35.089824,0.0 -80.855364,35.09144,0.0 -80.856327,35.091983,0.0 -80.85767,35.089399,0.0 -80.859039,35.090995,0.0 -80.863734,35.092395,0.0 -80.864761,35.090084,0.0 -80.870301,35.089977,0.0 -80.870608,35.089328,0.0 -80.870727,35.088718,0.0 -80.870835,35.087926,0.0 -80.870721,35.087309,0.0 -80.870461,35.086886,0.0 -80.87008,35.086494,0.0 -80.868592,35.084944,0.0 -80.869673,35.084399,0.0 -80.871852,35.080521,0.0 -80.872503,35.080697,0.0 -80.874591,35.0761,0.0</coordinates>
</LinearRing>
</outerBoundaryIs>
</Polygon>
</Placemark><Placemark><name>28227 — Charlotte, NC (part 1)</name><description>Service ZIP: 28227. Census 2020 ZCTA boundary; approximate ZIP area.</description><styleUrl>#service-area</styleUrl><ExtendedData><Data name="ZIP"><value>28227</value></Data><Data name="Town"><value>Charlotte</value></Data><Data name="State"><value>NC</value></Data></ExtendedData><Polygon>
<extrude>0</extrude>
<tessellate>1</tessellate>
<altitudeMode>clampToGround</altitudeMode>
<outerBoundaryIs>
<LinearRing>
<coordinates>-80.72943,35.187313,0.0 -80.729972,35.185905,0.0 -80.724079,35.17924,0.0 -80.722628,35.177958,0.0 -80.719579,35.17596,0.0 -80.722011,35.174236,0.0 -80.724424,35.174553,0.0 -80.725267,35.173518,0.0 -80.719915,35.170634,0.0 -80.714988,35.169296,0.0 -80.714149,35.1709,0.0 -80.710243,35.170463,0.0 -80.708116,35.171541,0.0 -80.706841,35.173344,0.0 -80.708115,35.174551,0.0 -80.706975,35.175245,0.0 -80.705226,35.175155,0.0 -80.701013,35.177836,0.0 -80.696247,35.180703,0.0 -80.692261,35.181094,0.0 -80.692018,35.180406,0.0 -80.695881,35.177218,0.0 -80.696937,35.173373,0.0 -80.699399,35.173649,0.0 -80.698972,35.174768,0.0 -80.700844,35.176527,0.0 -80.703664,35.17479,0.0 -80.702592,35.174316,0.0 -80.701067,35.175401,0.0 -80.700015,35.174657,0.0 -80.699967,35.171777,0.0 -80.697825,35.170022,0.0 -80.698865,35.165559,0.0 -80.697492,35.162881,0.0 -80.69745,35.161343,0.0 -80.698319,35.160918,0.0 -80.696808,35.159282,0.0 -80.696888,35.157986,0.0 -80.694717,35.15514,0.0 -80.694016,35.153465,0.0 -80.691163,35.152034,0.0 -80.689256,35.149361,0.0 -80.687265,35.149361,0.0 -80.685821,35.147614,0.0 -80.680507,35.147932,0.0 -80.680436,35.148209,0.0 -80.679437,35.151531,0.0 -80.676184,35.15385,0.0 -80.669642,35.146508,0.0 -80.666839,35.142699,0.0 -80.668378,35.142963,0.0 -80.670005,35.141433,0.0 -80.670143,35.137419,0.0 -80.670963,35.13616,0.0 -80.669423,35.134966,0.0 -80.665048,35.133395,0.0 -80.663913,35.132154,0.0 -80.664215,35.131471,0.0 -80.661547,35.130218,0.0 -80.660546,35.132016,0.0 -80.656993,35.133711,0.0 -80.655911,35.135145,0.0 -80.655923,35.139081,0.0 -80.653997,35.139079,0.0 -80.652876,35.139886,0.0 -80.651761,35.142063,0.0 -80.650667,35.14203,0.0 -80.649205,35.1436,0.0 -80.646619,35.143766,0.0 -80.646736,35.142754,0.0 -80.644866,35.141004,0.0 -80.644436,35.14192,0.0 -80.642783,35.141021,0.0 -80.639991,35.140736,0.0 -80.634242,35.143273,0.0 -80.632949,35.14405,0.0 -80.630944,35.146269,0.0 -80.63041,35.146484,0.0 -80.630299,35.146672,0.0 -80.628302,35.145725,0.0 -80.626362,35.144504,0.0 -80.62123,35.150756,0.0 -80.618862,35.150029,0.0 -80.618131,35.153915,0.0 -80.616253,35.155418,0.0 -80.6125,35.158464,0.0 -80.612373,35.158568,0.0 -80.610358,35.158112,0.0 -80.60413,35.157821,0.0 -80.602332,35.161327,0.0 -80.600697,35.162021,0.0 -80.600551,35.162052,0.0 -80.597203,35.167786,0.0 -80.598624,35.168345,0.0 -80.599735,35.168645,0.0 -80.579387,35.185016,0.0 -80.555397,35.204322,0.0 -80.557794,35.205628,0.0 -80.560678,35.205299,0.0 -80.561538,35.206035,0.0 -80.562799,35.204924,0.0 -80.56431,35.205153,0.0 -80.566762,35.204214,0.0 -80.567423,35.203025,0.0 -80.56763,35.200363,0.0 -80.571319,35.197661,0.0 -80.572885,35.20033,0.0 -80.5793,35.201095,0.0 -80.579679,35.20857,0.0 -80.579329,35.212285,0.0 -80.578114,35.212863,0.0 -80.582503,35.214286,0.0 -80.584335,35.217197,0.0 -80.588651,35.216414,0.0 -80.591005,35.227258,0.0 -80.589127,35.228626,0.0 -80.599535,35.234007,0.0 -80.599733,35.234105,0.0 -80.616361,35.242694,0.0 -80.620837,35.241089,0.0 -80.621146,35.237588,0.0 -80.624319,35.234073,0.0 -80.625802,35.233896,0.0 -80.627942,35.231359,0.0 -80.62336,35.228198,0.0 -80.62339,35.226483,0.0 -80.628035,35.225663,0.0 -80.628201,35.223284,0.0 -80.629085,35.22335,0.0 -80.634674,35.223667,0.0 -80.635086,35.225709,0.0 -80.635684,35.225618,0.0 -80.640548,35.225402,0.0 -80.64045,35.223122,0.0 -80.642132,35.222839,0.0 -80.642929,35.222597,0.0 -80.64295,35.223829,0.0 -80.643388,35.225028,0.0 -80.649015,35.227317,0.0 -80.653797,35.227223,0.0 -80.654342,35.23059,0.0 -80.653958,35.232862,0.0 -80.654773,35.232799,0.0 -80.657013,35.23326,0.0 -80.660639,35.22946,0.0 -80.663224,35.228952,0.0 -80.664767,35.225644,0.0 -80.663571,35.224736,0.0 -80.664852,35.220956,0.0 -80.66338,35.21982,0.0 -80.662984,35.215215,0.0 -80.66149,35.2127,0.0 -80.662376,35.211103,0.0 -80.667118,35.20904,0.0 -80.671358,35.208974,0.0 -80.681645,35.213502,0.0 -80.686875,35.212393,0.0 -80.688323,35.214269,0.0 -80.694604,35.214219,0.0 -80.696396,35.217074,0.0 -80.698002,35.218087,0.0 -80.699622,35.218201,0.0 -80.702307,35.220758,0.0 -80.70247,35.222095,0.0 -80.705581,35.222812,0.0 -80.708237,35.224614,0.0 -80.712185,35.224753,0.0 -80.715465,35.225613,0.0 -80.719949,35.225703,0.0 -80.722949,35.223253,0.0 -80.724913,35.223178,0.0 -80.723085,35.219443,0.0 -80.722362,35.217402,0.0 -80.726053,35.211788,0.0 -80.726044,35.208118,0.0 -80.725949,35.202503,0.0 -80.726434,35.196409,0.0 -80.726317,35.19599,0.0 -80.725533,35.194388,0.0 -80.724995,35.194493,0.0 -80.728685,35.188548,0.0 -80.72943,35.187313,0.0</coordinates>
</LinearRing>
</outerBoundaryIs>
</Polygon>
</Placemark><Placemark><name>28227 — Charlotte, NC (part 2)</name><description>Service ZIP: 28227. Census 2020 ZCTA boundary; approximate ZIP area.</description><styleUrl>#service-area</styleUrl><ExtendedData><Data name="ZIP"><value>28227</value></Data><Data name="Town"><value>Charlotte</value></Data><Data name="State"><value>NC</value></Data></ExtendedData><Polygon>
<extrude>0</extrude>
<tessellate>1</tessellate>
<altitudeMode>clampToGround</altitudeMode>
<outerBoundaryIs>
<LinearRing>
<coordinates>-80.742526,35.166944,0.0 -80.740501,35.16372,0.0 -80.739407,35.162614,0.0 -80.736366,35.159765,0.0 -80.735993,35.160357,0.0 -80.734982,35.161534,0.0 -80.737901,35.164128,0.0 -80.736934,35.167648,0.0 -80.738167,35.168781,0.0 -80.739331,35.167939,0.0 -80.742526,35.166944,0.0</coordinates>
</LinearRing>
</outerBoundaryIs>
</Polygon>
</Placemark><Placemark><name>28227 — Charlotte, NC (part 3)</name><description>Service ZIP: 28227. Census 2020 ZCTA boundary; approximate ZIP area.</description><styleUrl>#service-area</styleUrl><ExtendedData><Data name="ZIP"><value>28227</value></Data><Data name="Town"><value>Charlotte</value></Data><Data name="State"><value>NC</value></Data></ExtendedData><Polygon>
<extrude>0</extrude>
<tessellate>1</tessellate>
<altitudeMode>clampToGround</altitudeMode>
<outerBoundaryIs>
<LinearRing>
<coordinates>-80.740275,35.153454,0.0 -80.743247,35.148923,0.0 -80.736735,35.145473,0.0 -80.733177,35.142142,0.0 -80.732175,35.141041,0.0 -80.730831,35.138289,0.0 -80.729405,35.136742,0.0 -80.731051,35.139034,0.0 -80.727866,35.142004,0.0 -80.723319,35.141671,0.0 -80.720322,35.142582,0.0 -80.72252,35.145089,0.0 -80.724318,35.147133,0.0 -80.726121,35.149196,0.0 -80.731288,35.155032,0.0 -80.736366,35.159765,0.0 -80.736711,35.159329,0.0 -80.738703,35.156212,0.0 -80.740275,35.153454,0.0</coordinates>
</LinearRing>
</outerBoundaryIs>
</Polygon>
</Placemark><Placemark><name>28262 — Charlotte, NC</name><description>Service ZIP: 28262. Census 2020 ZCTA boundary; approximate ZIP area.</description><styleUrl>#service-area</styleUrl><ExtendedData><Data name="ZIP"><value>28262</value></Data><Data name="Town"><value>Charlotte</value></Data><Data name="State"><value>NC</value></Data></ExtendedData><Polygon>
<extrude>0</extrude>
<tessellate>1</tessellate>
<altitudeMode>clampToGround</altitudeMode>
<outerBoundaryIs>
<LinearRing>
<coordinates>-80.805455,35.301162,0.0 -80.80333,35.300391,0.0 -80.800795,35.29875,0.0 -80.799088,35.296848,0.0 -80.798889,35.296933,0.0 -80.797986,35.295638,0.0 -80.796582,35.292139,0.0 -80.796142,35.291041,0.0 -80.796726,35.290827,0.0 -80.79599,35.287001,0.0 -80.794982,35.284533,0.0 -80.794102,35.284621,0.0 -80.794325,35.280764,0.0 -80.795374,35.278806,0.0 -80.799049,35.277473,0.0 -80.793527,35.278927,0.0 -80.793526,35.278725,0.0 -80.790476,35.279539,0.0 -80.77367,35.28403,0.0 -80.772239,35.284217,0.0 -80.770748,35.28427,0.0 -80.763927,35.284525,0.0 -80.762297,35.285244,0.0 -80.758952,35.288379,0.0 -80.756583,35.2908,0.0 -80.755167,35.295362,0.0 -80.749476,35.295452,0.0 -80.748032,35.293759,0.0 -80.744004,35.295374,0.0 -80.743354,35.295873,0.0 -80.743144,35.295971,0.0 -80.746224,35.300824,0.0 -80.744284,35.301641,0.0 -80.741885,35.300744,0.0 -80.741312,35.302049,0.0 -80.740346,35.304324,0.0 -80.738281,35.306996,0.0 -80.736788,35.31137,0.0 -80.736253,35.318051,0.0 -80.732031,35.319694,0.0 -80.731258,35.315473,0.0 -80.728381,35.312931,0.0 -80.729257,35.310895,0.0 -80.725444,35.309813,0.0 -80.724371,35.308156,0.0 -80.724663,35.307187,0.0 -80.724273,35.305949,0.0 -80.720932,35.308152,0.0 -80.721057,35.308614,0.0 -80.719296,35.310075,0.0 -80.719005,35.309064,0.0 -80.717743,35.309495,0.0 -80.716459,35.309919,0.0 -80.717207,35.311558,0.0 -80.716049,35.311954,0.0 -80.715307,35.310305,0.0 -80.712282,35.311293,0.0 -80.712137,35.311338,0.0 -80.707637,35.312393,0.0 -80.697738,35.314772,0.0 -80.693761,35.315117,0.0 -80.693411,35.315154,0.0 -80.691334,35.315248,0.0 -80.683017,35.315647,0.0 -80.683629,35.317504,0.0 -80.685364,35.322813,0.0 -80.68644,35.32611,0.0 -80.687215,35.32848,0.0 -80.68954,35.335595,0.0 -80.689562,35.335665,0.0 -80.68979,35.336363,0.0 -80.692437,35.344463,0.0 -80.693061,35.346379,0.0 -80.693654,35.346734,0.0 -80.693772,35.346794,0.0 -80.695473,35.347759,0.0 -80.699861,35.350246,0.0 -80.703502,35.352306,0.0 -80.701642,35.352892,0.0 -80.701046,35.354428,0.0 -80.702146,35.356583,0.0 -80.703513,35.357898,0.0 -80.707925,35.357225,0.0 -80.709788,35.358278,0.0 -80.711509,35.359096,0.0 -80.711895,35.35944,0.0 -80.711975,35.360041,0.0 -80.717603,35.36337,0.0 -80.718934,35.362285,0.0 -80.719672,35.362792,0.0 -80.721775,35.364243,0.0 -80.725448,35.366808,0.0 -80.728469,35.368927,0.0 -80.732757,35.371931,0.0 -80.736617,35.374823,0.0 -80.74046,35.377708,0.0 -80.740697,35.377004,0.0 -80.74214,35.373144,0.0 -80.742784,35.37252,0.0 -80.745696,35.371355,0.0 -80.747219,35.370117,0.0 -80.748401,35.364559,0.0 -80.747021,35.363403,0.0 -80.745958,35.36221,0.0 -80.745319,35.360515,0.0 -80.749121,35.361997,0.0 -80.750361,35.360998,0.0 -80.75284,35.359254,0.0 -80.756221,35.356538,0.0 -80.757719,35.353586,0.0 -80.757971,35.353059,0.0 -80.759093,35.350499,0.0 -80.759739,35.346252,0.0 -80.76183,35.34467,0.0 -80.764314,35.342948,0.0 -80.767733,35.341614,0.0 -80.769327,35.340879,0.0 -80.769908,35.340396,0.0 -80.773068,35.334011,0.0 -80.773229,35.332786,0.0 -80.772251,35.329009,0.0 -80.773345,35.326245,0.0 -80.774736,35.32212,0.0 -80.775694,35.32099,0.0 -80.777465,35.319879,0.0 -80.778953,35.318432,0.0 -80.780697,35.319619,0.0 -80.782106,35.321151,0.0 -80.782569,35.320476,0.0 -80.780992,35.31639,0.0 -80.78321,35.314657,0.0 -80.786529,35.313336,0.0 -80.787293,35.314831,0.0 -80.79154,35.312465,0.0 -80.791206,35.31154,0.0 -80.792313,35.310946,0.0 -80.794703,35.30843,0.0 -80.801645,35.300421,0.0 -80.802793,35.302122,0.0 -80.805455,35.301162,0.0</coordinates>
</LinearRing>
</outerBoundaryIs>
</Polygon>
</Placemark><Placemark><name>28269 — Charlotte, NC</name><description>Service ZIP: 28269. Census 2020 ZCTA boundary; approximate ZIP area.</description><styleUrl>#service-area</styleUrl><ExtendedData><Data name="ZIP"><value>28269</value></Data><Data name="Town"><value>Charlotte</value></Data><Data name="State"><value>NC</value></Data></ExtendedData><Polygon>
<extrude>0</extrude>
<tessellate>1</tessellate>
<altitudeMode>clampToGround</altitudeMode>
<outerBoundaryIs>
<LinearRing>
<coordinates>-80.851298,35.294863,0.0 -80.851459,35.29302,0.0 -80.851198,35.29015,0.0 -80.85015,35.286984,0.0 -80.84894,35.284259,0.0 -80.845506,35.27655,0.0 -80.846654,35.273292,0.0 -80.846742,35.272566,0.0 -80.844709,35.272941,0.0 -80.842807,35.273077,0.0 -80.836662,35.272719,0.0 -80.83227,35.272972,0.0 -80.814597,35.276751,0.0 -80.812557,35.276964,0.0 -80.809067,35.276659,0.0 -80.808826,35.276634,0.0 -80.803193,35.276267,0.0 -80.793526,35.278725,0.0 -80.793527,35.278927,0.0 -80.799049,35.277473,0.0 -80.795374,35.278806,0.0 -80.794325,35.280764,0.0 -80.794102,35.284621,0.0 -80.794982,35.284533,0.0 -80.79599,35.287001,0.0 -80.796726,35.290827,0.0 -80.796142,35.291041,0.0 -80.796582,35.292139,0.0 -80.797986,35.295638,0.0 -80.798889,35.296933,0.0 -80.799088,35.296848,0.0 -80.800795,35.29875,0.0 -80.80333,35.300391,0.0 -80.805455,35.301162,0.0 -80.802793,35.302122,0.0 -80.801645,35.300421,0.0 -80.794703,35.30843,0.0 -80.792313,35.310946,0.0 -80.791206,35.31154,0.0 -80.79154,35.312465,0.0 -80.787293,35.314831,0.0 -80.786529,35.313336,0.0 -80.78321,35.314657,0.0 -80.780992,35.31639,0.0 -80.782569,35.320476,0.0 -80.782106,35.321151,0.0 -80.780697,35.319619,0.0 -80.778953,35.318432,0.0 -80.777465,35.319879,0.0 -80.775694,35.32099,0.0 -80.774736,35.32212,0.0 -80.773345,35.326245,0.0 -80.772251,35.329009,0.0 -80.773229,35.332786,0.0 -80.773068,35.334011,0.0 -80.769908,35.340396,0.0 -80.769327,35.340879,0.0 -80.767733,35.341614,0.0 -80.764314,35.342948,0.0 -80.76183,35.34467,0.0 -80.759739,35.346252,0.0 -80.759093,35.350499,0.0 -80.757971,35.353059,0.0 -80.757719,35.353586,0.0 -80.756221,35.356538,0.0 -80.75284,35.359254,0.0 -80.750361,35.360998,0.0 -80.749121,35.361997,0.0 -80.745319,35.360515,0.0 -80.745958,35.36221,0.0 -80.747021,35.363403,0.0 -80.748401,35.364559,0.0 -80.747219,35.370117,0.0 -80.745696,35.371355,0.0 -80.742784,35.37252,0.0 -80.74214,35.373144,0.0 -80.740697,35.377004,0.0 -80.74046,35.377708,0.0 -80.742589,35.379303,0.0 -80.742466,35.380889,0.0 -80.74308,35.381094,0.0 -80.742092,35.386151,0.0 -80.742875,35.387043,0.0 -80.74006,35.388406,0.0 -80.736933,35.387557,0.0 -80.735843,35.389272,0.0 -80.737354,35.390438,0.0 -80.737793,35.396052,0.0 -80.737973,35.396445,0.0 -80.738533,35.396942,0.0 -80.739318,35.397476,0.0 -80.739934,35.398259,0.0 -80.741471,35.399644,0.0 -80.743625,35.40261,0.0 -80.748144,35.400324,0.0 -80.748198,35.400428,0.0 -80.75175,35.399182,0.0 -80.752304,35.396545,0.0 -80.75555,35.398229,0.0 -80.756257,35.39849,0.0 -80.757157,35.398948,0.0 -80.758205,35.399897,0.0 -80.75952,35.400468,0.0 -80.759747,35.397471,0.0 -80.764295,35.400203,0.0 -80.766172,35.399168,0.0 -80.769059,35.397558,0.0 -80.774385,35.392752,0.0 -80.775126,35.392358,0.0 -80.775521,35.392196,0.0 -80.778003,35.391177,0.0 -80.779258,35.39055,0.0 -80.786697,35.384439,0.0 -80.786798,35.384335,0.0 -80.789047,35.382334,0.0 -80.794389,35.380414,0.0 -80.798709,35.37748,0.0 -80.803665,35.37413,0.0 -80.807437,35.372033,0.0 -80.809383,35.370957,0.0 -80.809632,35.37082,0.0 -80.815926,35.367751,0.0 -80.815861,35.366576,0.0 -80.8163,35.365909,0.0 -80.819722,35.363869,0.0 -80.819373,35.36123,0.0 -80.820536,35.35789,0.0 -80.822089,35.353583,0.0 -80.82268,35.353662,0.0 -80.822395,35.356427,0.0 -80.822701,35.358388,0.0 -80.823779,35.361384,0.0 -80.825735,35.363707,0.0 -80.82692,35.365031,0.0 -80.83144,35.370185,0.0 -80.837811,35.37034,0.0 -80.840942,35.369125,0.0 -80.838937,35.365757,0.0 -80.838476,35.364321,0.0 -80.842568,35.363808,0.0 -80.842943,35.361137,0.0 -80.845975,35.353902,0.0 -80.847776,35.348766,0.0 -80.847884,35.348395,0.0 -80.848614,35.344999,0.0 -80.848984,35.341144,0.0 -80.848754,35.333844,0.0 -80.847657,35.31518,0.0 -80.847655,35.312815,0.0 -80.848476,35.307324,0.0 -80.851298,35.294863,0.0</coordinates>
</LinearRing>
</outerBoundaryIs>
</Polygon>
</Placemark><Placemark><name>28270 — Charlotte, NC</name><description>Service ZIP: 28270. Census 2020 ZCTA boundary; approximate ZIP area.</description><styleUrl>#service-area</styleUrl><ExtendedData><Data name="ZIP"><value>28270</value></Data><Data name="Town"><value>Charlotte</value></Data><Data name="State"><value>NC</value></Data></ExtendedData><Polygon>
<extrude>0</extrude>
<tessellate>1</tessellate>
<altitudeMode>clampToGround</altitudeMode>
<outerBoundaryIs>
<LinearRing>
<coordinates>-80.79497,35.154443,0.0 -80.794126,35.153347,0.0 -80.792087,35.15415,0.0 -80.791703,35.153499,0.0 -80.791578,35.152919,0.0 -80.791167,35.151885,0.0 -80.79328,35.151339,0.0 -80.790472,35.147584,0.0 -80.78959,35.146608,0.0 -80.789109,35.146914,0.0 -80.788671,35.146904,0.0 -80.788457,35.146791,0.0 -80.788107,35.146441,0.0 -80.787783,35.146393,0.0 -80.787772,35.145817,0.0 -80.787876,35.145709,0.0 -80.787953,35.145304,0.0 -80.788157,35.145039,0.0 -80.786092,35.142723,0.0 -80.785759,35.14225,0.0 -80.785234,35.141327,0.0 -80.784907,35.140559,0.0 -80.783735,35.137823,0.0 -80.781878,35.133343,0.0 -80.781745,35.132813,0.0 -80.77842,35.132043,0.0 -80.778407,35.130408,0.0 -80.779191,35.129516,0.0 -80.78123,35.128417,0.0 -80.78082,35.12429,0.0 -80.779444,35.117352,0.0 -80.77861,35.113254,0.0 -80.778292,35.110789,0.0 -80.778625,35.108379,0.0 -80.779123,35.103981,0.0 -80.778741,35.100013,0.0 -80.777879,35.100237,0.0 -80.776364,35.101062,0.0 -80.775927,35.100082,0.0 -80.778195,35.098109,0.0 -80.774732,35.08832,0.0 -80.772546,35.081588,0.0 -80.772298,35.080694,0.0 -80.772179,35.079344,0.0 -80.772273,35.07808,0.0 -80.772602,35.076794,0.0 -80.772726,35.0761,0.0 -80.772803,35.074786,0.0 -80.773131,35.073724,0.0 -80.772625,35.073488,0.0 -80.772377,35.072943,0.0 -80.771021,35.068567,0.0 -80.77173,35.068274,0.0 -80.770835,35.067523,0.0 -80.770055,35.064738,0.0 -80.767603,35.064621,0.0 -80.767788,35.064039,0.0 -80.764186,35.060664,0.0 -80.766412,35.060329,0.0 -80.769846,35.060124,0.0 -80.769836,35.059872,0.0 -80.763469,35.060544,0.0 -80.757136,35.062694,0.0 -80.753654,35.064652,0.0 -80.749742,35.067943,0.0 -80.748924,35.067807,0.0 -80.747981,35.06481,0.0 -80.747856,35.061611,0.0 -80.746687,35.061847,0.0 -80.743154,35.064887,0.0 -80.743058,35.067463,0.0 -80.742284,35.070213,0.0 -80.7404,35.069391,0.0 -80.739252,35.070816,0.0 -80.73441,35.0687,0.0 -80.733896,35.068406,0.0 -80.728978,35.069548,0.0 -80.729916,35.075952,0.0 -80.729106,35.078317,0.0 -80.73013,35.080975,0.0 -80.730261,35.081194,0.0 -80.731373,35.08083,0.0 -80.731849,35.08175,0.0 -80.732517,35.081472,0.0 -80.736243,35.084676,0.0 -80.731969,35.087873,0.0 -80.733002,35.090217,0.0 -80.734423,35.092227,0.0 -80.734085,35.09684,0.0 -80.732767,35.09948,0.0 -80.732552,35.100381,0.0 -80.734986,35.100475,0.0 -80.73593,35.100089,0.0 -80.735959,35.100074,0.0 -80.736305,35.100069,0.0 -80.736452,35.100473,0.0 -80.73635,35.101116,0.0 -80.73643,35.101365,0.0 -80.737098,35.101816,0.0 -80.737432,35.102247,0.0 -80.737827,35.102457,0.0 -80.738353,35.101614,0.0 -80.738841,35.101368,0.0 -80.739174,35.101024,0.0 -80.740139,35.098938,0.0 -80.741316,35.098791,0.0 -80.741849,35.102763,0.0 -80.745255,35.101217,0.0 -80.745741,35.101261,0.0 -80.745577,35.099983,0.0 -80.746163,35.098853,0.0 -80.748189,35.098098,0.0 -80.749198,35.098918,0.0 -80.750058,35.099075,0.0 -80.752071,35.09909,0.0 -80.753691,35.098435,0.0 -80.754661,35.097789,0.0 -80.75496,35.097603,0.0 -80.755389,35.097265,0.0 -80.75551,35.096939,0.0 -80.755453,35.096541,0.0 -80.755568,35.096324,0.0 -80.755582,35.096212,0.0 -80.759142,35.096268,0.0 -80.758971,35.101435,0.0 -80.7605,35.104041,0.0 -80.763541,35.105716,0.0 -80.759128,35.10826,0.0 -80.761227,35.110455,0.0 -80.759149,35.111916,0.0 -80.758246,35.112436,0.0 -80.756542,35.113267,0.0 -80.754018,35.114208,0.0 -80.752614,35.11456,0.0 -80.749241,35.114684,0.0 -80.745957,35.114823,0.0 -80.743839,35.115519,0.0 -80.744199,35.117131,0.0 -80.746644,35.118932,0.0 -80.750576,35.118862,0.0 -80.75149,35.124003,0.0 -80.751798,35.126303,0.0 -80.752197,35.127146,0.0 -80.7522,35.129875,0.0 -80.749118,35.129192,0.0 -80.747879,35.131586,0.0 -80.747985,35.131121,0.0 -80.74806,35.130785,0.0 -80.74583,35.130622,0.0 -80.744228,35.129255,0.0 -80.742759,35.129311,0.0 -80.743396,35.129866,0.0 -80.743491,35.131603,0.0 -80.742421,35.132734,0.0 -80.740259,35.13282,0.0 -80.736672,35.134327,0.0 -80.736499,35.13399,0.0 -80.729806,35.136552,0.0 -80.729405,35.136742,0.0 -80.730831,35.138289,0.0 -80.732175,35.141041,0.0 -80.733177,35.142142,0.0 -80.736735,35.145473,0.0 -80.743247,35.148923,0.0 -80.744251,35.148666,0.0 -80.745542,35.148232,0.0 -80.750017,35.148845,0.0 -80.753249,35.148142,0.0 -80.756691,35.146081,0.0 -80.76076,35.143638,0.0 -80.767571,35.137717,0.0 -80.767769,35.140743,0.0 -80.767347,35.141227,0.0 -80.768034,35.144008,0.0 -80.77044,35.146961,0.0 -80.772388,35.147608,0.0 -80.772535,35.148346,0.0 -80.773215,35.151462,0.0 -80.774105,35.152773,0.0 -80.77456,35.153534,0.0 -80.773789,35.153614,0.0 -80.775066,35.154678,0.0 -80.77551,35.155725,0.0 -80.776789,35.159022,0.0 -80.779175,35.161253,0.0 -80.784052,35.161765,0.0 -80.787088,35.160339,0.0 -80.792881,35.156671,0.0 -80.79497,35.154443,0.0</coordinates>
</LinearRing>
</outerBoundaryIs>
<innerBoundaryIs>
<LinearRing>
<coordinates>-80.762365,35.064395,0.0 -80.76161,35.064627,0.0 -80.761313,35.064828,0.0 -80.758734,35.066959,0.0 -80.756366,35.065047,0.0 -80.758273,35.0636,0.0 -80.758915,35.064087,0.0 -80.759616,35.064242,0.0 -80.762365,35.064395,0.0</coordinates>
</LinearRing>
</innerBoundaryIs>
</Polygon>
</Placemark><Placemark><name>28273 — Charlotte, NC</name><description>Service ZIP: 28273. Census 2020 ZCTA boundary; approximate ZIP area.</description><styleUrl>#service-area</styleUrl><ExtendedData><Data name="ZIP"><value>28273</value></Data><Data name="Town"><value>Charlotte</value></Data><Data name="State"><value>NC</value></Data></ExtendedData><Polygon>
<extrude>0</extrude>
<tessellate>1</tessellate>
<altitudeMode>clampToGround</altitudeMode>
<outerBoundaryIs>
<LinearRing>
<coordinates>-80.992735,35.100676,0.0 -80.991641,35.09962,0.0 -80.990889,35.099523,0.0 -80.990899,35.098391,0.0 -80.991998,35.09675,0.0 -80.991822,35.09341,0.0 -80.992635,35.087905,0.0 -80.992355,35.086437,0.0 -80.990776,35.081669,0.0 -80.990101,35.079621,0.0 -80.989013,35.075875,0.0 -80.9890357534564,35.0747728764614,0.0 -80.98416,35.077568,0.0 -80.9783610397681,35.0808923107514,0.0 -80.9721815028345,35.0844347908247,0.0 -80.95787,35.092639,0.0 -80.9576310732334,35.0927929680778,0.0 -80.9471109381443,35.0995723046949,0.0 -80.9470999250806,35.0995794016823,0.0 -80.93495,35.107409,0.0 -80.9312391572024,35.1034042639935,0.0 -80.9310643272864,35.1032155878093,0.0 -80.9201233286038,35.0914080783671,0.0 -80.9154,35.105661,0.0 -80.915382,35.106509,0.0 -80.91588,35.109007,0.0 -80.91176,35.109506,0.0 -80.908223,35.108627,0.0 -80.90946,35.111037,0.0 -80.91242,35.110327,0.0 -80.915479,35.11125,0.0 -80.913743,35.11306,0.0 -80.914869,35.11375,0.0 -80.913506,35.115946,0.0 -80.912698,35.115543,0.0 -80.911712,35.114562,0.0 -80.908863,35.116311,0.0 -80.904713,35.118423,0.0 -80.903216,35.116888,0.0 -80.904677,35.11558,0.0 -80.904403,35.115087,0.0 -80.901926,35.114845,0.0 -80.901039,35.113489,0.0 -80.899421,35.111756,0.0 -80.899725,35.111259,0.0 -80.897904,35.111412,0.0 -80.895643,35.109539,0.0 -80.894856,35.110023,0.0 -80.893337,35.11129,0.0 -80.892875,35.113041,0.0 -80.890865,35.113678,0.0 -80.886886,35.112804,0.0 -80.883678,35.112813,0.0 -80.883331,35.110177,0.0 -80.882627,35.104865,0.0 -80.882883,35.102717,0.0 -80.880871,35.101757,0.0 -80.878673,35.100095,0.0 -80.877334,35.098647,0.0 -80.875588,35.104348,0.0 -80.872454,35.108569,0.0 -80.879787,35.109124,0.0 -80.88032,35.110888,0.0 -80.882389,35.110637,0.0 -80.883277,35.115793,0.0 -80.881165,35.119627,0.0 -80.87729,35.12736,0.0 -80.87675,35.128156,0.0 -80.876265,35.128913,0.0 -80.875262,35.132084,0.0 -80.876335,35.137719,0.0 -80.876681,35.137713,0.0 -80.88082,35.137994,0.0 -80.884322,35.137279,0.0 -80.886168,35.136845,0.0 -80.891848,35.13554,0.0 -80.891816,35.134467,0.0 -80.894411,35.133478,0.0 -80.894832,35.13498,0.0 -80.897472,35.133766,0.0 -80.898609,35.133778,0.0 -80.907404,35.137776,0.0 -80.910976,35.139375,0.0 -80.917569,35.14243,0.0 -80.926163,35.147036,0.0 -80.925822,35.147868,0.0 -80.927245,35.151007,0.0 -80.92696,35.151418,0.0 -80.924721,35.150626,0.0 -80.922372,35.156731,0.0 -80.921855,35.157867,0.0 -80.921338,35.15868,0.0 -80.92369,35.159961,0.0 -80.924325,35.160197,0.0 -80.92362,35.161248,0.0 -80.92106,35.160189,0.0 -80.920642,35.161831,0.0 -80.921222,35.163741,0.0 -80.929646,35.163047,0.0 -80.930499,35.1632,0.0 -80.932992,35.164111,0.0 -80.934379,35.163663,0.0 -80.933698,35.161329,0.0 -80.934776,35.16093,0.0 -80.938305,35.165371,0.0 -80.939877,35.164256,0.0 -80.942819,35.165689,0.0 -80.941332,35.16793,0.0 -80.941923,35.169471,0.0 -80.943513,35.170501,0.0 -80.945126,35.167981,0.0 -80.951685,35.168175,0.0 -80.952745,35.16852,0.0 -80.954315,35.16849,0.0 -80.954387,35.170512,0.0 -80.960404,35.171628,0.0 -80.960868,35.171999,0.0 -80.961532,35.171361,0.0 -80.963908,35.172786,0.0 -80.969284,35.171997,0.0 -80.968042,35.16932,0.0 -80.96563,35.166761,0.0 -80.966979,35.165399,0.0 -80.968341,35.16402,0.0 -80.96924,35.164378,0.0 -80.969696,35.165385,0.0 -80.970916,35.163144,0.0 -80.969841,35.16247,0.0 -80.970293,35.161885,0.0 -80.970677,35.159418,0.0 -80.97052,35.15809,0.0 -80.977015,35.157275,0.0 -80.97968,35.155661,0.0 -80.984884,35.15387,0.0 -80.986058,35.152439,0.0 -80.989084,35.151931,0.0 -80.990069,35.150707,0.0 -80.989213,35.14972,0.0 -80.98915,35.148061,0.0 -80.982171,35.139051,0.0 -80.98102,35.137939,0.0 -80.977827,35.136417,0.0 -80.981796,35.121423,0.0 -80.983352,35.119169,0.0 -80.984666,35.118039,0.0 -80.986476,35.116604,0.0 -80.986853,35.116134,0.0 -80.987005,35.115676,0.0 -80.987437,35.111795,0.0 -80.987779,35.109906,0.0 -80.989052,35.104556,0.0 -80.988646,35.102809,0.0 -80.988594,35.102688,0.0 -80.992735,35.100676,0.0</coordinates>
</LinearRing>
</outerBoundaryIs>
</Polygon>
</Placemark><Placemark><name>28277 — Charlotte, NC</name><description>Service ZIP: 28277. Census 2020 ZCTA boundary; approximate ZIP area.</description><styleUrl>#service-area</styleUrl><ExtendedData><Data name="ZIP"><value>28277</value></Data><Data name="Town"><value>Charlotte</value></Data><Data name="State"><value>NC</value></Data></ExtendedData><Polygon>
<extrude>0</extrude>
<tessellate>1</tessellate>
<altitudeMode>clampToGround</altitudeMode>
<outerBoundaryIs>
<LinearRing>
<coordinates>-80.876531,35.059977,0.0 -80.876063,35.058986,0.0 -80.868229,35.050247,0.0 -80.866825,35.048518,0.0 -80.866484,35.047828,0.0 -80.865082,35.044419,0.0 -80.864819,35.043981,0.0 -80.864927,35.043951,0.0 -80.861757,35.040543,0.0 -80.863533,35.040518,0.0 -80.864825,35.040078,0.0 -80.865549,35.042396,0.0 -80.868603,35.042289,0.0 -80.868869,35.039745,0.0 -80.87163,35.040711,0.0 -80.872564,35.041702,0.0 -80.8717574695196,35.0382060018252,0.0 -80.870549306055,35.0367977464817,0.0 -80.8705476598941,35.0367958276893,0.0 -80.8643778038261,35.0296041412735,0.0 -80.8547119282317,35.0183374365977,0.0 -80.8530249405039,35.016371055763,0.0 -80.8515067423286,35.0146014188259,0.0 -80.8514395471785,35.0145230950461,0.0 -80.8514127802597,35.0144918950823,0.0 -80.8513413256774,35.0144086064377,0.0 -80.840366453868,35.0016161140947,0.0 -80.838018,35.005027,0.0 -80.833984,35.007486,0.0 -80.831232,35.007811,0.0 -80.828051,35.010383,0.0 -80.827919,35.010464,0.0 -80.825059,35.011972,0.0 -80.822206,35.01465,0.0 -80.82232,35.016139,0.0 -80.82101,35.017326,0.0 -80.815686,35.019465,0.0 -80.814603,35.020438,0.0 -80.811173,35.021453,0.0 -80.811156,35.02148,0.0 -80.810867,35.021999,0.0 -80.808696,35.023233,0.0 -80.805909,35.025506,0.0 -80.804506,35.027749,0.0 -80.800369,35.027946,0.0 -80.796894,35.029831,0.0 -80.792806,35.029914,0.0 -80.790224,35.030726,0.0 -80.789952,35.031162,0.0 -80.780961,35.033281,0.0 -80.779795,35.032738,0.0 -80.776664,35.03307,0.0 -80.773162,35.032949,0.0 -80.767555,35.036286,0.0 -80.760565,35.041569,0.0 -80.7597,35.044531,0.0 -80.757616,35.048151,0.0 -80.762153,35.051496,0.0 -80.762714,35.052552,0.0 -80.765228,35.04736,0.0 -80.766423,35.048775,0.0 -80.764592,35.049019,0.0 -80.76335,35.051514,0.0 -80.765476,35.051689,0.0 -80.765295,35.054239,0.0 -80.759033,35.055719,0.0 -80.761945,35.05858,0.0 -80.76052,35.06024,0.0 -80.7623,35.060495,0.0 -80.767958,35.05908,0.0 -80.767616,35.056417,0.0 -80.768318,35.055571,0.0 -80.7697,35.055838,0.0 -80.76979,35.058386,0.0 -80.769836,35.059872,0.0 -80.769846,35.060124,0.0 -80.766412,35.060329,0.0 -80.764186,35.060664,0.0 -80.767788,35.064039,0.0 -80.767603,35.064621,0.0 -80.770055,35.064738,0.0 -80.770835,35.067523,0.0 -80.77173,35.068274,0.0 -80.771021,35.068567,0.0 -80.772377,35.072943,0.0 -80.772625,35.073488,0.0 -80.773131,35.073724,0.0 -80.772803,35.074786,0.0 -80.772726,35.0761,0.0 -80.772602,35.076794,0.0 -80.772273,35.07808,0.0 -80.772179,35.079344,0.0 -80.772298,35.080694,0.0 -80.772546,35.081588,0.0 -80.774732,35.08832,0.0 -80.778195,35.098109,0.0 -80.775927,35.100082,0.0 -80.776364,35.101062,0.0 -80.777879,35.100237,0.0 -80.778741,35.100013,0.0 -80.780771,35.099566,0.0 -80.782148,35.099073,0.0 -80.781626,35.098434,0.0 -80.781167,35.096345,0.0 -80.785083,35.095419,0.0 -80.787964,35.094354,0.0 -80.788848,35.095731,0.0 -80.793992,35.093418,0.0 -80.797638,35.092588,0.0 -80.803498,35.091528,0.0 -80.806929,35.08864,0.0 -80.81188,35.087489,0.0 -80.815767,35.086531,0.0 -80.82296,35.084092,0.0 -80.826652,35.0829,0.0 -80.82997,35.082977,0.0 -80.832627,35.084192,0.0 -80.834085,35.085355,0.0 -80.839189,35.080216,0.0 -80.838958,35.077404,0.0 -80.840644,35.074468,0.0 -80.840688,35.07443,0.0 -80.843446,35.073884,0.0 -80.84825,35.071445,0.0 -80.848457,35.07001,0.0 -80.852716,35.068933,0.0 -80.855294,35.066357,0.0 -80.858187,35.065352,0.0 -80.861183,35.061103,0.0 -80.863562,35.060291,0.0 -80.863629,35.061117,0.0 -80.865993,35.062586,0.0 -80.868421,35.062462,0.0 -80.867631,35.065907,0.0 -80.869436,35.066347,0.0 -80.872217,35.065623,0.0 -80.869653,35.062522,0.0 -80.870536,35.060577,0.0 -80.874528,35.060476,0.0 -80.876531,35.059977,0.0</coordinates>
</LinearRing>
</outerBoundaryIs>
</Polygon>
</Placemark><Placemark><name>28625 — Statesville, NC</name><description>Service ZIP: 28625. Census 2020 ZCTA boundary; approximate ZIP area.</description><styleUrl>#service-area</styleUrl><ExtendedData><Data name="ZIP"><value>28625</value></Data><Data name="Town"><value>Statesville</value></Data><Data name="State"><value>NC</value></Data></ExtendedData><Polygon>
<extrude>0</extrude>
<tessellate>1</tessellate>
<altitudeMode>clampToGround</altitudeMode>
<outerBoundaryIs>
<LinearRing>
<coordinates>-81.088908,35.757384,0.0 -81.090424,35.757266,0.0 -81.085984,35.752997,0.0 -81.082754,35.751109,0.0 -81.077567,35.745174,0.0 -81.074898,35.743203,0.0 -81.074714,35.743087,0.0 -81.065399,35.746219,0.0 -81.05501,35.750867,0.0 -81.044984,35.7554,0.0 -81.039749,35.757573,0.0 -80.997515,35.772579,0.0 -80.958291,35.786488,0.0 -80.946679,35.790607,0.0 -80.938577,35.793126,0.0 -80.935837,35.793812,0.0 -80.932336,35.7947,0.0 -80.908162,35.80079,0.0 -80.905237,35.80153,0.0 -80.890301,35.805164,0.0 -80.876017,35.807399,0.0 -80.861258,35.809708,0.0 -80.861695,35.801937,0.0 -80.862646,35.791218,0.0 -80.863463,35.782768,0.0 -80.863797,35.778132,0.0 -80.863483,35.774794,0.0 -80.863316,35.774768,0.0 -80.856391,35.771382,0.0 -80.856245,35.769811,0.0 -80.851134,35.767301,0.0 -80.851005,35.76781,0.0 -80.845771,35.76495,0.0 -80.837256,35.76209,0.0 -80.834992,35.761655,0.0 -80.825931,35.759856,0.0 -80.8198,35.758722,0.0 -80.810958,35.757156,0.0 -80.808977,35.756961,0.0 -80.803546,35.757703,0.0 -80.803538,35.757436,0.0 -80.79707,35.758405,0.0 -80.79274,35.758545,0.0 -80.789924,35.758604,0.0 -80.786503,35.758547,0.0 -80.782045,35.757777,0.0 -80.772871,35.754424,0.0 -80.768641,35.753471,0.0 -80.761241,35.751161,0.0 -80.74481,35.749758,0.0 -80.738932,35.766191,0.0 -80.729572,35.792385,0.0 -80.730522,35.793399,0.0 -80.730531,35.79667,0.0 -80.733278,35.797558,0.0 -80.734377,35.799879,0.0 -80.737381,35.803415,0.0 -80.73908,35.803758,0.0 -80.737408,35.806305,0.0 -80.735649,35.807161,0.0 -80.731956,35.807269,0.0 -80.731911,35.808121,0.0 -80.75101,35.809748,0.0 -80.746066,35.81192,0.0 -80.744309,35.813356,0.0 -80.742198,35.816106,0.0 -80.738305,35.816683,0.0 -80.738651,35.818706,0.0 -80.737936,35.819306,0.0 -80.738099,35.82579,0.0 -80.742486,35.825673,0.0 -80.744332,35.826953,0.0 -80.74622,35.82927,0.0 -80.748126,35.830783,0.0 -80.74948,35.829509,0.0 -80.750086,35.831258,0.0 -80.747615,35.832859,0.0 -80.747571,35.838794,0.0 -80.745968,35.837841,0.0 -80.745385,35.839357,0.0 -80.745021,35.84406,0.0 -80.740409,35.844698,0.0 -80.737258,35.844842,0.0 -80.737212,35.847913,0.0 -80.732639,35.847858,0.0 -80.73089,35.84968,0.0 -80.730161,35.849297,0.0 -80.729607,35.853211,0.0 -80.72903,35.851708,0.0 -80.72315,35.846433,0.0 -80.718737,35.841989,0.0 -80.717376,35.841195,0.0 -80.7146,35.842139,0.0 -80.714243,35.8442,0.0 -80.712732,35.847488,0.0 -80.709789,35.84973,0.0 -80.707824,35.852961,0.0 -80.707704,35.85293,0.0 -80.70747,35.852065,0.0 -80.705617,35.852355,0.0 -80.704111,35.852051,0.0 -80.703392,35.851863,0.0 -80.702706,35.851518,0.0 -80.702302,35.851272,0.0 -80.701815,35.850926,0.0 -80.69934,35.850813,0.0 -80.698898,35.853159,0.0 -80.696504,35.854706,0.0 -80.695507,35.854689,0.0 -80.6944,35.854351,0.0 -80.693705,35.853889,0.0 -80.693376,35.853766,0.0 -80.692747,35.858102,0.0 -80.692925,35.860197,0.0 -80.692639,35.862146,0.0 -80.692079,35.863421,0.0 -80.695943,35.863362,0.0 -80.697707,35.862862,0.0 -80.698302,35.86557,0.0 -80.69825,35.872997,0.0 -80.701937,35.871269,0.0 -80.706572,35.869945,0.0 -80.706555,35.870174,0.0 -80.705571,35.88354,0.0 -80.706305,35.883733,0.0 -80.707124,35.884039,0.0 -80.707134,35.885459,0.0 -80.706948,35.886631,0.0 -80.70755,35.886967,0.0 -80.707772,35.887663,0.0 -80.707189,35.888943,0.0 -80.706663,35.889476,0.0 -80.705789,35.890012,0.0 -80.705305,35.897367,0.0 -80.703797,35.90757,0.0 -80.70735,35.908956,0.0 -80.713656,35.909928,0.0 -80.716422,35.910917,0.0 -80.719574,35.913614,0.0 -80.720701,35.916312,0.0 -80.720781,35.918438,0.0 -80.726438,35.918562,0.0 -80.731674,35.919469,0.0 -80.74,35.918666,0.0 -80.742159,35.918114,0.0 -80.748214,35.915329,0.0 -80.749331,35.912354,0.0 -80.750037,35.908217,0.0 -80.749019,35.898964,0.0 -80.752839,35.902984,0.0 -80.755466,35.902395,0.0 -80.757974,35.900103,0.0 -80.763953,35.898861,0.0 -80.762374,35.894773,0.0 -80.764826,35.892774,0.0 -80.765994,35.893702,0.0 -80.766932,35.896033,0.0 -80.769777,35.894414,0.0 -80.769767,35.891439,0.0 -80.76759,35.888135,0.0 -80.767443,35.886515,0.0 -80.769482,35.886035,0.0 -80.770793,35.887728,0.0 -80.772186,35.888114,0.0 -80.775035,35.886675,0.0 -80.775633,35.887388,0.0 -80.775826,35.886842,0.0 -80.775322,35.886603,0.0 -80.782294,35.876353,0.0 -80.783704,35.876179,0.0 -80.783687,35.877223,0.0 -80.782147,35.881206,0.0 -80.780949,35.886732,0.0 -80.779288,35.892048,0.0 -80.782749,35.889853,0.0 -80.783925,35.887943,0.0 -80.790345,35.885189,0.0 -80.791439,35.887066,0.0 -80.794151,35.889505,0.0 -80.792363,35.891289,0.0 -80.792513,35.893045,0.0 -80.790353,35.895556,0.0 -80.793605,35.897311,0.0 -80.794184,35.89595,0.0 -80.797717,35.90061,0.0 -80.800126,35.902771,0.0 -80.801577,35.903777,0.0 -80.801793,35.903898,0.0 -80.803197,35.904504,0.0 -80.804277,35.905175,0.0 -80.805087,35.905407,0.0 -80.806167,35.906155,0.0 -80.807031,35.906524,0.0 -80.808909,35.906422,0.0 -80.808746,35.906883,0.0 -80.807058,35.907584,0.0 -80.806531,35.908055,0.0 -80.806504,35.90856,0.0 -80.807511,35.909136,0.0 -80.807753,35.909084,0.0 -80.808826,35.910101,0.0 -80.808873,35.91099,0.0 -80.807271,35.912262,0.0 -80.808473,35.91289,0.0 -80.811067,35.911778,0.0 -80.811715,35.91162,0.0 -80.812323,35.911779,0.0 -80.812728,35.912214,0.0 -80.81268,35.912691,0.0 -80.811674,35.913558,0.0 -80.814334,35.914357,0.0 -80.815739,35.913963,0.0 -80.817799,35.913839,0.0 -80.818104,35.911786,0.0 -80.816686,35.911614,0.0 -80.816193,35.910493,0.0 -80.816362,35.910054,0.0 -80.817389,35.90977,0.0 -80.818732,35.910562,0.0 -80.8215,35.913805,0.0 -80.823715,35.914422,0.0 -80.824227,35.915521,0.0 -80.822761,35.916826,0.0 -80.822917,35.917046,0.0 -80.823166,35.917266,0.0 -80.823484,35.917793,0.0 -80.823733,35.918145,0.0 -80.82376,35.918518,0.0 -80.823936,35.918705,0.0 -80.824118,35.918661,0.0 -80.824341,35.918475,0.0 -80.824611,35.918426,0.0 -80.824909,35.918272,0.0 -80.825111,35.918333,0.0 -80.825138,35.918575,0.0 -80.824922,35.91892,0.0 -80.824557,35.919227,0.0 -80.823611,35.91949,0.0 -80.822774,35.919593,0.0 -80.822396,35.919758,0.0 -80.821693,35.919647,0.0 -80.821166,35.919762,0.0 -80.820086,35.919887,0.0 -80.819059,35.920545,0.0 -80.820274,35.921897,0.0 -80.82361,35.923976,0.0 -80.826757,35.923524,0.0 -80.832769,35.921059,0.0 -80.835241,35.921835,0.0 -80.837577,35.925275,0.0 -80.840967,35.928929,0.0 -80.842838,35.929859,0.0 -80.849816,35.928844,0.0 -80.853166,35.929395,0.0 -80.856203,35.927474,0.0 -80.856213,35.92757,0.0 -80.859461,35.925809,0.0 -80.861149,35.925602,0.0 -80.863946,35.926175,0.0 -80.86843,35.924563,0.0 -80.872268,35.925199,0.0 -80.873188,35.926529,0.0 -80.87629,35.928033,0.0 -80.882828,35.932656,0.0 -80.881974,35.940344,0.0 -80.88087,35.9419,0.0 -80.881476,35.946496,0.0 -80.885876,35.948998,0.0 -80.889592,35.949438,0.0 -80.889883,35.953201,0.0 -80.892331,35.953252,0.0 -80.894188,35.952694,0.0 -80.896019,35.953742,0.0 -80.898836,35.953893,0.0 -80.902061,35.952572,0.0 -80.905059,35.953593,0.0 -80.906248,35.954986,0.0 -80.907712,35.957955,0.0 -80.908403,35.958958,0.0 -80.909286,35.960016,0.0 -80.908198,35.960802,0.0 -80.907379,35.961103,0.0 -80.903166,35.961668,0.0 -80.901636,35.962801,0.0 -80.900848,35.967591,0.0 -80.906638,35.967393,0.0 -80.90744,35.967589,0.0 -80.907122,35.970342,0.0 -80.905707,35.982981,0.0 -80.90644,35.985034,0.0 -80.906135,35.987215,0.0 -80.912322,35.985401,0.0 -80.912281,35.987134,0.0 -80.913312,35.988435,0.0 -80.912866,35.98975,0.0 -80.90541,35.99836,0.0 -80.908897,36.001054,0.0 -80.912607,36.001773,0.0 -80.915887,36.00148,0.0 -80.914745,36.004312,0.0 -80.911506,36.008526,0.0 -80.909423,36.012375,0.0 -80.908577,36.016527,0.0 -80.910074,36.016294,0.0 -80.91098,36.017322,0.0 -80.913362,36.016354,0.0 -80.916617,36.015977,0.0 -80.919065,36.01873,0.0 -80.922491,36.020267,0.0 -80.927961,36.020288,0.0 -80.929966,36.020112,0.0 -80.930155,36.018481,0.0 -80.933636,36.018022,0.0 -80.936303,36.018121,0.0 -80.939253,36.01915,0.0 -80.940556,36.017955,0.0 -80.940346,36.018811,0.0 -80.943481,36.020308,0.0 -80.944995,36.020229,0.0 -80.946065,36.022324,0.0 -80.950331,36.024942,0.0 -80.956887,36.025435,0.0 -80.95565,36.017714,0.0 -80.956292,36.015412,0.0 -80.956846,36.015567,0.0 -80.957686,36.014767,0.0 -80.957217,36.012953,0.0 -80.958218,36.012735,0.0 -80.960189,36.013805,0.0 -80.961675,36.01394,0.0 -80.960867,36.012417,0.0 -80.959118,36.01188,0.0 -80.959259,36.010908,0.0 -80.956493,36.010372,0.0 -80.955004,36.003328,0.0 -80.954746,36.002816,0.0 -80.955023,36.002172,0.0 -80.957538,36.002741,0.0 -80.958636,36.000997,0.0 -80.9669,36.000158,0.0 -80.967395,35.99781,0.0 -80.970903,35.997511,0.0 -80.976649,36.000933,0.0 -80.978845,35.998867,0.0 -80.979942,35.999642,0.0 -80.985301,36.000093,0.0 -80.988723,36.000739,0.0 -80.992145,36.000416,0.0 -80.994921,36.001837,0.0 -80.997246,36.000868,0.0 -80.999054,36.001643,0.0 -81.005449,36.000693,0.0 -81.011263,35.999952,0.0 -81.013666,36.000254,0.0 -81.012007,35.982792,0.0 -81.019558,35.982988,0.0 -81.019653,35.98369,0.0 -81.03142,35.984583,0.0 -81.031229,35.985667,0.0 -81.034832,35.985571,0.0 -81.035791,35.987058,0.0 -81.039297,35.985863,0.0 -81.034872,35.983283,0.0 -81.028418,35.965368,0.0 -81.024902,35.964953,0.0 -81.024616,35.966424,0.0 -81.023811,35.963968,0.0 -81.020846,35.96098,0.0 -81.019655,35.959143,0.0 -81.017416,35.959012,0.0 -81.014616,35.959937,0.0 -81.011345,35.959929,0.0 -81.009843,35.96097,0.0 -81.008793,35.949172,0.0 -81.008673,35.937445,0.0 -81.004943,35.937446,0.0 -81.001183,35.93547,0.0 -81.000446,35.931777,0.0 -81.000973,35.929253,0.0 -80.999338,35.927815,0.0 -80.997635,35.927633,0.0 -80.994289,35.928701,0.0 -80.992717,35.930827,0.0 -80.992854,35.932562,0.0 -80.990613,35.933464,0.0 -80.988912,35.931543,0.0 -80.987736,35.931699,0.0 -80.986409,35.930131,0.0 -80.983242,35.929349,0.0 -80.982146,35.92743,0.0 -80.98042,35.928737,0.0 -80.978792,35.928981,0.0 -80.979278,35.926424,0.0 -80.977699,35.925684,0.0 -80.977745,35.923697,0.0 -80.980332,35.92115,0.0 -80.980343,35.917027,0.0 -80.979873,35.915889,0.0 -80.978158,35.915649,0.0 -80.975143,35.914131,0.0 -80.973089,35.912239,0.0 -80.973191,35.910358,0.0 -80.979719,35.906094,0.0 -80.98079,35.90319,0.0 -80.987489,35.895041,0.0 -80.988747,35.890851,0.0 -80.99027,35.888321,0.0 -80.989971,35.886669,0.0 -80.98647,35.88695,0.0 -80.986006,35.88623,0.0 -80.985399,35.885871,0.0 -80.985275,35.884317,0.0 -80.984751,35.883284,0.0 -80.98343,35.882479,0.0 -80.983326,35.880952,0.0 -80.991525,35.878746,0.0 -80.991633,35.876909,0.0 -80.994546,35.877051,0.0 -80.994986,35.872509,0.0 -80.99467,35.865721,0.0 -80.997409,35.865875,0.0 -80.997594,35.864921,0.0 -81.002795,35.865044,0.0 -81.003001,35.861809,0.0 -81.004529,35.861518,0.0 -81.005359,35.857618,0.0 -81.004682,35.854825,0.0 -81.005272,35.85346,0.0 -81.004316,35.84764,0.0 -81.004527,35.845646,0.0 -81.005207,35.844825,0.0 -81.008645,35.843461,0.0 -81.009801,35.843854,0.0 -81.013424,35.845358,0.0 -81.013683,35.845204,0.0 -81.014687,35.845354,0.0 -81.017219,35.835967,0.0 -81.017362,35.826064,0.0 -81.020542,35.826475,0.0 -81.028992,35.829509,0.0 -81.029366,35.828506,0.0 -81.028869,35.824198,0.0 -81.029388,35.823596,0.0 -81.037576,35.818755,0.0 -81.040691,35.811562,0.0 -81.038471,35.809846,0.0 -81.037766,35.808934,0.0 -81.038436,35.806361,0.0 -81.039004,35.800981,0.0 -81.040391,35.798792,0.0 -81.039163,35.796967,0.0 -81.039646,35.7924,0.0 -81.037601,35.786359,0.0 -81.037632,35.784071,0.0 -81.039831,35.779579,0.0 -81.039769,35.778388,0.0 -81.038161,35.774388,0.0 -81.048194,35.771776,0.0 -81.051737,35.773821,0.0 -81.05728,35.776481,0.0 -81.060616,35.780224,0.0 -81.064001,35.776666,0.0 -81.067115,35.775198,0.0 -81.070204,35.778458,0.0 -81.071209,35.780539,0.0 -81.076625,35.780377,0.0 -81.076883,35.777685,0.0 -81.077898,35.774446,0.0 -81.085119,35.771401,0.0 -81.084753,35.770096,0.0 -81.086804,35.768836,0.0 -81.087478,35.767347,0.0 -81.086691,35.7654,0.0 -81.084063,35.761186,0.0 -81.086043,35.760247,0.0 -81.088908,35.757384,0.0</coordinates>
</LinearRing>
</outerBoundaryIs>
</Polygon>
</Placemark><Placemark><name>28677 — Statesville, NC</name><description>Service ZIP: 28677. Census 2020 ZCTA boundary; approximate ZIP area.</description><styleUrl>#service-area</styleUrl><ExtendedData><Data name="ZIP"><value>28677</value></Data><Data name="Town"><value>Statesville</value></Data><Data name="State"><value>NC</value></Data></ExtendedData><Polygon>
<extrude>0</extrude>
<tessellate>1</tessellate>
<altitudeMode>clampToGround</altitudeMode>
<outerBoundaryIs>
<LinearRing>
<coordinates>-81.074714,35.743087,0.0 -81.069305,35.739548,0.0 -81.067092,35.7368,0.0 -81.064038,35.728484,0.0 -81.064386,35.725647,0.0 -81.065742,35.721344,0.0 -81.065574,35.718338,0.0 -81.064897,35.714343,0.0 -81.061751,35.710876,0.0 -81.06058,35.710333,0.0 -81.055112,35.709838,0.0 -81.048683,35.707909,0.0 -81.046431,35.707663,0.0 -81.040666,35.707361,0.0 -81.038462,35.707549,0.0 -81.035637,35.708073,0.0 -81.028718,35.710548,0.0 -81.023973,35.71175,0.0 -81.017733,35.712728,0.0 -81.015608,35.712522,0.0 -81.009836,35.711378,0.0 -81.006685,35.710677,0.0 -81.005321,35.710209,0.0 -81.001775,35.70816,0.0 -80.999335,35.705869,0.0 -80.994445,35.70211,0.0 -80.99274,35.6999,0.0 -80.992124,35.696564,0.0 -80.990928,35.69414,0.0 -80.986825,35.691919,0.0 -80.983148,35.687131,0.0 -80.982596,35.685943,0.0 -80.982037,35.682492,0.0 -80.981485,35.681663,0.0 -80.976133,35.678481,0.0 -80.973557,35.676933,0.0 -80.9721,35.675768,0.0 -80.966675,35.671012,0.0 -80.9663,35.66662,0.0 -80.965621,35.66435,0.0 -80.963398,35.662854,0.0 -80.960948,35.659932,0.0 -80.959605,35.657431,0.0 -80.95883,35.654401,0.0 -80.955202,35.650286,0.0 -80.953394,35.643942,0.0 -80.950743,35.640951,0.0 -80.943817,35.637518,0.0 -80.942639,35.63884,0.0 -80.936435,35.643652,0.0 -80.93293,35.647731,0.0 -80.933138,35.65,0.0 -80.937535,35.655306,0.0 -80.939775,35.6566,0.0 -80.936894,35.66232,0.0 -80.93624,35.663117,0.0 -80.93428,35.663575,0.0 -80.933834,35.664372,0.0 -80.935825,35.666496,0.0 -80.933181,35.667292,0.0 -80.930569,35.67184,0.0 -80.933175,35.667909,0.0 -80.934586,35.669163,0.0 -80.932941,35.671583,0.0 -80.934458,35.673578,0.0 -80.936328,35.674292,0.0 -80.936303,35.675284,0.0 -80.93812,35.675662,0.0 -80.941844,35.677437,0.0 -80.944069,35.679809,0.0 -80.93079,35.679328,0.0 -80.93079,35.682972,0.0 -80.928146,35.687127,0.0 -80.925368,35.688416,0.0 -80.924768,35.69206,0.0 -80.923291,35.69207,0.0 -80.923827,35.694497,0.0 -80.921358,35.698708,0.0 -80.919247,35.70369,0.0 -80.918529,35.704316,0.0 -80.918327,35.704467,0.0 -80.915374,35.703048,0.0 -80.915484,35.705075,0.0 -80.910481,35.70505,0.0 -80.910536,35.706451,0.0 -80.906638,35.705842,0.0 -80.906694,35.703558,0.0 -80.903199,35.703422,0.0 -80.902167,35.706581,0.0 -80.904062,35.706991,0.0 -80.903359,35.711444,0.0 -80.896924,35.711209,0.0 -80.896546,35.711562,0.0 -80.899591,35.714601,0.0 -80.899257,35.715138,0.0 -80.898512,35.714938,0.0 -80.896364,35.713879,0.0 -80.897897,35.718056,0.0 -80.897795,35.719288,0.0 -80.897659,35.718261,0.0 -80.896637,35.717943,0.0 -80.893609,35.718395,0.0 -80.889838,35.72059,0.0 -80.888889,35.721367,0.0 -80.886055,35.724198,0.0 -80.884257,35.727223,0.0 -80.879847,35.730188,0.0 -80.879164,35.733115,0.0 -80.879951,35.734389,0.0 -80.877982,35.735178,0.0 -80.874446,35.734322,0.0 -80.87225,35.73509,0.0 -80.869326,35.734948,0.0 -80.867696,35.735909,0.0 -80.867109,35.735153,0.0 -80.866268,35.736463,0.0 -80.862976,35.736389,0.0 -80.860057,35.736464,0.0 -80.86138,35.732327,0.0 -80.86035,35.729231,0.0 -80.860335,35.728991,0.0 -80.860155,35.72783,0.0 -80.859463,35.726648,0.0 -80.858047,35.725591,0.0 -80.856872,35.720094,0.0 -80.854974,35.710998,0.0 -80.851909,35.714638,0.0 -80.851931,35.710136,0.0 -80.849948,35.709118,0.0 -80.849238,35.709129,0.0 -80.84926,35.708232,0.0 -80.841359,35.707881,0.0 -80.841234,35.710479,0.0 -80.837488,35.706808,0.0 -80.824811,35.694337,0.0 -80.822876,35.695448,0.0 -80.81697,35.696134,0.0 -80.816933,35.695798,0.0 -80.812977,35.69438,0.0 -80.811943,35.692417,0.0 -80.811311,35.692379,0.0 -80.809186,35.692247,0.0 -80.80949,35.693132,0.0 -80.806479,35.701707,0.0 -80.804641,35.701779,0.0 -80.803947,35.70172,0.0 -80.803758,35.703123,0.0 -80.805557,35.707156,0.0 -80.776075,35.720141,0.0 -80.773739,35.724042,0.0 -80.773663,35.727625,0.0 -80.774321,35.72911,0.0 -80.775188,35.729207,0.0 -80.776163,35.730854,0.0 -80.778501,35.732678,0.0 -80.78069,35.735281,0.0 -80.781821,35.736749,0.0 -80.783346,35.739093,0.0 -80.783804,35.740619,0.0 -80.782531,35.741178,0.0 -80.782494,35.746939,0.0 -80.780216,35.746866,0.0 -80.780456,35.750301,0.0 -80.778472,35.750492,0.0 -80.762324,35.748861,0.0 -80.762814,35.7415,0.0 -80.761872,35.740676,0.0 -80.761311,35.735837,0.0 -80.759879,35.731957,0.0 -80.765556,35.728491,0.0 -80.763897,35.727987,0.0 -80.762225,35.72738,0.0 -80.760169,35.726869,0.0 -80.7525,35.728548,0.0 -80.75171,35.728587,0.0 -80.744745,35.748347,0.0 -80.745329,35.748361,0.0 -80.745272,35.748516,0.0 -80.74481,35.749758,0.0 -80.761241,35.751161,0.0 -80.768641,35.753471,0.0 -80.772871,35.754424,0.0 -80.782045,35.757777,0.0 -80.786503,35.758547,0.0 -80.789924,35.758604,0.0 -80.79274,35.758545,0.0 -80.79707,35.758405,0.0 -80.803538,35.757436,0.0 -80.803546,35.757703,0.0 -80.808977,35.756961,0.0 -80.810958,35.757156,0.0 -80.8198,35.758722,0.0 -80.825931,35.759856,0.0 -80.834992,35.761655,0.0 -80.837256,35.76209,0.0 -80.845771,35.76495,0.0 -80.851005,35.76781,0.0 -80.851134,35.767301,0.0 -80.856245,35.769811,0.0 -80.856391,35.771382,0.0 -80.863316,35.774768,0.0 -80.863483,35.774794,0.0 -80.863797,35.778132,0.0 -80.863463,35.782768,0.0 -80.862646,35.791218,0.0 -80.861695,35.801937,0.0 -80.861258,35.809708,0.0 -80.876017,35.807399,0.0 -80.890301,35.805164,0.0 -80.905237,35.80153,0.0 -80.908162,35.80079,0.0 -80.932336,35.7947,0.0 -80.935837,35.793812,0.0 -80.938577,35.793126,0.0 -80.946679,35.790607,0.0 -80.958291,35.786488,0.0 -80.997515,35.772579,0.0 -81.039749,35.757573,0.0 -81.044984,35.7554,0.0 -81.05501,35.750867,0.0 -81.065399,35.746219,0.0 -81.074714,35.743087,0.0</coordinates>
</LinearRing>
</outerBoundaryIs>
</Polygon>
</Placemark><Placemark><name>29706 — Chester, SC</name><description>Service ZIP: 29706. Census 2020 ZCTA boundary; approximate ZIP area.</description><styleUrl>#service-area</styleUrl><ExtendedData><Data name="ZIP"><value>29706</value></Data><Data name="Town"><value>Chester</value></Data><Data name="State"><value>SC</value></Data></ExtendedData><Polygon>
<extrude>0</extrude>
<tessellate>1</tessellate>
<altitudeMode>clampToGround</altitudeMode>
<outerBoundaryIs>
<LinearRing>
<coordinates>-81.488219,34.735472,0.0 -81.488275,34.733038,0.0 -81.48642,34.730643,0.0 -81.479293,34.723867,0.0 -81.478364,34.723688,0.0 -81.47605,34.723239,0.0 -81.464636,34.725443,0.0 -81.461926,34.726532,0.0 -81.45963,34.726036,0.0 -81.456419,34.723817,0.0 -81.45414,34.720918,0.0 -81.455451,34.711286,0.0 -81.454762,34.699289,0.0 -81.455367,34.696682,0.0 -81.454129,34.693681,0.0 -81.448936,34.694823,0.0 -81.451487,34.697062,0.0 -81.452047,34.699273,0.0 -81.454134,34.704424,0.0 -81.454278,34.713568,0.0 -81.453346,34.718971,0.0 -81.453628,34.721916,0.0 -81.450564,34.727317,0.0 -81.447844,34.730402,0.0 -81.446933,34.730512,0.0 -81.445511,34.733523,0.0 -81.443283,34.735084,0.0 -81.441084,34.735856,0.0 -81.438737,34.735591,0.0 -81.435955,34.736474,0.0 -81.437872,34.74115,0.0 -81.436513,34.744283,0.0 -81.43351,34.745244,0.0 -81.4324,34.745206,0.0 -81.430293,34.743972,0.0 -81.426964,34.743988,0.0 -81.424474,34.745887,0.0 -81.422776,34.746029,0.0 -81.419446,34.745037,0.0 -81.411372,34.74419,0.0 -81.409472,34.744261,0.0 -81.40424,34.745448,0.0 -81.398767,34.744489,0.0 -81.39624,34.744881,0.0 -81.393306,34.744785,0.0 -81.390664,34.745782,0.0 -81.387963,34.746055,0.0 -81.384795,34.745144,0.0 -81.374426,34.744285,0.0 -81.374743,34.742125,0.0 -81.374065,34.738811,0.0 -81.3749,34.737245,0.0 -81.373494,34.735793,0.0 -81.373854,34.731984,0.0 -81.374761,34.730867,0.0 -81.379721,34.727654,0.0 -81.380704,34.726438,0.0 -81.382146,34.721661,0.0 -81.384266,34.718061,0.0 -81.386819,34.712972,0.0 -81.385243,34.711589,0.0 -81.380754,34.709321,0.0 -81.379123,34.708984,0.0 -81.375419,34.709245,0.0 -81.373955,34.709041,0.0 -81.367743,34.706271,0.0 -81.3624,34.7023,0.0 -81.360429,34.700915,0.0 -81.356379,34.697362,0.0 -81.350809,34.694824,0.0 -81.346167,34.696868,0.0 -81.343804,34.697174,0.0 -81.337603,34.692393,0.0 -81.336775,34.690943,0.0 -81.336996,34.689583,0.0 -81.33863,34.686179,0.0 -81.338865,34.681297,0.0 -81.33848,34.679761,0.0 -81.335226,34.676992,0.0 -81.334586,34.673754,0.0 -81.333419,34.671559,0.0 -81.326885,34.664613,0.0 -81.326506,34.662964,0.0 -81.32734,34.659645,0.0 -81.326163,34.65692,0.0 -81.32255,34.651412,0.0 -81.322046,34.650104,0.0 -81.322006,34.646225,0.0 -81.321581,34.643751,0.0 -81.32215,34.641772,0.0 -81.32609,34.637035,0.0 -81.327803,34.632402,0.0 -81.327614,34.631235,0.0 -81.324858,34.628609,0.0 -81.324168,34.624702,0.0 -81.325761,34.624094,0.0 -81.328619,34.622245,0.0 -81.331863,34.622986,0.0 -81.334982,34.622505,0.0 -81.336024,34.619507,0.0 -81.337108,34.61879,0.0 -81.340438,34.61869,0.0 -81.342555,34.61781,0.0 -81.343742,34.616488,0.0 -81.346978,34.614468,0.0 -81.347141,34.613692,0.0 -81.343922,34.615017,0.0 -81.342632,34.614897,0.0 -81.342336,34.616311,0.0 -81.340351,34.616912,0.0 -81.339185,34.617869,0.0 -81.336525,34.617665,0.0 -81.335794,34.61701,0.0 -81.33471,34.614331,0.0 -81.333455,34.612975,0.0 -81.332742,34.610831,0.0 -81.328883,34.609038,0.0 -81.32738,34.609606,0.0 -81.3265,34.608064,0.0 -81.324121,34.6074,0.0 -81.323696,34.603054,0.0 -81.322216,34.601904,0.0 -81.323856,34.600649,0.0 -81.324971,34.598577,0.0 -81.324852,34.596937,0.0 -81.326549,34.595847,0.0 -81.326599,34.594369,0.0 -81.323695,34.591681,0.0 -81.323319,34.589912,0.0 -81.322229,34.588908,0.0 -81.326198,34.567432,0.0 -81.311555,34.566775,0.0 -81.300714,34.566181,0.0 -81.276048,34.565188,0.0 -81.245054,34.563822,0.0 -81.242625,34.565832,0.0 -81.240217,34.569108,0.0 -81.240083,34.571595,0.0 -81.236527,34.572814,0.0 -81.233207,34.575818,0.0 -81.238132,34.61402,0.0 -81.235751,34.612396,0.0 -81.235971,34.611532,0.0 -81.232666,34.608808,0.0 -81.233521,34.605838,0.0 -81.228945,34.604452,0.0 -81.226813,34.604535,0.0 -81.224527,34.602999,0.0 -81.222924,34.602698,0.0 -81.217797,34.603812,0.0 -81.214352,34.603165,0.0 -81.213803,34.603765,0.0 -81.210713,34.602883,0.0 -81.209118,34.600309,0.0 -81.207782,34.599619,0.0 -81.208519,34.595277,0.0 -81.204304,34.595016,0.0 -81.203705,34.591744,0.0 -81.202279,34.591322,0.0 -81.198529,34.591992,0.0 -81.196337,34.588379,0.0 -81.194915,34.588322,0.0 -81.194876,34.587221,0.0 -81.193954,34.587756,0.0 -81.195805,34.592154,0.0 -81.194406,34.595809,0.0 -81.192687,34.599104,0.0 -81.191139,34.603938,0.0 -81.188748,34.607028,0.0 -81.183708,34.607052,0.0 -81.179307,34.607402,0.0 -81.18026,34.608557,0.0 -81.180845,34.609558,0.0 -81.181354,34.611187,0.0 -81.183057,34.621839,0.0 -81.182292,34.621524,0.0 -81.181553,34.625176,0.0 -81.17754,34.633307,0.0 -81.17739,34.637101,0.0 -81.173439,34.637958,0.0 -81.168308,34.63762,0.0 -81.165576,34.639367,0.0 -81.157272,34.640563,0.0 -81.156961,34.641951,0.0 -81.154457,34.641645,0.0 -81.153094,34.644526,0.0 -81.153587,34.64534,0.0 -81.150227,34.643949,0.0 -81.15132,34.642328,0.0 -81.149785,34.641453,0.0 -81.150735,34.640238,0.0 -81.147816,34.639199,0.0 -81.143733,34.641452,0.0 -81.141631,34.640309,0.0 -81.136757,34.642884,0.0 -81.131482,34.642619,0.0 -81.131225,34.641015,0.0 -81.128341,34.637599,0.0 -81.127976,34.636236,0.0 -81.126049,34.634206,0.0 -81.124807,34.631044,0.0 -81.116569,34.627777,0.0 -81.114705,34.625843,0.0 -81.111087,34.624671,0.0 -81.108978,34.62349,0.0 -81.108227,34.623787,0.0 -81.10439,34.623382,0.0 -81.103199,34.623954,0.0 -81.10191,34.625683,0.0 -81.099197,34.626751,0.0 -81.095972,34.628599,0.0 -81.092175,34.630177,0.0 -81.090024,34.630112,0.0 -81.087704,34.629,0.0 -81.084416,34.626046,0.0 -81.082373,34.625396,0.0 -81.087123,34.623038,0.0 -81.079264,34.624526,0.0 -81.077679,34.624458,0.0 -81.075905,34.623786,0.0 -81.074421,34.622421,0.0 -81.073646,34.623149,0.0 -81.073159,34.625277,0.0 -81.071466,34.626551,0.0 -81.070121,34.626397,0.0 -81.06855,34.628682,0.0 -81.070615,34.628407,0.0 -81.072383,34.629015,0.0 -81.070758,34.635418,0.0 -81.068998,34.639114,0.0 -81.068984,34.640806,0.0 -81.071069,34.646841,0.0 -81.072821,34.64903,0.0 -81.071267,34.649147,0.0 -81.071294,34.650692,0.0 -81.068553,34.650318,0.0 -81.067209,34.649516,0.0 -81.065859,34.649818,0.0 -81.062739,34.649313,0.0 -81.059246,34.651665,0.0 -81.05743,34.650472,0.0 -81.054038,34.651148,0.0 -81.051357,34.651181,0.0 -81.051956,34.65001,0.0 -81.051009,34.647093,0.0 -81.049769,34.648367,0.0 -81.048446,34.651506,0.0 -81.047021,34.653288,0.0 -81.050855,34.654996,0.0 -81.054699,34.657955,0.0 -81.061326,34.661561,0.0 -81.063416,34.661998,0.0 -81.067221,34.661401,0.0 -81.069305,34.661787,0.0 -81.078791,34.664241,0.0 -81.081162,34.665683,0.0 -81.07931,34.666618,0.0 -81.077488,34.66959,0.0 -81.074881,34.676367,0.0 -81.073587,34.67887,0.0 -81.070877,34.680073,0.0 -81.070202,34.683441,0.0 -81.070731,34.685671,0.0 -81.068623,34.684126,0.0 -81.066393,34.680208,0.0 -81.06348,34.680269,0.0 -81.062214,34.675855,0.0 -81.06045,34.677738,0.0 -81.05889,34.676745,0.0 -81.056525,34.677556,0.0 -81.057887,34.680516,0.0 -81.056989,34.68465,0.0 -81.053694,34.686744,0.0 -81.054699,34.689807,0.0 -81.053587,34.692814,0.0 -81.054053,34.696079,0.0 -81.053819,34.703671,0.0 -81.05501,34.705936,0.0 -81.057273,34.708613,0.0 -81.05692,34.709691,0.0 -81.058558,34.711675,0.0 -81.05915,34.714666,0.0 -81.061473,34.719367,0.0 -81.054466,34.719264,0.0 -81.053303,34.720158,0.0 -81.052844,34.722142,0.0 -81.054951,34.72494,0.0 -81.05582,34.727173,0.0 -81.054313,34.726815,0.0 -81.04953,34.724599,0.0 -81.047906,34.723067,0.0 -81.047248,34.720509,0.0 -81.045931,34.719503,0.0 -81.044196,34.719343,0.0 -81.045167,34.726254,0.0 -81.044754,34.727842,0.0 -81.045972,34.729217,0.0 -81.046624,34.7319,0.0 -81.049857,34.733029,0.0 -81.050749,34.739196,0.0 -81.048953,34.739825,0.0 -81.048996,34.742615,0.0 -81.051428,34.744764,0.0 -81.052231,34.744716,0.0 -81.050228,34.747369,0.0 -81.051921,34.748051,0.0 -81.050048,34.74987,0.0 -81.047268,34.749034,0.0 -81.046506,34.7518,0.0 -81.048166,34.755463,0.0 -81.05068,34.758801,0.0 -81.053601,34.760095,0.0 -81.049192,34.764,0.0 -81.047907,34.767516,0.0 -81.045676,34.769833,0.0 -81.037909,34.772859,0.0 -81.037549,34.773004,0.0 -81.038429,34.784113,0.0 -81.038461,34.787339,0.0 -81.037518,34.79392,0.0 -81.032452,34.793281,0.0 -81.030251,34.793763,0.0 -81.030076,34.797565,0.0 -81.028746,34.799936,0.0 -81.030934,34.801117,0.0 -81.032146,34.800705,0.0 -81.036631,34.801566,0.0 -81.038988,34.806767,0.0 -81.039947,34.807038,0.0 -81.042294,34.807568,0.0 -81.043985,34.806497,0.0 -81.048885,34.809303,0.0 -81.053072,34.805247,0.0 -81.054034,34.803026,0.0 -81.053256,34.798096,0.0 -81.055522,34.797359,0.0 -81.057959,34.798191,0.0 -81.067813,34.799741,0.0 -81.06839,34.797867,0.0 -81.074129,34.797491,0.0 -81.07383,34.79382,0.0 -81.080615,34.793801,0.0 -81.081344,34.792966,0.0 -81.08981,34.796374,0.0 -81.091062,34.794259,0.0 -81.09209,34.790937,0.0 -81.093084,34.791361,0.0 -81.093383,34.793363,0.0 -81.096712,34.792811,0.0 -81.095793,34.794706,0.0 -81.095725,34.796552,0.0 -81.097274,34.797241,0.0 -81.098653,34.795079,0.0 -81.100053,34.795459,0.0 -81.101175,34.797033,0.0 -81.103362,34.797289,0.0 -81.10383,34.798874,0.0 -81.106277,34.800069,0.0 -81.103794,34.804572,0.0 -81.104189,34.805304,0.0 -81.106542,34.804521,0.0 -81.107794,34.80332,0.0 -81.109232,34.804182,0.0 -81.109002,34.807505,0.0 -81.110798,34.808337,0.0 -81.112486,34.812789,0.0 -81.11311,34.813414,0.0 -81.10627,34.819375,0.0 -81.105375,34.820505,0.0 -81.115969,34.820386,0.0 -81.11621,34.819413,0.0 -81.120742,34.810727,0.0 -81.122309,34.810195,0.0 -81.122869,34.810629,0.0 -81.121957,34.812262,0.0 -81.122445,34.813318,0.0 -81.125445,34.814449,0.0 -81.127571,34.814241,0.0 -81.128969,34.816435,0.0 -81.13028,34.815034,0.0 -81.132243,34.81559,0.0 -81.131821,34.818658,0.0 -81.132525,34.820497,0.0 -81.141099,34.820573,0.0 -81.178326,34.820906,0.0 -81.21254,34.821236,0.0 -81.209562,34.826844,0.0 -81.2132,34.825111,0.0 -81.213374,34.829414,0.0 -81.217998,34.828581,0.0 -81.222731,34.826518,0.0 -81.22541,34.825913,0.0 -81.229417,34.825554,0.0 -81.231696,34.824129,0.0 -81.232795,34.822524,0.0 -81.234664,34.821453,0.0 -81.2979,34.822018,0.0 -81.297498,34.823183,0.0 -81.299378,34.823603,0.0 -81.30145,34.825945,0.0 -81.305917,34.826258,0.0 -81.30891,34.825291,0.0 -81.309743,34.826011,0.0 -81.315517,34.826049,0.0 -81.315823,34.824785,0.0 -81.321803,34.823647,0.0 -81.324489,34.822293,0.0 -81.324517,34.822293,0.0 -81.331449,34.822269,0.0 -81.334125,34.822154,0.0 -81.359701,34.822185,0.0 -81.372888,34.822203,0.0 -81.373452,34.819966,0.0 -81.371678,34.81596,0.0 -81.369117,34.813114,0.0 -81.371002,34.810587,0.0 -81.375556,34.80993,0.0 -81.37737,34.809043,0.0 -81.380321,34.804685,0.0 -81.382412,34.802473,0.0 -81.390923,34.796832,0.0 -81.395741,34.79042,0.0 -81.397505,34.789141,0.0 -81.403949,34.788834,0.0 -81.404778,34.787908,0.0 -81.404347,34.785094,0.0 -81.407426,34.781316,0.0 -81.409672,34.778991,0.0 -81.415233,34.782014,0.0 -81.417515,34.781385,0.0 -81.422111,34.781606,0.0 -81.424724,34.780202,0.0 -81.432304,34.776607,0.0 -81.437306,34.779141,0.0 -81.442146,34.780787,0.0 -81.444476,34.782159,0.0 -81.446636,34.785646,0.0 -81.449491,34.787452,0.0 -81.456026,34.787489,0.0 -81.453463,34.781782,0.0 -81.454458,34.779916,0.0 -81.45467,34.777318,0.0 -81.455209,34.773714,0.0 -81.454814,34.770278,0.0 -81.45352,34.767218,0.0 -81.453356,34.764395,0.0 -81.452797,34.762813,0.0 -81.453097,34.760903,0.0 -81.454534,34.759422,0.0 -81.456309,34.758644,0.0 -81.45891,34.758376,0.0 -81.461591,34.757576,0.0 -81.464988,34.755342,0.0 -81.469046,34.753449,0.0 -81.474965,34.748864,0.0 -81.482351,34.744398,0.0 -81.484917,34.741494,0.0 -81.487234,34.738175,0.0 -81.488219,34.735472,0.0</coordinates>
</LinearRing>
</outerBoundaryIs>
</Polygon>
</Placemark><Placemark><name>29707 — Fort Mill, SC</name><description>Service ZIP: 29707. Census 2020 ZCTA boundary; approximate ZIP area.</description><styleUrl>#service-area</styleUrl><ExtendedData><Data name="ZIP"><value>29707</value></Data><Data name="Town"><value>Fort Mill</value></Data><Data name="State"><value>SC</value></Data></ExtendedData><Polygon>
<extrude>0</extrude>
<tessellate>1</tessellate>
<altitudeMode>clampToGround</altitudeMode>
<outerBoundaryIs>
<LinearRing>
<coordinates>-80.909447,35.017738,0.0 -80.909535,35.016871,0.0 -80.906885,35.013018,0.0 -80.904091,35.011066,0.0 -80.901514,35.01278,0.0 -80.898971,35.014441,0.0 -80.89695,35.013335,0.0 -80.897812,35.01258,0.0 -80.899312,35.011526,0.0 -80.900389,35.010028,0.0 -80.899525,35.007731,0.0 -80.901307,35.007495,0.0 -80.902296,35.005742,0.0 -80.89524,35.000476,0.0 -80.893281,34.998156,0.0 -80.893126,34.996771,0.0 -80.894081,34.994949,0.0 -80.894151,34.993563,0.0 -80.89188,34.990555,0.0 -80.888875,34.991805,0.0 -80.886878,34.991902,0.0 -80.885658,34.991254,0.0 -80.885373,34.989629,0.0 -80.886259,34.988232,0.0 -80.888449,34.987678,0.0 -80.889177,34.985056,0.0 -80.887549,34.984557,0.0 -80.888001,34.98345,0.0 -80.88654,34.980952,0.0 -80.885896,34.976702,0.0 -80.884421,34.975716,0.0 -80.884053,34.975168,0.0 -80.884382,34.974572,0.0 -80.883758,34.974151,0.0 -80.883889,34.973113,0.0 -80.883174,34.971935,0.0 -80.882413,34.97084,0.0 -80.884237,34.968285,0.0 -80.884291,34.965772,0.0 -80.882453,34.965107,0.0 -80.882011,34.966733,0.0 -80.880612,34.965588,0.0 -80.879842,34.962515,0.0 -80.877577,34.963518,0.0 -80.875678,34.965018,0.0 -80.874218,34.965325,0.0 -80.872632,34.961749,0.0 -80.872693,34.960327,0.0 -80.873883,34.956698,0.0 -80.872837,34.954597,0.0 -80.869269,34.952002,0.0 -80.86859,34.950711,0.0 -80.869804,34.949024,0.0 -80.869933,34.947035,0.0 -80.869156,34.945077,0.0 -80.868592,34.942259,0.0 -80.868214,34.941227,0.0 -80.867667,34.93967,0.0 -80.870109,34.935832,0.0 -80.870317,34.934499,0.0 -80.869141,34.931886,0.0 -80.867181,34.929104,0.0 -80.865545,34.926238,0.0 -80.865355,34.925707,0.0 -80.865039,34.924822,0.0 -80.865416,34.920821,0.0 -80.864725,34.920638,0.0 -80.862157,34.923262,0.0 -80.861081,34.921201,0.0 -80.859066,34.92168,0.0 -80.85466,34.920703,0.0 -80.850193,34.911172,0.0 -80.84692,34.910931,0.0 -80.846554,34.912206,0.0 -80.844779,34.913964,0.0 -80.840497,34.916305,0.0 -80.837194,34.920602,0.0 -80.838434,34.921253,0.0 -80.839239,34.922592,0.0 -80.838864,34.922887,0.0 -80.836984,34.92131,0.0 -80.837044,34.925269,0.0 -80.835536,34.92921,0.0 -80.835027,34.929827,0.0 -80.834,34.930449,0.0 -80.833643,34.929919,0.0 -80.825823,34.931269,0.0 -80.823033,34.929814,0.0 -80.822458,34.931203,0.0 -80.818529,34.931612,0.0 -80.816735,34.933951,0.0 -80.810385,34.935655,0.0 -80.807058,34.935602,0.0 -80.805777,34.93671,0.0 -80.805707,34.93795,0.0 -80.793911,34.940164,0.0 -80.7882846335211,34.9427130897262,0.0 -80.7953275810706,34.9505327544939,0.0 -80.7981075429767,34.9536192988732,0.0 -80.8030462035539,34.9591026096381,0.0 -80.8030469059055,34.9591033894472,0.0 -80.806461,34.962894,0.0 -80.806784,34.963249,0.0 -80.8135539938927,34.9707841461532,0.0 -80.813563626584,34.970794867542,0.0 -80.8167798594308,34.9743746026122,0.0 -80.8190016415258,34.9768474929977,0.0 -80.8214239517349,34.9795435754083,0.0 -80.82156,34.979695,0.0 -80.831541835926,34.9913299932712,0.0 -80.8315451442794,34.9913338495427,0.0 -80.840366453868,35.0016161140947,0.0 -80.8513413256774,35.0144086064377,0.0 -80.8514127802597,35.0144918950823,0.0 -80.8514395471785,35.0145230950461,0.0 -80.8515067423286,35.0146014188259,0.0 -80.8530249405039,35.016371055763,0.0 -80.8547119282317,35.0183374365977,0.0 -80.8643778038261,35.0296041412735,0.0 -80.8705476598941,35.0367958276893,0.0 -80.870549306055,35.0367977464817,0.0 -80.8717574695196,35.0382060018252,0.0 -80.881419215077,35.0494678924615,0.0 -80.8848629313759,35.0534819452132,0.0 -80.884887,35.05351,0.0 -80.8925023476586,35.0616831597483,0.0 -80.898065104052,35.0676533791896,0.0 -80.9062325339665,35.0764190603398,0.0 -80.906376,35.076248,0.0 -80.906007,35.072027,0.0 -80.90734,35.069799,0.0 -80.906264,35.068084,0.0 -80.907084,35.066052,0.0 -80.905958,35.063735,0.0 -80.903435,35.064859,0.0 -80.903217,35.062933,0.0 -80.90099,35.062145,0.0 -80.899497,35.060102,0.0 -80.900537,35.057396,0.0 -80.901644,35.05609,0.0 -80.903068,35.05552,0.0 -80.904778,35.053988,0.0 -80.902538,35.052501,0.0 -80.904057,35.050041,0.0 -80.90512,35.048662,0.0 -80.905885,35.046783,0.0 -80.903025,35.045779,0.0 -80.900228,35.041016,0.0 -80.898137,35.039187,0.0 -80.898335,35.036507,0.0 -80.897478,35.035709,0.0 -80.897446,35.033096,0.0 -80.898681,35.03074,0.0 -80.89869,35.029459,0.0 -80.900339,35.027226,0.0 -80.900968,35.02502,0.0 -80.903455,35.021138,0.0 -80.90358,35.018688,0.0 -80.908088,35.018977,0.0 -80.909447,35.017738,0.0</coordinates>
</LinearRing>
</outerBoundaryIs>
</Polygon>
</Placemark><Placemark><name>29708 — Fort Mill, SC</name><description>Service ZIP: 29708. Census 2020 ZCTA boundary; approximate ZIP area.</description><styleUrl>#service-area</styleUrl><ExtendedData><Data name="ZIP"><value>29708</value></Data><Data name="Town"><value>Fort Mill</value></Data><Data name="State"><value>SC</value></Data></ExtendedData><Polygon>
<extrude>0</extrude>
<tessellate>1</tessellate>
<altitudeMode>clampToGround</altitudeMode>
<outerBoundaryIs>
<LinearRing>
<coordinates>-81.041489,35.044703,0.0 -81.040565,35.043138,0.0 -81.038193,35.039027,0.0 -81.037766,35.037707,0.0 -81.037537,35.035769,0.0 -81.038727,35.031535,0.0 -81.038025,35.027514,0.0 -81.037476,35.026515,0.0 -81.034162,35.023452,0.0 -81.027299,35.018818,0.0 -81.024385,35.018482,0.0 -81.023164,35.018711,0.0 -81.01967,35.021732,0.0 -81.016862,35.02322,0.0 -81.014713,35.023884,0.0 -81.013414,35.023792,0.0 -81.011611,35.023118,0.0 -81.008032,35.020724,0.0 -81.005824,35.020031,0.0 -81.00377,35.019132,0.0 -81.002496,35.018106,0.0 -80.999238,35.015233,0.0 -80.99737,35.013114,0.0 -80.996232,35.010663,0.0 -80.998323,35.008825,0.0 -80.99875,35.007345,0.0 -80.997819,35.001173,0.0 -80.997926,35.000044,0.0 -80.997056,34.996725,0.0 -80.99463,34.992422,0.0 -80.99329,34.991175,0.0 -80.987666,34.988643,0.0 -80.983549,34.987469,0.0 -80.983302,34.987421,0.0 -80.982782,34.988214,0.0 -80.983012,34.988275,0.0 -80.979711,34.993117,0.0 -80.979831,34.995165,0.0 -80.977926,34.999375,0.0 -80.976224,34.998265,0.0 -80.97234,35.004456,0.0 -80.972047,35.005124,0.0 -80.971811,35.005203,0.0 -80.971104,35.007261,0.0 -80.970637,35.009415,0.0 -80.970846,35.009427,0.0 -80.969167,35.01767,0.0 -80.969327,35.018915,0.0 -80.968559,35.01965,0.0 -80.967186,35.024566,0.0 -80.96507,35.027879,0.0 -80.961364,35.033693,0.0 -80.960457,35.037035,0.0 -80.960448,35.03709,0.0 -80.959585,35.043177,0.0 -80.959577,35.043374,0.0 -80.95975,35.0435,0.0 -80.957901,35.056888,0.0 -80.957093,35.059294,0.0 -80.956292,35.06096,0.0 -80.954967,35.063155,0.0 -80.953701,35.064843,0.0 -80.940501,35.082517,0.0 -80.937072,35.086817,0.0 -80.933332,35.091996,0.0 -80.932714,35.093425,0.0 -80.932181,35.096708,0.0 -80.931779,35.101322,0.0 -80.9312391572024,35.1034042639935,0.0 -80.93495,35.107409,0.0 -80.9470999250806,35.0995794016823,0.0 -80.9471109381443,35.0995723046949,0.0 -80.9576310732334,35.0927929680778,0.0 -80.95787,35.092639,0.0 -80.9721815028345,35.0844347908247,0.0 -80.9783610397681,35.0808923107514,0.0 -80.98416,35.077568,0.0 -80.9890357534564,35.0747728764614,0.0 -80.9891720831187,35.074694722746,0.0 -81.0130727491916,35.0609931861678,0.0 -81.0162428256995,35.0591758761775,0.0 -81.0189600840426,35.0576181532895,0.0 -81.0378166041718,35.0468082746235,0.0 -81.041489,35.044703,0.0</coordinates>
</LinearRing>
</outerBoundaryIs>
</Polygon>
</Placemark><Placemark><name>29710 — Clover, SC (part 1)</name><description>Service ZIP: 29710. Census 2020 ZCTA boundary; approximate ZIP area.</description><styleUrl>#service-area</styleUrl><ExtendedData><Data name="ZIP"><value>29710</value></Data><Data name="Town"><value>Clover</value></Data><Data name="State"><value>SC</value></Data></ExtendedData><Polygon>
<extrude>0</extrude>
<tessellate>1</tessellate>
<altitudeMode>clampToGround</altitudeMode>
<outerBoundaryIs>
<LinearRing>
<coordinates>-81.284268,35.031636,0.0 -81.283131,35.030144,0.0 -81.279097,35.031008,0.0 -81.277574,35.033281,0.0 -81.275799,35.034163,0.0 -81.274273,35.039592,0.0 -81.274785,35.040659,0.0 -81.278296,35.040594,0.0 -81.280212,35.037454,0.0 -81.280319,35.034663,0.0 -81.28206,35.034559,0.0 -81.284268,35.031636,0.0</coordinates>
</LinearRing>
</outerBoundaryIs>
</Polygon>
</Placemark><Placemark><name>29710 — Clover, SC (part 2)</name><description>Service ZIP: 29710. Census 2020 ZCTA boundary; approximate ZIP area.</description><styleUrl>#service-area</styleUrl><ExtendedData><Data name="ZIP"><value>29710</value></Data><Data name="Town"><value>Clover</value></Data><Data name="State"><value>SC</value></Data></ExtendedData><Polygon>
<extrude>0</extrude>
<tessellate>1</tessellate>
<altitudeMode>clampToGround</altitudeMode>
<outerBoundaryIs>
<LinearRing>
<coordinates>-81.389561,35.070344,0.0 -81.390007,35.067777,0.0 -81.388056,35.065185,0.0 -81.388503,35.064199,0.0 -81.386943,35.061837,0.0 -81.386749,35.060348,0.0 -81.385272,35.061492,0.0 -81.381845,35.062773,0.0 -81.382123,35.064308,0.0 -81.381119,35.065063,0.0 -81.378221,35.065291,0.0 -81.376436,35.068359,0.0 -81.374804,35.068841,0.0 -81.373617,35.06797,0.0 -81.371489,35.068136,0.0 -81.375381,35.069973,0.0 -81.375607,35.071263,0.0 -81.37753,35.074739,0.0 -81.377009,35.075551,0.0 -81.372411,35.078023,0.0 -81.36514,35.071763,0.0 -81.362108,35.070795,0.0 -81.357298,35.070477,0.0 -81.349382,35.078252,0.0 -81.349556,35.079315,0.0 -81.348058,35.079535,0.0 -81.346599,35.075916,0.0 -81.345859,35.076107,0.0 -81.344422,35.078091,0.0 -81.341946,35.079641,0.0 -81.341373,35.079415,0.0 -81.343205,35.075289,0.0 -81.345344,35.072631,0.0 -81.343393,35.072331,0.0 -81.338319,35.070063,0.0 -81.337852,35.068793,0.0 -81.332796,35.066721,0.0 -81.332341,35.067425,0.0 -81.33212,35.066267,0.0 -81.332797,35.064198,0.0 -81.332003,35.063216,0.0 -81.332485,35.060794,0.0 -81.33073,35.059104,0.0 -81.330697,35.057513,0.0 -81.331951,35.057374,0.0 -81.331758,35.055339,0.0 -81.33325,35.054998,0.0 -81.335586,35.052399,0.0 -81.33628,35.050172,0.0 -81.336046,35.048709,0.0 -81.334381,35.046238,0.0 -81.33695,35.047239,0.0 -81.327927,35.043485,0.0 -81.327284,35.0413,0.0 -81.330903,35.03949,0.0 -81.333827,35.039285,0.0 -81.335887,35.038597,0.0 -81.337558,35.039056,0.0 -81.338587,35.037269,0.0 -81.340814,35.036147,0.0 -81.343187,35.035624,0.0 -81.345128,35.033994,0.0 -81.347298,35.030993,0.0 -81.346657,35.029023,0.0 -81.347938,35.028244,0.0 -81.350165,35.028678,0.0 -81.35061,35.026364,0.0 -81.353173,35.025562,0.0 -81.353702,35.0246,0.0 -81.354258,35.023042,0.0 -81.353922,35.01775,0.0 -81.353084,35.015208,0.0 -81.353362,35.014246,0.0 -81.355673,35.011863,0.0 -81.355534,35.010374,0.0 -81.357203,35.007946,0.0 -81.357118,35.005517,0.0 -81.356171,35.003433,0.0 -81.357256,35.001325,0.0 -81.357477,34.998384,0.0 -81.359618,34.993894,0.0 -81.359784,34.992337,0.0 -81.356665,34.9892,0.0 -81.356441,34.986428,0.0 -81.357135,34.984138,0.0 -81.356122,34.98294,0.0 -81.353177,34.982918,0.0 -81.34816,34.985806,0.0 -81.349072,34.987789,0.0 -81.348852,34.991714,0.0 -81.346422,34.99163,0.0 -81.343056,34.993006,0.0 -81.340635,34.996557,0.0 -81.33866,34.997451,0.0 -81.336906,34.997474,0.0 -81.335014,35.000133,0.0 -81.332231,35.002454,0.0 -81.331006,35.002707,0.0 -81.3285,35.00486,0.0 -81.326914,35.007723,0.0 -81.323824,35.006968,0.0 -81.321876,35.007334,0.0 -81.319625,35.008594,0.0 -81.316734,35.009143,0.0 -81.314366,35.008203,0.0 -81.310328,35.010379,0.0 -81.308046,35.012222,0.0 -81.309056,35.013765,0.0 -81.308704,35.016865,0.0 -81.305922,35.020044,0.0 -81.304686,35.024036,0.0 -81.303729,35.025439,0.0 -81.308686,35.026628,0.0 -81.311857,35.025773,0.0 -81.318637,35.02064,0.0 -81.319814,35.020366,0.0 -81.318728,35.023828,0.0 -81.3175,35.025416,0.0 -81.31769,35.028682,0.0 -81.31579,35.032388,0.0 -81.314032,35.033312,0.0 -81.313362,35.034577,0.0 -81.319084,35.03824,0.0 -81.318875,35.038373,0.0 -81.318672,35.038192,0.0 -81.312845,35.03497,0.0 -81.311776,35.035494,0.0 -81.306132,35.040379,0.0 -81.299962,35.044922,0.0 -81.297565,35.051312,0.0 -81.2984,35.055274,0.0 -81.297007,35.057107,0.0 -81.297173,35.058457,0.0 -81.289794,35.062074,0.0 -81.284521,35.060677,0.0 -81.280296,35.063495,0.0 -81.278535,35.063748,0.0 -81.278199,35.06912,0.0 -81.277902,35.073775,0.0 -81.276945,35.072999,0.0 -81.273963,35.072694,0.0 -81.274052,35.071582,0.0 -81.272304,35.071295,0.0 -81.272505,35.068135,0.0 -81.268009,35.067882,0.0 -81.26666,35.067227,0.0 -81.266726,35.065811,0.0 -81.270949,35.066019,0.0 -81.273265,35.063696,0.0 -81.270154,35.06195,0.0 -81.270645,35.061089,0.0 -81.268574,35.060485,0.0 -81.264753,35.057809,0.0 -81.262144,35.057239,0.0 -81.263556,35.055748,0.0 -81.262804,35.054101,0.0 -81.267443,35.055208,0.0 -81.268164,35.053239,0.0 -81.266068,35.052687,0.0 -81.265086,35.048497,0.0 -81.261434,35.048965,0.0 -81.261753,35.053982,0.0 -81.260519,35.057393,0.0 -81.251858,35.054349,0.0 -81.248416,35.055847,0.0 -81.250634,35.050283,0.0 -81.254514,35.048587,0.0 -81.256141,35.041547,0.0 -81.25419,35.040188,0.0 -81.252287,35.040141,0.0 -81.244215,35.036905,0.0 -81.241761,35.038021,0.0 -81.240891,35.039976,0.0 -81.242335,35.045817,0.0 -81.238179,35.045409,0.0 -81.232401,35.042963,0.0 -81.227571,35.042566,0.0 -81.219878,35.040724,0.0 -81.221436,35.043879,0.0 -81.222052,35.047164,0.0 -81.220001,35.047119,0.0 -81.208838,35.062774,0.0 -81.207481,35.062382,0.0 -81.207621,35.064921,0.0 -81.210112,35.070044,0.0 -81.200796,35.070131,0.0 -81.198615,35.069504,0.0 -81.195489,35.06929,0.0 -81.190452,35.067893,0.0 -81.189919,35.067744,0.0 -81.18432,35.070943,0.0 -81.1846,35.074384,0.0 -81.182786,35.074675,0.0 -81.184079,35.078833,0.0 -81.185451,35.08029,0.0 -81.186127,35.083417,0.0 -81.179447,35.082835,0.0 -81.18176,35.085835,0.0 -81.180662,35.089559,0.0 -81.176465,35.087533,0.0 -81.174562,35.091807,0.0 -81.170834,35.091707,0.0 -81.169129,35.093511,0.0 -81.168132,35.093189,0.0 -81.164037,35.091925,0.0 -81.150679,35.090008,0.0 -81.151196,35.087986,0.0 -81.149648,35.087352,0.0 -81.149926,35.085681,0.0 -81.142478,35.082394,0.0 -81.138913,35.081593,0.0 -81.139955,35.079806,0.0 -81.142036,35.079646,0.0 -81.14097,35.078128,0.0 -81.145112,35.070948,0.0 -81.142674,35.071015,0.0 -81.141146,35.064887,0.0 -81.140328,35.06544,0.0 -81.13809,35.065016,0.0 -81.135593,35.063034,0.0 -81.131529,35.06317,0.0 -81.130337,35.061536,0.0 -81.129103,35.058555,0.0 -81.137589,35.05723,0.0 -81.138878,35.053317,0.0 -81.138477,35.047866,0.0 -81.127119,35.05406,0.0 -81.124321,35.058706,0.0 -81.122928,35.060165,0.0 -81.11935,35.063228,0.0 -81.121191,35.065747,0.0 -81.121298,35.070554,0.0 -81.11834,35.074949,0.0 -81.11433,35.073135,0.0 -81.111004,35.075257,0.0 -81.111138,35.076736,0.0 -81.107597,35.080289,0.0 -81.112706,35.080635,0.0 -81.112465,35.086321,0.0 -81.103453,35.087657,0.0 -81.103444,35.08915,0.0 -81.100271,35.090447,0.0 -81.100225,35.091552,0.0 -81.099686,35.091612,0.0 -81.09797,35.091793,0.0 -81.098164,35.090648,0.0 -81.098149,35.089286,0.0 -81.096963,35.090483,0.0 -81.086619,35.090485,0.0 -81.085805,35.089055,0.0 -81.086636,35.08119,0.0 -81.08164,35.079785,0.0 -81.083255,35.072346,0.0 -81.082848,35.072283,0.0 -81.081278,35.079603,0.0 -81.077962,35.078691,0.0 -81.078008,35.077072,0.0 -81.076342,35.076748,0.0 -81.075463,35.075244,0.0 -81.075958,35.072808,0.0 -81.075089,35.072533,0.0 -81.075684,35.070817,0.0 -81.077087,35.071198,0.0 -81.078903,35.070412,0.0 -81.076889,35.070382,0.0 -81.073608,35.069329,0.0 -81.074105,35.067076,0.0 -81.071942,35.067887,0.0 -81.068992,35.066576,0.0 -81.066317,35.066588,0.0 -81.0577180304867,35.0644102124556,0.0 -81.0578117321496,35.0670557473321,0.0 -81.058029,35.07319,0.0 -81.0576817385755,35.0788560978198,0.0 -81.057236,35.086129,0.0 -81.056712681901,35.0871584898703,0.0 -81.052078,35.096276,0.0 -81.050079,35.098817,0.0 -81.046524,35.100617,0.0 -81.0401844043794,35.101949319167,0.0 -81.0401702459805,35.1019522946732,0.0 -81.037369,35.102541,0.0 -81.034958,35.104105,0.0 -81.032806,35.108049,0.0 -81.032471,35.110033,0.0 -81.033005,35.113747,0.0 -81.036759,35.122552,0.0 -81.038968,35.126299,0.0 -81.05042,35.131048,0.0 -81.051037,35.131654,0.0 -81.051204,35.133237,0.0 -81.047826,35.143743,0.0 -81.047091,35.145157,0.0 -81.044391,35.147918,0.0 -81.043407,35.14839,0.0 -81.04287,35.149248,0.0 -81.043625,35.149877,0.0 -81.0463456155096,35.1500525601182,0.0 -81.0562079916324,35.1506889748972,0.0 -81.0567617204493,35.1507247067734,0.0 -81.0575723511473,35.1507770164146,0.0 -81.0586938754696,35.1508493878842,0.0 -81.069640478647,35.1515557673565,0.0 -81.077253,35.152047,0.0 -81.0790409329568,35.1521623937131,0.0 -81.0840966865924,35.1524886935233,0.0 -81.0891990008163,35.1528179983674,0.0 -81.0927843815354,35.1530493998819,0.0 -81.0930278508632,35.1530651134631,0.0 -81.109295,35.154115,0.0 -81.11084,35.154185,0.0 -81.1145159999015,35.1543504851419,0.0 -81.129808180835,35.1550389042931,0.0 -81.1298933998048,35.155042740657,0.0 -81.1300262790508,35.155048722578,0.0 -81.138207,35.155417,0.0 -81.1459872118659,35.1557675098859,0.0 -81.1805586040491,35.1573250014992,0.0 -81.1807225865847,35.1573323891515,0.0 -81.1990318744358,35.1581572492591,0.0 -81.209815295008,35.1586430580751,0.0 -81.2149459037575,35.1588741994783,0.0 -81.239358,35.159974,0.0 -81.241686,35.160081,0.0 -81.2652385668739,35.1609877925759,0.0 -81.2654920071096,35.1609975502267,0.0 -81.2665313056272,35.1610375640471,0.0 -81.2675191735729,35.1610755977495,0.0 -81.2690284167868,35.1611337048149,0.0 -81.2691991089359,35.1611402765985,0.0 -81.2694460893412,35.1611497855407,0.0 -81.2865888599806,35.1618097958585,0.0 -81.290672,35.161967,0.0 -81.3280393754573,35.163405284384,0.0 -81.3665972553152,35.1648893917317,0.0 -81.3665997502835,35.164889487764,0.0 -81.388172,35.148075,0.0 -81.387415,35.147127,0.0 -81.387529,35.145473,0.0 -81.386841,35.140417,0.0 -81.386083,35.139279,0.0 -81.382902,35.137328,0.0 -81.381047,35.136851,0.0 -81.379343,35.137868,0.0 -81.377043,35.140422,0.0 -81.375844,35.140943,0.0 -81.373418,35.140924,0.0 -81.36934,35.139726,0.0 -81.366594,35.138419,0.0 -81.362503,35.135873,0.0 -81.360344,35.135145,0.0 -81.356368,35.135013,0.0 -81.353759,35.136073,0.0 -81.351233,35.139131,0.0 -81.350151,35.133728,0.0 -81.350201,35.13179,0.0 -81.348847,35.128379,0.0 -81.349002,35.126715,0.0 -81.348428,35.123718,0.0 -81.350828,35.121633,0.0 -81.351388,35.112916,0.0 -81.350349,35.111055,0.0 -81.350117,35.107325,0.0 -81.351293,35.104604,0.0 -81.350236,35.103346,0.0 -81.347765,35.103461,0.0 -81.348861,35.100484,0.0 -81.348717,35.09941,0.0 -81.345978,35.096625,0.0 -81.347422,35.092965,0.0 -81.347468,35.090082,0.0 -81.346485,35.089896,0.0 -81.34722,35.087333,0.0 -81.347138,35.084315,0.0 -81.348622,35.080667,0.0 -81.352028,35.080673,0.0 -81.357529,35.080063,0.0 -81.35809,35.07851,0.0 -81.362724,35.079187,0.0 -81.364944,35.080316,0.0 -81.366707,35.082418,0.0 -81.366997,35.082336,0.0 -81.375784,35.082974,0.0 -81.376436,35.082918,0.0 -81.388045,35.079234,0.0 -81.386985,35.077062,0.0 -81.386913,35.071857,0.0 -81.389561,35.070344,0.0</coordinates>
</LinearRing>
</outerBoundaryIs>
<innerBoundaryIs>
<LinearRing>
<coordinates>-81.333196,35.09798,0.0 -81.330483,35.098991,0.0 -81.329944,35.100368,0.0 -81.327209,35.103001,0.0 -81.324258,35.107856,0.0 -81.316246,35.110301,0.0 -81.315471,35.110194,0.0 -81.314807,35.11082,0.0 -81.311677,35.10841,0.0 -81.308415,35.108439,0.0 -81.308867,35.112854,0.0 -81.308005,35.115962,0.0 -81.305539,35.116243,0.0 -81.303889,35.117301,0.0 -81.302148,35.115488,0.0 -81.301304,35.116428,0.0 -81.300068,35.115217,0.0 -81.2986,35.116518,0.0 -81.294696,35.113542,0.0 -81.297406,35.110922,0.0 -81.297268,35.10626,0.0 -81.298208,35.105223,0.0 -81.296172,35.102839,0.0 -81.297321,35.101677,0.0 -81.301184,35.096146,0.0 -81.302532,35.096388,0.0 -81.300666,35.100138,0.0 -81.298629,35.100709,0.0 -81.303541,35.104573,0.0 -81.30713,35.101694,0.0 -81.315193,35.102359,0.0 -81.316743,35.103824,0.0 -81.318855,35.103812,0.0 -81.319764,35.102635,0.0 -81.321642,35.100076,0.0 -81.320842,35.094101,0.0 -81.322404,35.094861,0.0 -81.324659,35.091858,0.0 -81.32672,35.093161,0.0 -81.329758,35.094046,0.0 -81.330953,35.093094,0.0 -81.328916,35.09611,0.0 -81.333196,35.09798,0.0</coordinates>
</LinearRing>
</innerBoundaryIs>
<innerBoundaryIs>
<LinearRing>
<coordinates>-81.28767,35.094456,0.0 -81.289566,35.096146,0.0 -81.284077,35.099606,0.0 -81.282691,35.099974,0.0 -81.281618,35.095264,0.0 -81.280086,35.09327,0.0 -81.275739,35.091826,0.0 -81.274179,35.089833,0.0 -81.272257,35.089855,0.0 -81.275546,35.087429,0.0 -81.27485,35.085962,0.0 -81.275992,35.084908,0.0 -81.277653,35.079436,0.0 -81.278106,35.079376,0.0 -81.277701,35.07779,0.0 -81.277763,35.07602,0.0 -81.285552,35.074638,0.0 -81.286428,35.076274,0.0 -81.286361,35.078613,0.0 -81.288503,35.080869,0.0 -81.289337,35.088682,0.0 -81.28549,35.089917,0.0 -81.288622,35.094113,0.0 -81.28767,35.094456,0.0</coordinates>
</LinearRing>
</innerBoundaryIs>
</Polygon>
</Placemark><Placemark><name>29715 — Fort Mill, SC</name><description>Service ZIP: 29715. Census 2020 ZCTA boundary; approximate ZIP area.</description><styleUrl>#service-area</styleUrl><ExtendedData><Data name="ZIP"><value>29715</value></Data><Data name="Town"><value>Fort Mill</value></Data><Data name="State"><value>SC</value></Data></ExtendedData><Polygon>
<extrude>0</extrude>
<tessellate>1</tessellate>
<altitudeMode>clampToGround</altitudeMode>
<outerBoundaryIs>
<LinearRing>
<coordinates>-80.982782,34.988214,0.0 -80.983302,34.987421,0.0 -80.974169,34.985659,0.0 -80.966661,34.982763,0.0 -80.964653,34.980991,0.0 -80.962773,34.978356,0.0 -80.957391,34.974508,0.0 -80.957445,34.971393,0.0 -80.960361,34.966821,0.0 -80.960455,34.964886,0.0 -80.959782,34.962653,0.0 -80.957841,34.961135,0.0 -80.953691,34.960577,0.0 -80.951782,34.959448,0.0 -80.948772,34.956495,0.0 -80.94693,34.954976,0.0 -80.943756,34.953458,0.0 -80.940446,34.95283,0.0 -80.935883,34.953414,0.0 -80.932937,34.952962,0.0 -80.927672,34.951306,0.0 -80.924483,34.950665,0.0 -80.9187,34.950125,0.0 -80.906218,34.94718,0.0 -80.901289,34.945143,0.0 -80.898151,34.944328,0.0 -80.894191,34.944172,0.0 -80.887312,34.946447,0.0 -80.880907,34.94684,0.0 -80.876416,34.946684,0.0 -80.872407,34.945568,0.0 -80.871194,34.944569,0.0 -80.868214,34.941227,0.0 -80.868592,34.942259,0.0 -80.869156,34.945077,0.0 -80.869933,34.947035,0.0 -80.869804,34.949024,0.0 -80.86859,34.950711,0.0 -80.869269,34.952002,0.0 -80.872837,34.954597,0.0 -80.873883,34.956698,0.0 -80.872693,34.960327,0.0 -80.872632,34.961749,0.0 -80.874218,34.965325,0.0 -80.875678,34.965018,0.0 -80.877577,34.963518,0.0 -80.879842,34.962515,0.0 -80.880612,34.965588,0.0 -80.882011,34.966733,0.0 -80.882453,34.965107,0.0 -80.884291,34.965772,0.0 -80.884237,34.968285,0.0 -80.882413,34.97084,0.0 -80.883174,34.971935,0.0 -80.883889,34.973113,0.0 -80.883758,34.974151,0.0 -80.884382,34.974572,0.0 -80.884053,34.975168,0.0 -80.884421,34.975716,0.0 -80.885896,34.976702,0.0 -80.88654,34.980952,0.0 -80.888001,34.98345,0.0 -80.887549,34.984557,0.0 -80.889177,34.985056,0.0 -80.888449,34.987678,0.0 -80.886259,34.988232,0.0 -80.885373,34.989629,0.0 -80.885658,34.991254,0.0 -80.886878,34.991902,0.0 -80.888875,34.991805,0.0 -80.89188,34.990555,0.0 -80.894151,34.993563,0.0 -80.894081,34.994949,0.0 -80.893126,34.996771,0.0 -80.893281,34.998156,0.0 -80.89524,35.000476,0.0 -80.902296,35.005742,0.0 -80.901307,35.007495,0.0 -80.899525,35.007731,0.0 -80.900389,35.010028,0.0 -80.899312,35.011526,0.0 -80.897812,35.01258,0.0 -80.89695,35.013335,0.0 -80.898971,35.014441,0.0 -80.901514,35.01278,0.0 -80.904091,35.011066,0.0 -80.906885,35.013018,0.0 -80.909535,35.016871,0.0 -80.909447,35.017738,0.0 -80.908088,35.018977,0.0 -80.90358,35.018688,0.0 -80.903455,35.021138,0.0 -80.900968,35.02502,0.0 -80.900339,35.027226,0.0 -80.89869,35.029459,0.0 -80.898681,35.03074,0.0 -80.897446,35.033096,0.0 -80.897478,35.035709,0.0 -80.898335,35.036507,0.0 -80.898137,35.039187,0.0 -80.900228,35.041016,0.0 -80.903025,35.045779,0.0 -80.905885,35.046783,0.0 -80.90512,35.048662,0.0 -80.904057,35.050041,0.0 -80.902538,35.052501,0.0 -80.904778,35.053988,0.0 -80.903068,35.05552,0.0 -80.901644,35.05609,0.0 -80.900537,35.057396,0.0 -80.899497,35.060102,0.0 -80.90099,35.062145,0.0 -80.903217,35.062933,0.0 -80.903435,35.064859,0.0 -80.905958,35.063735,0.0 -80.907084,35.066052,0.0 -80.906264,35.068084,0.0 -80.90734,35.069799,0.0 -80.906007,35.072027,0.0 -80.906376,35.076248,0.0 -80.9062325339665,35.0764190603398,0.0 -80.9064451658369,35.0766472671561,0.0 -80.906553,35.076763,0.0 -80.9067375247654,35.0769621388513,0.0 -80.9201233286038,35.0914080783671,0.0 -80.9310643272864,35.1032155878093,0.0 -80.9312391572024,35.1034042639935,0.0 -80.931779,35.101322,0.0 -80.932181,35.096708,0.0 -80.932714,35.093425,0.0 -80.933332,35.091996,0.0 -80.937072,35.086817,0.0 -80.940501,35.082517,0.0 -80.953701,35.064843,0.0 -80.954967,35.063155,0.0 -80.956292,35.06096,0.0 -80.957093,35.059294,0.0 -80.957901,35.056888,0.0 -80.95975,35.0435,0.0 -80.959577,35.043374,0.0 -80.959585,35.043177,0.0 -80.960448,35.03709,0.0 -80.960457,35.037035,0.0 -80.961364,35.033693,0.0 -80.96507,35.027879,0.0 -80.967186,35.024566,0.0 -80.968559,35.01965,0.0 -80.969327,35.018915,0.0 -80.969167,35.01767,0.0 -80.970846,35.009427,0.0 -80.970637,35.009415,0.0 -80.971104,35.007261,0.0 -80.971811,35.005203,0.0 -80.972047,35.005124,0.0 -80.97234,35.004456,0.0 -80.976224,34.998265,0.0 -80.977926,34.999375,0.0 -80.979831,34.995165,0.0 -80.979711,34.993117,0.0 -80.983012,34.988275,0.0 -80.982782,34.988214,0.0</coordinates>
</LinearRing>
</outerBoundaryIs>
</Polygon>
</Placemark><Placemark><name>29720 — Lancaster, SC</name><description>Service ZIP: 29720. Census 2020 ZCTA boundary; approximate ZIP area.</description><styleUrl>#service-area</styleUrl><ExtendedData><Data name="ZIP"><value>29720</value></Data><Data name="Town"><value>Lancaster</value></Data><Data name="State"><value>SC</value></Data></ExtendedData><Polygon>
<extrude>0</extrude>
<tessellate>1</tessellate>
<altitudeMode>clampToGround</altitudeMode>
<outerBoundaryIs>
<LinearRing>
<coordinates>-80.898596,34.826144,0.0 -80.898942,34.823734,0.0 -80.898215,34.820746,0.0 -80.895865,34.814121,0.0 -80.89271,34.809774,0.0 -80.890406,34.805906,0.0 -80.886769,34.803491,0.0 -80.885275,34.800216,0.0 -80.884378,34.795744,0.0 -80.878019,34.790714,0.0 -80.876121,34.788047,0.0 -80.875797,34.785246,0.0 -80.875159,34.781847,0.0 -80.874776,34.772045,0.0 -80.874281,34.767734,0.0 -80.874301,34.763422,0.0 -80.878278,34.759078,0.0 -80.878689,34.757427,0.0 -80.878667,34.755571,0.0 -80.877645,34.750144,0.0 -80.877594,34.743889,0.0 -80.876095,34.740272,0.0 -80.874794,34.738285,0.0 -80.874471,34.731543,0.0 -80.87336,34.72943,0.0 -80.870299,34.726163,0.0 -80.86872,34.723178,0.0 -80.868242,34.719604,0.0 -80.868837,34.716596,0.0 -80.867088,34.708685,0.0 -80.866324,34.706626,0.0 -80.865999,34.706169,0.0 -80.861198,34.70276,0.0 -80.859756,34.700234,0.0 -80.859591,34.698879,0.0 -80.86035,34.695736,0.0 -80.861053,34.694734,0.0 -80.86385,34.69251,0.0 -80.869734,34.688948,0.0 -80.874119,34.684925,0.0 -80.876879,34.682908,0.0 -80.878106,34.681066,0.0 -80.879144,34.676048,0.0 -80.880537,34.673973,0.0 -80.887391,34.669566,0.0 -80.888469,34.668603,0.0 -80.88857,34.665659,0.0 -80.888225,34.663046,0.0 -80.886856,34.659213,0.0 -80.886493,34.65705,0.0 -80.886869,34.653904,0.0 -80.88741,34.652599,0.0 -80.892842,34.645957,0.0 -80.894349,34.643359,0.0 -80.894896,34.641698,0.0 -80.895577,34.637512,0.0 -80.896294,34.635535,0.0 -80.896406,34.631781,0.0 -80.89472,34.628055,0.0 -80.891915,34.625144,0.0 -80.89119,34.623839,0.0 -80.889206,34.618193,0.0 -80.889412,34.616632,0.0 -80.888993,34.613175,0.0 -80.890204,34.611134,0.0 -80.889942,34.607823,0.0 -80.891711,34.604286,0.0 -80.891186,34.600475,0.0 -80.89209,34.598053,0.0 -80.889093,34.595062,0.0 -80.888299,34.593456,0.0 -80.883075,34.58841,0.0 -80.883517,34.585392,0.0 -80.882346,34.584744,0.0 -80.874537,34.589485,0.0 -80.872433,34.591684,0.0 -80.871013,34.591952,0.0 -80.868416,34.590228,0.0 -80.86747,34.588692,0.0 -80.866557,34.585853,0.0 -80.864458,34.583702,0.0 -80.858668,34.582176,0.0 -80.856748,34.582331,0.0 -80.851484,34.58432,0.0 -80.849741,34.584648,0.0 -80.846637,34.584042,0.0 -80.845531,34.58746,0.0 -80.845337,34.589855,0.0 -80.842465,34.59069,0.0 -80.841132,34.593186,0.0 -80.841015,34.594616,0.0 -80.83486,34.593068,0.0 -80.833723,34.591996,0.0 -80.829302,34.591023,0.0 -80.828783,34.590276,0.0 -80.82641,34.591134,0.0 -80.825639,34.590133,0.0 -80.823266,34.589716,0.0 -80.822694,34.590475,0.0 -80.817921,34.591734,0.0 -80.811991,34.592581,0.0 -80.809844,34.593208,0.0 -80.807112,34.592361,0.0 -80.806105,34.591443,0.0 -80.803456,34.59174,0.0 -80.801594,34.590415,0.0 -80.801129,34.592047,0.0 -80.799208,34.591921,0.0 -80.795717,34.592871,0.0 -80.792799,34.594498,0.0 -80.788821,34.599759,0.0 -80.787578,34.600226,0.0 -80.785297,34.602073,0.0 -80.781553,34.603144,0.0 -80.780369,34.604331,0.0 -80.77757,34.605881,0.0 -80.776034,34.60604,0.0 -80.773824,34.610964,0.0 -80.770219,34.615608,0.0 -80.769986,34.620411,0.0 -80.769012,34.62074,0.0 -80.765137,34.62189,0.0 -80.763416,34.621938,0.0 -80.754076,34.618694,0.0 -80.752073,34.617468,0.0 -80.750697,34.619468,0.0 -80.750611,34.620959,0.0 -80.751686,34.624477,0.0 -80.749044,34.623793,0.0 -80.746616,34.622354,0.0 -80.744486,34.619529,0.0 -80.742544,34.619096,0.0 -80.739021,34.621197,0.0 -80.733449,34.621816,0.0 -80.728947,34.621383,0.0 -80.727838,34.62456,0.0 -80.723325,34.625304,0.0 -80.719163,34.626549,0.0 -80.713816,34.634219,0.0 -80.716656,34.635319,0.0 -80.721014,34.638394,0.0 -80.723095,34.639088,0.0 -80.721258,34.644405,0.0 -80.720669,34.648708,0.0 -80.714013,34.648751,0.0 -80.712684,34.652721,0.0 -80.714454,34.654189,0.0 -80.711007,34.651815,0.0 -80.709663,34.651722,0.0 -80.707481,34.6485,0.0 -80.706922,34.646642,0.0 -80.705791,34.64595,0.0 -80.704904,34.643979,0.0 -80.703934,34.644534,0.0 -80.700174,34.645186,0.0 -80.699652,34.645947,0.0 -80.7026,34.649833,0.0 -80.698945,34.650806,0.0 -80.695426,34.649892,0.0 -80.692889,34.650454,0.0 -80.68872,34.652855,0.0 -80.688944,34.656251,0.0 -80.689851,34.66007,0.0 -80.690871,34.662517,0.0 -80.691329,34.665917,0.0 -80.682641,34.662434,0.0 -80.682242,34.657738,0.0 -80.681451,34.654731,0.0 -80.682349,34.652235,0.0 -80.681943,34.6482,0.0 -80.674644,34.646111,0.0 -80.662436,34.644391,0.0 -80.660143,34.646533,0.0 -80.669476,34.652669,0.0 -80.664448,34.655337,0.0 -80.661537,34.655629,0.0 -80.656593,34.657396,0.0 -80.653924,34.658734,0.0 -80.659921,34.660267,0.0 -80.661739,34.661772,0.0 -80.649343,34.67299,0.0 -80.649348,34.674244,0.0 -80.654473,34.67326,0.0 -80.656588,34.675111,0.0 -80.657147,34.678143,0.0 -80.652856,34.679452,0.0 -80.651684,34.680316,0.0 -80.649733,34.680301,0.0 -80.648059,34.681676,0.0 -80.644488,34.683234,0.0 -80.64321,34.684246,0.0 -80.638922,34.681036,0.0 -80.634481,34.688432,0.0 -80.628749,34.687765,0.0 -80.624644,34.686739,0.0 -80.620191,34.686418,0.0 -80.619203,34.685456,0.0 -80.617195,34.679088,0.0 -80.616274,34.676722,0.0 -80.616792,34.673245,0.0 -80.614225,34.672688,0.0 -80.610523,34.674,0.0 -80.608305,34.672446,0.0 -80.606603,34.672014,0.0 -80.605207,34.673345,0.0 -80.601381,34.673529,0.0 -80.601382,34.67456,0.0 -80.59947,34.677447,0.0 -80.597225,34.677928,0.0 -80.596782,34.680128,0.0 -80.594648,34.681663,0.0 -80.593733,34.681526,0.0 -80.589073,34.678434,0.0 -80.586523,34.679534,0.0 -80.582391,34.678527,0.0 -80.581532,34.67965,0.0 -80.580451,34.679192,0.0 -80.580091,34.68091,0.0 -80.577623,34.682721,0.0 -80.573603,34.684233,0.0 -80.565257,34.679881,0.0 -80.564148,34.679996,0.0 -80.561431,34.677087,0.0 -80.557583,34.678208,0.0 -80.55642,34.67982,0.0 -80.554891,34.680426,0.0 -80.554936,34.681562,0.0 -80.55333,34.682943,0.0 -80.550811,34.682767,0.0 -80.544649,34.679156,0.0 -80.544365,34.677945,0.0 -80.541636,34.677563,0.0 -80.539648,34.677983,0.0 -80.539615,34.681333,0.0 -80.53786,34.687449,0.0 -80.538018,34.688833,0.0 -80.535831,34.690091,0.0 -80.531578,34.6906,0.0 -80.528338,34.692876,0.0 -80.526128,34.691345,0.0 -80.524421,34.69091,0.0 -80.52126,34.691188,0.0 -80.51677,34.689845,0.0 -80.514609,34.69137,0.0 -80.513894,34.693632,0.0 -80.513706,34.696563,0.0 -80.512219,34.698363,0.0 -80.504222,34.702806,0.0 -80.501161,34.70625,0.0 -80.500598,34.707445,0.0 -80.500612,34.710718,0.0 -80.500062,34.711748,0.0 -80.495851,34.715288,0.0 -80.492923,34.718838,0.0 -80.48976,34.720216,0.0 -80.489607,34.721344,0.0 -80.487869,34.72187,0.0 -80.488347,34.723767,0.0 -80.489612,34.723392,0.0 -80.493283,34.725056,0.0 -80.498059,34.730227,0.0 -80.498604,34.731998,0.0 -80.501629,34.736484,0.0 -80.501945,34.73786,0.0 -80.500656,34.738085,0.0 -80.500335,34.73955,0.0 -80.502478,34.741067,0.0 -80.503993,34.743468,0.0 -80.505961,34.745199,0.0 -80.507145,34.745532,0.0 -80.508607,34.75025,0.0 -80.508935,34.750754,0.0 -80.509383,34.752583,0.0 -80.510607,34.754729,0.0 -80.513793,34.756543,0.0 -80.516247,34.758916,0.0 -80.517448,34.76096,0.0 -80.517871,34.762716,0.0 -80.517322,34.763703,0.0 -80.514557,34.76594,0.0 -80.514702,34.766598,0.0 -80.516434,34.767981,0.0 -80.522109,34.768211,0.0 -80.523063,34.768721,0.0 -80.523219,34.770214,0.0 -80.525237,34.770934,0.0 -80.529773,34.771079,0.0 -80.529866,34.772431,0.0 -80.528141,34.772496,0.0 -80.527761,34.773266,0.0 -80.529605,34.775201,0.0 -80.532496,34.776082,0.0 -80.534395,34.776731,0.0 -80.534187,34.779936,0.0 -80.533034,34.7822,0.0 -80.53348,34.782937,0.0 -80.535305,34.78341,0.0 -80.538417,34.78208,0.0 -80.544545,34.784011,0.0 -80.546644,34.786199,0.0 -80.546891,34.787144,0.0 -80.545045,34.789101,0.0 -80.54643,34.790256,0.0 -80.551501,34.790998,0.0 -80.552434,34.791872,0.0 -80.551974,34.792757,0.0 -80.553673,34.794478,0.0 -80.554299,34.796215,0.0 -80.554139,34.79804,0.0 -80.555571,34.799448,0.0 -80.557038,34.799662,0.0 -80.558477,34.801515,0.0 -80.559676,34.804769,0.0 -80.560129,34.807193,0.0 -80.561715,34.809541,0.0 -80.562115,34.811355,0.0 -80.562988,34.812174,0.0 -80.564055,34.814763,0.0 -80.5617093879227,34.8174816094994,0.0 -80.5905806456158,34.8178175077883,0.0 -80.621222,34.818174,0.0 -80.625993,34.818239,0.0 -80.626077,34.818217,0.0 -80.6262899995456,34.8182210240508,0.0 -80.6358427915201,34.8184014982412,0.0 -80.644656,34.818568,0.0 -80.646601,34.818592,0.0 -80.6645668589477,34.818743021951,0.0 -80.6710408026229,34.8187974422605,0.0 -80.684074,34.818907,0.0 -80.692654972263,34.8189792923288,0.0 -80.6937200483132,34.8189882653013,0.0 -80.7269464760764,34.8192681888075,0.0 -80.726949,34.8192682100709,0.0 -80.771792,34.819646,0.0 -80.777712,34.819697,0.0 -80.7974863682179,34.8197857458409,0.0 -80.797543,34.819786,0.0 -80.796997,34.823874,0.0 -80.7963317512036,34.8288510335009,0.0 -80.7955199506034,34.8349244887322,0.0 -80.7954464634869,34.8354742797921,0.0 -80.795109,34.837999,0.0 -80.7934189408561,34.8506460538966,0.0 -80.7932021244409,34.8522685349199,0.0 -80.7930291509637,34.853562930383,0.0 -80.7911488191335,34.8676338332186,0.0 -80.7908660269891,34.8697500239476,0.0 -80.7905975214363,34.8717593052265,0.0 -80.786517350476,34.9022920485499,0.0 -80.7840958040742,34.9204129693284,0.0 -80.7840631580172,34.9206572663662,0.0 -80.7836767031742,34.9235491860042,0.0 -80.7827583582466,34.9304213465654,0.0 -80.7822398196655,34.9343016754913,0.0 -80.782042,34.935782,0.0 -80.7882815157383,34.9427096281051,0.0 -80.7882846335211,34.9427130897262,0.0 -80.793911,34.940164,0.0 -80.805707,34.93795,0.0 -80.805777,34.93671,0.0 -80.807058,34.935602,0.0 -80.810385,34.935655,0.0 -80.816735,34.933951,0.0 -80.818529,34.931612,0.0 -80.822458,34.931203,0.0 -80.823033,34.929814,0.0 -80.825823,34.931269,0.0 -80.833643,34.929919,0.0 -80.834,34.930449,0.0 -80.835027,34.929827,0.0 -80.835536,34.92921,0.0 -80.837044,34.925269,0.0 -80.836984,34.92131,0.0 -80.838864,34.922887,0.0 -80.839239,34.922592,0.0 -80.838434,34.921253,0.0 -80.837194,34.920602,0.0 -80.840497,34.916305,0.0 -80.844779,34.913964,0.0 -80.846554,34.912206,0.0 -80.84692,34.910931,0.0 -80.850193,34.911172,0.0 -80.85466,34.920703,0.0 -80.859066,34.92168,0.0 -80.861081,34.921201,0.0 -80.862157,34.923262,0.0 -80.864725,34.920638,0.0 -80.865416,34.920821,0.0 -80.867302,34.913391,0.0 -80.868731,34.911007,0.0 -80.870933,34.908365,0.0 -80.876508,34.905026,0.0 -80.878262,34.902951,0.0 -80.878858,34.901044,0.0 -80.879041,34.897962,0.0 -80.878049,34.891766,0.0 -80.878247,34.885236,0.0 -80.878812,34.881207,0.0 -80.879788,34.877652,0.0 -80.880086,34.871524,0.0 -80.879625,34.869884,0.0 -80.879623,34.865326,0.0 -80.879225,34.863397,0.0 -80.876714,34.860199,0.0 -80.870444,34.856805,0.0 -80.868502,34.855338,0.0 -80.867558,34.853912,0.0 -80.866571,34.848766,0.0 -80.870139,34.844251,0.0 -80.870798,34.843155,0.0 -80.871922,34.840641,0.0 -80.873901,34.838467,0.0 -80.877702,34.836581,0.0 -80.882758,34.833382,0.0 -80.886096,34.831932,0.0 -80.888757,34.831191,0.0 -80.893917,34.830149,0.0 -80.897173,34.828095,0.0 -80.898596,34.826144,0.0</coordinates>
</LinearRing>
</outerBoundaryIs>
</Polygon>
</Placemark><Placemark><name>29730 — Rock Hill, SC</name><description>Service ZIP: 29730. Census 2020 ZCTA boundary; approximate ZIP area.</description><styleUrl>#service-area</styleUrl><ExtendedData><Data name="ZIP"><value>29730</value></Data><Data name="Town"><value>Rock Hill</value></Data><Data name="State"><value>SC</value></Data></ExtendedData><Polygon>
<extrude>0</extrude>
<tessellate>1</tessellate>
<altitudeMode>clampToGround</altitudeMode>
<outerBoundaryIs>
<LinearRing>
<coordinates>-81.175934,34.889765,0.0 -81.172326,34.886898,0.0 -81.169512,34.88106,0.0 -81.166431,34.87775,0.0 -81.165444,34.876244,0.0 -81.164545,34.872723,0.0 -81.164466,34.870496,0.0 -81.163773,34.867714,0.0 -81.162748,34.865603,0.0 -81.159648,34.858643,0.0 -81.161437,34.855724,0.0 -81.159417,34.851559,0.0 -81.159519,34.848616,0.0 -81.157853,34.846175,0.0 -81.158473,34.845405,0.0 -81.158088,34.840111,0.0 -81.157015,34.839067,0.0 -81.155604,34.834405,0.0 -81.152112,34.831886,0.0 -81.152779,34.830952,0.0 -81.149946,34.830297,0.0 -81.149513,34.829076,0.0 -81.145401,34.826661,0.0 -81.143896,34.824709,0.0 -81.143011,34.821108,0.0 -81.141099,34.820573,0.0 -81.132525,34.820497,0.0 -81.131821,34.818658,0.0 -81.132243,34.81559,0.0 -81.13028,34.815034,0.0 -81.128969,34.816435,0.0 -81.127571,34.814241,0.0 -81.125445,34.814449,0.0 -81.122445,34.813318,0.0 -81.121957,34.812262,0.0 -81.122869,34.810629,0.0 -81.122309,34.810195,0.0 -81.120742,34.810727,0.0 -81.11621,34.819413,0.0 -81.115969,34.820386,0.0 -81.105375,34.820505,0.0 -81.10627,34.819375,0.0 -81.11311,34.813414,0.0 -81.112486,34.812789,0.0 -81.110798,34.808337,0.0 -81.109002,34.807505,0.0 -81.109232,34.804182,0.0 -81.107794,34.80332,0.0 -81.106542,34.804521,0.0 -81.104189,34.805304,0.0 -81.103794,34.804572,0.0 -81.106277,34.800069,0.0 -81.10383,34.798874,0.0 -81.103362,34.797289,0.0 -81.101175,34.797033,0.0 -81.100053,34.795459,0.0 -81.098653,34.795079,0.0 -81.097274,34.797241,0.0 -81.095725,34.796552,0.0 -81.095793,34.794706,0.0 -81.096712,34.792811,0.0 -81.093383,34.793363,0.0 -81.093084,34.791361,0.0 -81.09209,34.790937,0.0 -81.091062,34.794259,0.0 -81.08981,34.796374,0.0 -81.081344,34.792966,0.0 -81.080615,34.793801,0.0 -81.07383,34.79382,0.0 -81.074129,34.797491,0.0 -81.06839,34.797867,0.0 -81.067813,34.799741,0.0 -81.057959,34.798191,0.0 -81.055522,34.797359,0.0 -81.053256,34.798096,0.0 -81.054034,34.803026,0.0 -81.053072,34.805247,0.0 -81.048885,34.809303,0.0 -81.050386,34.810074,0.0 -81.05285,34.809674,0.0 -81.057113,34.811768,0.0 -81.057569,34.814227,0.0 -81.055648,34.818087,0.0 -81.056563,34.81856,0.0 -81.056693,34.820891,0.0 -81.056555,34.820893,0.0 -81.057524,34.821745,0.0 -81.057117,34.822663,0.0 -81.054871,34.822668,0.0 -81.054904,34.823636,0.0 -81.056637,34.824147,0.0 -81.05783,34.825852,0.0 -81.058181,34.829584,0.0 -81.038003,34.834664,0.0 -81.03794,34.836027,0.0 -81.03608,34.835155,0.0 -81.034553,34.833682,0.0 -81.033135,34.833289,0.0 -81.029296,34.833433,0.0 -81.026755,34.837276,0.0 -81.024038,34.840372,0.0 -81.019731,34.83217,0.0 -81.021346,34.82933,0.0 -81.021032,34.828724,0.0 -81.017154,34.827398,0.0 -81.014982,34.823361,0.0 -81.012273,34.825403,0.0 -81.008645,34.827034,0.0 -81.007371,34.8281,0.0 -81.005754,34.832964,0.0 -81.004737,34.833742,0.0 -80.999713,34.833806,0.0 -80.996567,34.834238,0.0 -80.994179,34.833936,0.0 -80.991544,34.832122,0.0 -80.990395,34.834462,0.0 -80.986408,34.835477,0.0 -80.987323,34.836051,0.0 -80.985275,34.836857,0.0 -80.984074,34.8393,0.0 -80.980982,34.840545,0.0 -80.983017,34.843678,0.0 -80.981166,34.842036,0.0 -80.977404,34.838486,0.0 -80.975796,34.836161,0.0 -80.972727,34.833687,0.0 -80.965262,34.837073,0.0 -80.956014,34.841213,0.0 -80.955595,34.84456,0.0 -80.954565,34.844644,0.0 -80.955163,34.848321,0.0 -80.956022,34.850318,0.0 -80.956878,34.850185,0.0 -80.958269,34.853282,0.0 -80.958728,34.855914,0.0 -80.953509,34.857718,0.0 -80.952535,34.857581,0.0 -80.952167,34.859131,0.0 -80.953024,34.860675,0.0 -80.950102,34.862066,0.0 -80.951845,34.86289,0.0 -80.953332,34.865077,0.0 -80.953419,34.866897,0.0 -80.955501,34.870811,0.0 -80.955886,34.872588,0.0 -80.953847,34.873404,0.0 -80.951861,34.875249,0.0 -80.94694,34.876071,0.0 -80.946998,34.875823,0.0 -80.946847,34.875277,0.0 -80.946159,34.873845,0.0 -80.945587,34.87445,0.0 -80.944079,34.875587,0.0 -80.943753,34.875761,0.0 -80.943419,34.875934,0.0 -80.942884,34.875417,0.0 -80.941676,34.874528,0.0 -80.942016,34.876963,0.0 -80.939668,34.880676,0.0 -80.935212,34.878516,0.0 -80.936436,34.875166,0.0 -80.934661,34.87368,0.0 -80.934729,34.873655,0.0 -80.931941,34.872193,0.0 -80.931784,34.872106,0.0 -80.929505,34.870709,0.0 -80.930802,34.86929,0.0 -80.927941,34.866172,0.0 -80.924626,34.864188,0.0 -80.923046,34.862588,0.0 -80.917764,34.859113,0.0 -80.914988,34.858485,0.0 -80.911765,34.863625,0.0 -80.910894,34.863721,0.0 -80.908749,34.864113,0.0 -80.903858,34.869919,0.0 -80.900691,34.871215,0.0 -80.897948,34.873692,0.0 -80.897375,34.875039,0.0 -80.895528,34.874473,0.0 -80.891487,34.872366,0.0 -80.889235,34.86833,0.0 -80.887127,34.868335,0.0 -80.885334,34.866492,0.0 -80.883333,34.866761,0.0 -80.88214,34.865644,0.0 -80.882102,34.862566,0.0 -80.879416,34.859579,0.0 -80.877922,34.859683,0.0 -80.87749,34.858908,0.0 -80.876714,34.860199,0.0 -80.879225,34.863397,0.0 -80.879623,34.865326,0.0 -80.879625,34.869884,0.0 -80.880086,34.871524,0.0 -80.879788,34.877652,0.0 -80.878812,34.881207,0.0 -80.878247,34.885236,0.0 -80.878049,34.891766,0.0 -80.879041,34.897962,0.0 -80.878858,34.901044,0.0 -80.878262,34.902951,0.0 -80.876508,34.905026,0.0 -80.870933,34.908365,0.0 -80.868731,34.911007,0.0 -80.867302,34.913391,0.0 -80.865416,34.920821,0.0 -80.865039,34.924822,0.0 -80.865355,34.925707,0.0 -80.865545,34.926238,0.0 -80.867181,34.929104,0.0 -80.869141,34.931886,0.0 -80.870317,34.934499,0.0 -80.870109,34.935832,0.0 -80.867667,34.93967,0.0 -80.868214,34.941227,0.0 -80.871194,34.944569,0.0 -80.872407,34.945568,0.0 -80.876416,34.946684,0.0 -80.880907,34.94684,0.0 -80.887312,34.946447,0.0 -80.894191,34.944172,0.0 -80.898151,34.944328,0.0 -80.901289,34.945143,0.0 -80.906218,34.94718,0.0 -80.9187,34.950125,0.0 -80.924483,34.950665,0.0 -80.927672,34.951306,0.0 -80.932937,34.952962,0.0 -80.935883,34.953414,0.0 -80.940446,34.95283,0.0 -80.943756,34.953458,0.0 -80.94693,34.954976,0.0 -80.948772,34.956495,0.0 -80.951782,34.959448,0.0 -80.953691,34.960577,0.0 -80.957841,34.961135,0.0 -80.959782,34.962653,0.0 -80.960455,34.964886,0.0 -80.960361,34.966821,0.0 -80.957445,34.971393,0.0 -80.957391,34.974508,0.0 -80.962773,34.978356,0.0 -80.964653,34.980991,0.0 -80.966661,34.982763,0.0 -80.974169,34.985659,0.0 -80.983302,34.987421,0.0 -80.983549,34.987469,0.0 -80.983936,34.986941,0.0 -80.986464,34.983069,0.0 -80.986596,34.982874,0.0 -80.9882,34.979878,0.0 -80.988158,34.976802,0.0 -80.988342,34.976792,0.0 -80.990657,34.976753,0.0 -80.99108,34.974758,0.0 -80.988621,34.972323,0.0 -80.992736,34.969498,0.0 -80.999576,34.964563,0.0 -81.00147,34.963115,0.0 -81.000968,34.960972,0.0 -81.002036,34.960053,0.0 -81.004301,34.961157,0.0 -81.008482,34.95842,0.0 -81.012583,34.955369,0.0 -81.01568,34.953094,0.0 -81.01483,34.952317,0.0 -81.018588,34.94912,0.0 -81.019968,34.949811,0.0 -81.025626,34.945349,0.0 -81.029076,34.943966,0.0 -81.031104,34.943244,0.0 -81.030097,34.941314,0.0 -81.028583,34.938506,0.0 -81.027767,34.936983,0.0 -81.030469,34.936014,0.0 -81.031544,34.935569,0.0 -81.036101,34.941435,0.0 -81.037124,34.940951,0.0 -81.039733,34.939007,0.0 -81.041614,34.937628,0.0 -81.040999,34.937219,0.0 -81.043248,34.936411,0.0 -81.047605,34.933897,0.0 -81.054786,34.931947,0.0 -81.055351,34.932171,0.0 -81.058165,34.932238,0.0 -81.060077,34.932246,0.0 -81.061398,34.931465,0.0 -81.063703,34.930296,0.0 -81.063793,34.932094,0.0 -81.06211,34.932238,0.0 -81.064744,34.932233,0.0 -81.065405,34.932251,0.0 -81.075037,34.933001,0.0 -81.081436,34.931894,0.0 -81.081567,34.931866,0.0 -81.083752,34.931308,0.0 -81.085667,34.93045,0.0 -81.090174,34.928178,0.0 -81.092338,34.926631,0.0 -81.093932,34.925122,0.0 -81.095851,34.923361,0.0 -81.097105,34.922363,0.0 -81.102088,34.919432,0.0 -81.109148,34.915703,0.0 -81.10882,34.913125,0.0 -81.107623,34.909355,0.0 -81.10821,34.907227,0.0 -81.107055,34.90703,0.0 -81.106881,34.906727,0.0 -81.106921,34.906469,0.0 -81.107181,34.906172,0.0 -81.107248,34.905996,0.0 -81.107205,34.905632,0.0 -81.108644,34.907662,0.0 -81.111962,34.907711,0.0 -81.114932,34.906384,0.0 -81.116312,34.908333,0.0 -81.116668,34.910651,0.0 -81.118797,34.911689,0.0 -81.130815,34.906116,0.0 -81.133626,34.905072,0.0 -81.152373,34.902002,0.0 -81.15574,34.902187,0.0 -81.16023,34.903167,0.0 -81.160291,34.902546,0.0 -81.161155,34.900453,0.0 -81.163796,34.900023,0.0 -81.164497,34.897974,0.0 -81.167887,34.89665,0.0 -81.168306,34.8998,0.0 -81.1672,34.901607,0.0 -81.168841,34.902818,0.0 -81.175934,34.889765,0.0</coordinates>
</LinearRing>
</outerBoundaryIs>
</Polygon>
</Placemark><Placemark><name>29732 — Rock Hill, SC</name><description>Service ZIP: 29732. Census 2020 ZCTA boundary; approximate ZIP area.</description><styleUrl>#service-area</styleUrl><ExtendedData><Data name="ZIP"><value>29732</value></Data><Data name="Town"><value>Rock Hill</value></Data><Data name="State"><value>SC</value></Data></ExtendedData><Polygon>
<extrude>0</extrude>
<tessellate>1</tessellate>
<altitudeMode>clampToGround</altitudeMode>
<outerBoundaryIs>
<LinearRing>
<coordinates>-81.171721,34.958302,0.0 -81.170905,34.956617,0.0 -81.168366,34.957151,0.0 -81.167225,34.956312,0.0 -81.165076,34.956614,0.0 -81.164678,34.95602,0.0 -81.167216,34.952837,0.0 -81.165749,34.95269,0.0 -81.154914,34.949899,0.0 -81.158471,34.94535,0.0 -81.158851,34.94448,0.0 -81.161937,34.938212,0.0 -81.16618,34.930922,0.0 -81.167791,34.927434,0.0 -81.16813,34.921192,0.0 -81.16881,34.919543,0.0 -81.169668,34.917113,0.0 -81.169975,34.914931,0.0 -81.169283,34.91511,0.0 -81.165212,34.914961,0.0 -81.163001,34.913587,0.0 -81.16815,34.9041,0.0 -81.168841,34.902818,0.0 -81.1672,34.901607,0.0 -81.168306,34.8998,0.0 -81.167887,34.89665,0.0 -81.164497,34.897974,0.0 -81.163796,34.900023,0.0 -81.161155,34.900453,0.0 -81.160291,34.902546,0.0 -81.16023,34.903167,0.0 -81.15574,34.902187,0.0 -81.152373,34.902002,0.0 -81.133626,34.905072,0.0 -81.130815,34.906116,0.0 -81.118797,34.911689,0.0 -81.116668,34.910651,0.0 -81.116312,34.908333,0.0 -81.114932,34.906384,0.0 -81.111962,34.907711,0.0 -81.108644,34.907662,0.0 -81.107205,34.905632,0.0 -81.107248,34.905996,0.0 -81.107181,34.906172,0.0 -81.106921,34.906469,0.0 -81.106881,34.906727,0.0 -81.107055,34.90703,0.0 -81.10821,34.907227,0.0 -81.107623,34.909355,0.0 -81.10882,34.913125,0.0 -81.109148,34.915703,0.0 -81.102088,34.919432,0.0 -81.097105,34.922363,0.0 -81.095851,34.923361,0.0 -81.093932,34.925122,0.0 -81.092338,34.926631,0.0 -81.090174,34.928178,0.0 -81.085667,34.93045,0.0 -81.083752,34.931308,0.0 -81.081567,34.931866,0.0 -81.081436,34.931894,0.0 -81.075037,34.933001,0.0 -81.065405,34.932251,0.0 -81.064744,34.932233,0.0 -81.06211,34.932238,0.0 -81.063793,34.932094,0.0 -81.063703,34.930296,0.0 -81.061398,34.931465,0.0 -81.060077,34.932246,0.0 -81.058165,34.932238,0.0 -81.055351,34.932171,0.0 -81.054786,34.931947,0.0 -81.047605,34.933897,0.0 -81.043248,34.936411,0.0 -81.040999,34.937219,0.0 -81.041614,34.937628,0.0 -81.039733,34.939007,0.0 -81.037124,34.940951,0.0 -81.036101,34.941435,0.0 -81.031104,34.943244,0.0 -81.029076,34.943966,0.0 -81.025626,34.945349,0.0 -81.019968,34.949811,0.0 -81.018588,34.94912,0.0 -81.01483,34.952317,0.0 -81.01568,34.953094,0.0 -81.012583,34.955369,0.0 -81.008482,34.95842,0.0 -81.004301,34.961157,0.0 -81.002036,34.960053,0.0 -81.000968,34.960972,0.0 -81.00147,34.963115,0.0 -80.999576,34.964563,0.0 -80.992736,34.969498,0.0 -80.988621,34.972323,0.0 -80.99108,34.974758,0.0 -80.990657,34.976753,0.0 -80.988342,34.976792,0.0 -80.988158,34.976802,0.0 -80.9882,34.979878,0.0 -80.986596,34.982874,0.0 -80.986464,34.983069,0.0 -80.983936,34.986941,0.0 -80.983549,34.987469,0.0 -80.987666,34.988643,0.0 -80.99329,34.991175,0.0 -80.99463,34.992422,0.0 -80.997056,34.996725,0.0 -80.997926,35.000044,0.0 -80.997819,35.001173,0.0 -80.99875,35.007345,0.0 -80.998323,35.008825,0.0 -80.996232,35.010663,0.0 -80.99737,35.013114,0.0 -80.999238,35.015233,0.0 -81.002496,35.018106,0.0 -81.00377,35.019132,0.0 -81.005824,35.020031,0.0 -81.008032,35.020724,0.0 -81.011611,35.023118,0.0 -81.013414,35.023792,0.0 -81.014713,35.023884,0.0 -81.016862,35.02322,0.0 -81.01967,35.021732,0.0 -81.023164,35.018711,0.0 -81.024385,35.018482,0.0 -81.027299,35.018818,0.0 -81.034162,35.023452,0.0 -81.037476,35.026515,0.0 -81.038025,35.027514,0.0 -81.042114,35.029872,0.0 -81.045671,35.030147,0.0 -81.046402,35.030131,0.0 -81.04849,35.029382,0.0 -81.050218,35.025643,0.0 -81.052425,35.022879,0.0 -81.053851,35.022016,0.0 -81.055298,35.021894,0.0 -81.060629,35.019319,0.0 -81.062702,35.020886,0.0 -81.064801,35.020888,0.0 -81.067756,35.020956,0.0 -81.06919,35.021397,0.0 -81.070803,35.022091,0.0 -81.072287,35.0235,0.0 -81.076018,35.0246,0.0 -81.086271,35.028331,0.0 -81.089259,35.029534,0.0 -81.090939,35.032077,0.0 -81.092773,35.033173,0.0 -81.093719,35.033059,0.0 -81.096159,35.033822,0.0 -81.097624,35.032242,0.0 -81.102016,35.033424,0.0 -81.103361,35.030978,0.0 -81.109862,35.028159,0.0 -81.11087,35.026022,0.0 -81.114917,35.023572,0.0 -81.12522,35.020005,0.0 -81.123189,35.017686,0.0 -81.122371,35.015299,0.0 -81.121471,35.012728,0.0 -81.116998,35.017567,0.0 -81.113772,35.01176,0.0 -81.112744,35.009346,0.0 -81.112959,35.007936,0.0 -81.111645,35.004495,0.0 -81.115389,35.002072,0.0 -81.114136,34.999582,0.0 -81.113543,34.998179,0.0 -81.113463,34.997663,0.0 -81.113741,34.996013,0.0 -81.116442,34.995968,0.0 -81.116609,34.995718,0.0 -81.117441,34.994395,0.0 -81.11216,34.991535,0.0 -81.11218,34.990034,0.0 -81.117359,34.99217,0.0 -81.118609,34.992836,0.0 -81.119011,34.992321,0.0 -81.119528,34.991663,0.0 -81.118482,34.991081,0.0 -81.118875,34.990515,0.0 -81.116073,34.989184,0.0 -81.118349,34.986831,0.0 -81.121069,34.988482,0.0 -81.122108,34.988378,0.0 -81.122215,34.988254,0.0 -81.120284,34.983349,0.0 -81.123772,34.981886,0.0 -81.126831,34.979223,0.0 -81.126992,34.977602,0.0 -81.128817,34.975585,0.0 -81.131369,34.974179,0.0 -81.135704,34.971927,0.0 -81.134065,34.969644,0.0 -81.136141,34.966883,0.0 -81.13547,34.965894,0.0 -81.135156,34.964858,0.0 -81.136361,34.961252,0.0 -81.136768,34.960561,0.0 -81.136093,34.960162,0.0 -81.139467,34.958988,0.0 -81.14307,34.954908,0.0 -81.144313,34.954481,0.0 -81.149082,34.955962,0.0 -81.153571,34.956487,0.0 -81.153477,34.957304,0.0 -81.14968,34.958049,0.0 -81.149725,34.959483,0.0 -81.147661,34.959375,0.0 -81.146578,34.956137,0.0 -81.145076,34.954938,0.0 -81.144662,34.954943,0.0 -81.143479,34.957724,0.0 -81.141375,34.958774,0.0 -81.139032,34.961887,0.0 -81.139661,34.96216,0.0 -81.137471,34.965836,0.0 -81.139227,34.966392,0.0 -81.141503,34.96758,0.0 -81.143849,34.967709,0.0 -81.146699,34.965911,0.0 -81.148476,34.965444,0.0 -81.149057,34.964965,0.0 -81.149402,34.965246,0.0 -81.14948,34.965334,0.0 -81.15099,34.96529,0.0 -81.153015,34.962045,0.0 -81.155153,34.961909,0.0 -81.16294,34.962913,0.0 -81.167548,34.960726,0.0 -81.168596,34.959494,0.0 -81.171721,34.958302,0.0</coordinates>
</LinearRing>
</outerBoundaryIs>
</Polygon>
</Placemark><Placemark><name>29745 — York, SC (part 1)</name><description>Service ZIP: 29745. Census 2020 ZCTA boundary; approximate ZIP area.</description><styleUrl>#service-area</styleUrl><ExtendedData><Data name="ZIP"><value>29745</value></Data><Data name="Town"><value>York</value></Data><Data name="State"><value>SC</value></Data></ExtendedData><Polygon>
<extrude>0</extrude>
<tessellate>1</tessellate>
<altitudeMode>clampToGround</altitudeMode>
<outerBoundaryIs>
<LinearRing>
<coordinates>-81.289566,35.096146,0.0 -81.28767,35.094456,0.0 -81.288622,35.094113,0.0 -81.28549,35.089917,0.0 -81.289337,35.088682,0.0 -81.288503,35.080869,0.0 -81.286361,35.078613,0.0 -81.286428,35.076274,0.0 -81.285552,35.074638,0.0 -81.277763,35.07602,0.0 -81.277701,35.07779,0.0 -81.278106,35.079376,0.0 -81.277653,35.079436,0.0 -81.275992,35.084908,0.0 -81.27485,35.085962,0.0 -81.275546,35.087429,0.0 -81.272257,35.089855,0.0 -81.274179,35.089833,0.0 -81.275739,35.091826,0.0 -81.280086,35.09327,0.0 -81.281618,35.095264,0.0 -81.282691,35.099974,0.0 -81.284077,35.099606,0.0 -81.289566,35.096146,0.0</coordinates>
</LinearRing>
</outerBoundaryIs>
</Polygon>
</Placemark><Placemark><name>29745 — York, SC (part 2)</name><description>Service ZIP: 29745. Census 2020 ZCTA boundary; approximate ZIP area.</description><styleUrl>#service-area</styleUrl><ExtendedData><Data name="ZIP"><value>29745</value></Data><Data name="Town"><value>York</value></Data><Data name="State"><value>SC</value></Data></ExtendedData><Polygon>
<extrude>0</extrude>
<tessellate>1</tessellate>
<altitudeMode>clampToGround</altitudeMode>
<outerBoundaryIs>
<LinearRing>
<coordinates>-81.330483,35.098991,0.0 -81.333196,35.09798,0.0 -81.328916,35.09611,0.0 -81.330953,35.093094,0.0 -81.329758,35.094046,0.0 -81.32672,35.093161,0.0 -81.324659,35.091858,0.0 -81.322404,35.094861,0.0 -81.320842,35.094101,0.0 -81.321642,35.100076,0.0 -81.319764,35.102635,0.0 -81.318855,35.103812,0.0 -81.316743,35.103824,0.0 -81.315193,35.102359,0.0 -81.30713,35.101694,0.0 -81.303541,35.104573,0.0 -81.298629,35.100709,0.0 -81.300666,35.100138,0.0 -81.302532,35.096388,0.0 -81.301184,35.096146,0.0 -81.297321,35.101677,0.0 -81.296172,35.102839,0.0 -81.298208,35.105223,0.0 -81.297268,35.10626,0.0 -81.297406,35.110922,0.0 -81.294696,35.113542,0.0 -81.2986,35.116518,0.0 -81.300068,35.115217,0.0 -81.301304,35.116428,0.0 -81.302148,35.115488,0.0 -81.303889,35.117301,0.0 -81.305539,35.116243,0.0 -81.308005,35.115962,0.0 -81.308867,35.112854,0.0 -81.308415,35.108439,0.0 -81.311677,35.10841,0.0 -81.314807,35.11082,0.0 -81.315471,35.110194,0.0 -81.316246,35.110301,0.0 -81.324258,35.107856,0.0 -81.327209,35.103001,0.0 -81.329944,35.100368,0.0 -81.330483,35.098991,0.0</coordinates>
</LinearRing>
</outerBoundaryIs>
</Polygon>
</Placemark><Placemark><name>29745 — York, SC (part 3)</name><description>Service ZIP: 29745. Census 2020 ZCTA boundary; approximate ZIP area.</description><styleUrl>#service-area</styleUrl><ExtendedData><Data name="ZIP"><value>29745</value></Data><Data name="Town"><value>York</value></Data><Data name="State"><value>SC</value></Data></ExtendedData><Polygon>
<extrude>0</extrude>
<tessellate>1</tessellate>
<altitudeMode>clampToGround</altitudeMode>
<outerBoundaryIs>
<LinearRing>
<coordinates>-81.357298,35.070477,0.0 -81.362108,35.070795,0.0 -81.350428,35.066775,0.0 -81.352157,35.064595,0.0 -81.355051,35.062147,0.0 -81.357216,35.057973,0.0 -81.354308,35.056431,0.0 -81.355977,35.055888,0.0 -81.352124,35.047036,0.0 -81.35317,35.046159,0.0 -81.34794,35.040429,0.0 -81.345626,35.039253,0.0 -81.344513,35.035557,0.0 -81.343187,35.035624,0.0 -81.340814,35.036147,0.0 -81.338587,35.037269,0.0 -81.337558,35.039056,0.0 -81.335887,35.038597,0.0 -81.333827,35.039285,0.0 -81.330903,35.03949,0.0 -81.327284,35.0413,0.0 -81.327927,35.043485,0.0 -81.33695,35.047239,0.0 -81.334381,35.046238,0.0 -81.336046,35.048709,0.0 -81.33628,35.050172,0.0 -81.335586,35.052399,0.0 -81.33325,35.054998,0.0 -81.331758,35.055339,0.0 -81.331951,35.057374,0.0 -81.330697,35.057513,0.0 -81.33073,35.059104,0.0 -81.332485,35.060794,0.0 -81.332003,35.063216,0.0 -81.332797,35.064198,0.0 -81.33212,35.066267,0.0 -81.332341,35.067425,0.0 -81.332796,35.066721,0.0 -81.337852,35.068793,0.0 -81.338319,35.070063,0.0 -81.343393,35.072331,0.0 -81.345344,35.072631,0.0 -81.343205,35.075289,0.0 -81.341373,35.079415,0.0 -81.341946,35.079641,0.0 -81.344422,35.078091,0.0 -81.345859,35.076107,0.0 -81.346599,35.075916,0.0 -81.348058,35.079535,0.0 -81.349556,35.079315,0.0 -81.349382,35.078252,0.0 -81.357298,35.070477,0.0</coordinates>
</LinearRing>
</outerBoundaryIs>
</Polygon>
</Placemark><Placemark><name>29745 — York, SC (part 4)</name><description>Service ZIP: 29745. Census 2020 ZCTA boundary; approximate ZIP area.</description><styleUrl>#service-area</styleUrl><ExtendedData><Data name="ZIP"><value>29745</value></Data><Data name="Town"><value>York</value></Data><Data name="State"><value>SC</value></Data></ExtendedData><Polygon>
<extrude>0</extrude>
<tessellate>1</tessellate>
<altitudeMode>clampToGround</altitudeMode>
<outerBoundaryIs>
<LinearRing>
<coordinates>-81.37083,34.98271,0.0 -81.36841,34.977762,0.0 -81.365061,34.974557,0.0 -81.351952,34.978007,0.0 -81.334529,34.982802,0.0 -81.333384,34.980641,0.0 -81.33615,34.980629,0.0 -81.338395,34.978439,0.0 -81.337822,34.967634,0.0 -81.337292,34.965814,0.0 -81.332417,34.959978,0.0 -81.334164,34.959286,0.0 -81.335154,34.956993,0.0 -81.33022,34.956185,0.0 -81.331877,34.948864,0.0 -81.330722,34.947076,0.0 -81.326961,34.94472,0.0 -81.31998,34.94689,0.0 -81.316552,34.946377,0.0 -81.320554,34.941427,0.0 -81.321843,34.938118,0.0 -81.325507,34.934495,0.0 -81.32815,34.928805,0.0 -81.328984,34.924517,0.0 -81.32871,34.92206,0.0 -81.32638,34.921296,0.0 -81.328742,34.917838,0.0 -81.327881,34.915865,0.0 -81.326693,34.91587,0.0 -81.325365,34.911544,0.0 -81.325286,34.907508,0.0 -81.323181,34.908741,0.0 -81.320521,34.909566,0.0 -81.317206,34.910081,0.0 -81.312417,34.912041,0.0 -81.31307,34.908898,0.0 -81.314265,34.907386,0.0 -81.314828,34.904123,0.0 -81.313999,34.900985,0.0 -81.315974,34.899252,0.0 -81.317842,34.898586,0.0 -81.317301,34.896492,0.0 -81.317863,34.894536,0.0 -81.279763,34.915325,0.0 -81.27763,34.911304,0.0 -81.277711,34.909051,0.0 -81.279674,34.906462,0.0 -81.280796,34.904214,0.0 -81.281971,34.903428,0.0 -81.281078,34.899888,0.0 -81.282215,34.894754,0.0 -81.273986,34.898336,0.0 -81.271544,34.898252,0.0 -81.26983,34.897521,0.0 -81.270044,34.895817,0.0 -81.268817,34.895162,0.0 -81.267521,34.897174,0.0 -81.264352,34.896991,0.0 -81.263586,34.895715,0.0 -81.261784,34.895209,0.0 -81.254939,34.895459,0.0 -81.25484,34.894046,0.0 -81.253766,34.893765,0.0 -81.24859,34.896853,0.0 -81.245428,34.897278,0.0 -81.242819,34.896658,0.0 -81.242606,34.897637,0.0 -81.239431,34.899315,0.0 -81.235914,34.899063,0.0 -81.232065,34.899719,0.0 -81.228643,34.902079,0.0 -81.225562,34.904708,0.0 -81.222746,34.904863,0.0 -81.221445,34.904643,0.0 -81.219114,34.905942,0.0 -81.216554,34.905953,0.0 -81.2101,34.900114,0.0 -81.20802,34.899399,0.0 -81.206692,34.895828,0.0 -81.206615,34.894055,0.0 -81.19462,34.887725,0.0 -81.191921,34.885351,0.0 -81.190935,34.885962,0.0 -81.187972,34.885451,0.0 -81.176591,34.890294,0.0 -81.175934,34.889765,0.0 -81.168841,34.902818,0.0 -81.16815,34.9041,0.0 -81.163001,34.913587,0.0 -81.165212,34.914961,0.0 -81.169283,34.91511,0.0 -81.169975,34.914931,0.0 -81.169668,34.917113,0.0 -81.16881,34.919543,0.0 -81.16813,34.921192,0.0 -81.167791,34.927434,0.0 -81.16618,34.930922,0.0 -81.161937,34.938212,0.0 -81.158851,34.94448,0.0 -81.158471,34.94535,0.0 -81.154914,34.949899,0.0 -81.165749,34.95269,0.0 -81.167216,34.952837,0.0 -81.164678,34.95602,0.0 -81.165076,34.956614,0.0 -81.167225,34.956312,0.0 -81.168366,34.957151,0.0 -81.170905,34.956617,0.0 -81.171721,34.958302,0.0 -81.168596,34.959494,0.0 -81.167548,34.960726,0.0 -81.16294,34.962913,0.0 -81.155153,34.961909,0.0 -81.153015,34.962045,0.0 -81.15099,34.96529,0.0 -81.14948,34.965334,0.0 -81.149402,34.965246,0.0 -81.149057,34.964965,0.0 -81.148476,34.965444,0.0 -81.146699,34.965911,0.0 -81.143849,34.967709,0.0 -81.141503,34.96758,0.0 -81.139227,34.966392,0.0 -81.137471,34.965836,0.0 -81.139661,34.96216,0.0 -81.139032,34.961887,0.0 -81.141375,34.958774,0.0 -81.143479,34.957724,0.0 -81.144662,34.954943,0.0 -81.145076,34.954938,0.0 -81.146578,34.956137,0.0 -81.147661,34.959375,0.0 -81.149725,34.959483,0.0 -81.14968,34.958049,0.0 -81.153477,34.957304,0.0 -81.153571,34.956487,0.0 -81.149082,34.955962,0.0 -81.144313,34.954481,0.0 -81.14307,34.954908,0.0 -81.139467,34.958988,0.0 -81.136093,34.960162,0.0 -81.136768,34.960561,0.0 -81.136361,34.961252,0.0 -81.135156,34.964858,0.0 -81.13547,34.965894,0.0 -81.136141,34.966883,0.0 -81.134065,34.969644,0.0 -81.135704,34.971927,0.0 -81.131369,34.974179,0.0 -81.128817,34.975585,0.0 -81.126992,34.977602,0.0 -81.126831,34.979223,0.0 -81.123772,34.981886,0.0 -81.120284,34.983349,0.0 -81.122215,34.988254,0.0 -81.122108,34.988378,0.0 -81.121069,34.988482,0.0 -81.118349,34.986831,0.0 -81.116073,34.989184,0.0 -81.118875,34.990515,0.0 -81.118482,34.991081,0.0 -81.119528,34.991663,0.0 -81.119011,34.992321,0.0 -81.118609,34.992836,0.0 -81.117359,34.99217,0.0 -81.11218,34.990034,0.0 -81.11216,34.991535,0.0 -81.117441,34.994395,0.0 -81.116609,34.995718,0.0 -81.116442,34.995968,0.0 -81.113741,34.996013,0.0 -81.113463,34.997663,0.0 -81.113543,34.998179,0.0 -81.114136,34.999582,0.0 -81.115389,35.002072,0.0 -81.111645,35.004495,0.0 -81.112959,35.007936,0.0 -81.112744,35.009346,0.0 -81.113772,35.01176,0.0 -81.116998,35.017567,0.0 -81.121471,35.012728,0.0 -81.122371,35.015299,0.0 -81.123189,35.017686,0.0 -81.12522,35.020005,0.0 -81.114917,35.023572,0.0 -81.11087,35.026022,0.0 -81.109862,35.028159,0.0 -81.103361,35.030978,0.0 -81.102016,35.033424,0.0 -81.097624,35.032242,0.0 -81.096159,35.033822,0.0 -81.093719,35.033059,0.0 -81.092773,35.033173,0.0 -81.090939,35.032077,0.0 -81.089259,35.029534,0.0 -81.086271,35.028331,0.0 -81.076018,35.0246,0.0 -81.072287,35.0235,0.0 -81.070803,35.022091,0.0 -81.06919,35.021397,0.0 -81.067756,35.020956,0.0 -81.064801,35.020888,0.0 -81.062702,35.020886,0.0 -81.060629,35.019319,0.0 -81.055298,35.021894,0.0 -81.053851,35.022016,0.0 -81.052425,35.022879,0.0 -81.050218,35.025643,0.0 -81.04849,35.029382,0.0 -81.046402,35.030131,0.0 -81.045671,35.030147,0.0 -81.042114,35.029872,0.0 -81.038025,35.027514,0.0 -81.038727,35.031535,0.0 -81.037537,35.035769,0.0 -81.037766,35.037707,0.0 -81.038193,35.039027,0.0 -81.040565,35.043138,0.0 -81.041489,35.044703,0.0 -81.041496788973,35.0447126282263,0.0 -81.050018,35.055246,0.0 -81.055695,35.060121,0.0 -81.0574202228182,35.0621633528703,0.0 -81.057648,35.062433,0.0 -81.0577180304867,35.0644102124556,0.0 -81.066317,35.066588,0.0 -81.068992,35.066576,0.0 -81.071942,35.067887,0.0 -81.074105,35.067076,0.0 -81.073608,35.069329,0.0 -81.076889,35.070382,0.0 -81.078903,35.070412,0.0 -81.077087,35.071198,0.0 -81.075684,35.070817,0.0 -81.075089,35.072533,0.0 -81.075958,35.072808,0.0 -81.075463,35.075244,0.0 -81.076342,35.076748,0.0 -81.078008,35.077072,0.0 -81.077962,35.078691,0.0 -81.081278,35.079603,0.0 -81.082848,35.072283,0.0 -81.083255,35.072346,0.0 -81.08164,35.079785,0.0 -81.086636,35.08119,0.0 -81.085805,35.089055,0.0 -81.086619,35.090485,0.0 -81.096963,35.090483,0.0 -81.098149,35.089286,0.0 -81.098164,35.090648,0.0 -81.09797,35.091793,0.0 -81.099686,35.091612,0.0 -81.100225,35.091552,0.0 -81.100271,35.090447,0.0 -81.103444,35.08915,0.0 -81.103453,35.087657,0.0 -81.112465,35.086321,0.0 -81.112706,35.080635,0.0 -81.107597,35.080289,0.0 -81.111138,35.076736,0.0 -81.111004,35.075257,0.0 -81.11433,35.073135,0.0 -81.11834,35.074949,0.0 -81.121298,35.070554,0.0 -81.121191,35.065747,0.0 -81.11935,35.063228,0.0 -81.122928,35.060165,0.0 -81.124321,35.058706,0.0 -81.127119,35.05406,0.0 -81.138477,35.047866,0.0 -81.138878,35.053317,0.0 -81.137589,35.05723,0.0 -81.129103,35.058555,0.0 -81.130337,35.061536,0.0 -81.131529,35.06317,0.0 -81.135593,35.063034,0.0 -81.13809,35.065016,0.0 -81.140328,35.06544,0.0 -81.141146,35.064887,0.0 -81.142674,35.071015,0.0 -81.145112,35.070948,0.0 -81.14097,35.078128,0.0 -81.142036,35.079646,0.0 -81.139955,35.079806,0.0 -81.138913,35.081593,0.0 -81.142478,35.082394,0.0 -81.149926,35.085681,0.0 -81.149648,35.087352,0.0 -81.151196,35.087986,0.0 -81.150679,35.090008,0.0 -81.164037,35.091925,0.0 -81.168132,35.093189,0.0 -81.169129,35.093511,0.0 -81.170834,35.091707,0.0 -81.174562,35.091807,0.0 -81.176465,35.087533,0.0 -81.180662,35.089559,0.0 -81.18176,35.085835,0.0 -81.179447,35.082835,0.0 -81.186127,35.083417,0.0 -81.185451,35.08029,0.0 -81.184079,35.078833,0.0 -81.182786,35.074675,0.0 -81.1846,35.074384,0.0 -81.18432,35.070943,0.0 -81.189919,35.067744,0.0 -81.190452,35.067893,0.0 -81.195489,35.06929,0.0 -81.198615,35.069504,0.0 -81.200796,35.070131,0.0 -81.210112,35.070044,0.0 -81.207621,35.064921,0.0 -81.207481,35.062382,0.0 -81.208838,35.062774,0.0 -81.220001,35.047119,0.0 -81.222052,35.047164,0.0 -81.221436,35.043879,0.0 -81.219878,35.040724,0.0 -81.227571,35.042566,0.0 -81.232401,35.042963,0.0 -81.238179,35.045409,0.0 -81.242335,35.045817,0.0 -81.240891,35.039976,0.0 -81.241761,35.038021,0.0 -81.244215,35.036905,0.0 -81.252287,35.040141,0.0 -81.25419,35.040188,0.0 -81.256141,35.041547,0.0 -81.254514,35.048587,0.0 -81.250634,35.050283,0.0 -81.248416,35.055847,0.0 -81.251858,35.054349,0.0 -81.260519,35.057393,0.0 -81.261753,35.053982,0.0 -81.261434,35.048965,0.0 -81.265086,35.048497,0.0 -81.266068,35.052687,0.0 -81.268164,35.053239,0.0 -81.267443,35.055208,0.0 -81.262804,35.054101,0.0 -81.263556,35.055748,0.0 -81.262144,35.057239,0.0 -81.264753,35.057809,0.0 -81.268574,35.060485,0.0 -81.270645,35.061089,0.0 -81.270154,35.06195,0.0 -81.273265,35.063696,0.0 -81.270949,35.066019,0.0 -81.266726,35.065811,0.0 -81.26666,35.067227,0.0 -81.268009,35.067882,0.0 -81.272505,35.068135,0.0 -81.272304,35.071295,0.0 -81.274052,35.071582,0.0 -81.273963,35.072694,0.0 -81.276945,35.072999,0.0 -81.277902,35.073775,0.0 -81.278199,35.06912,0.0 -81.278535,35.063748,0.0 -81.280296,35.063495,0.0 -81.284521,35.060677,0.0 -81.289794,35.062074,0.0 -81.297173,35.058457,0.0 -81.297007,35.057107,0.0 -81.2984,35.055274,0.0 -81.297565,35.051312,0.0 -81.299962,35.044922,0.0 -81.306132,35.040379,0.0 -81.311776,35.035494,0.0 -81.312845,35.03497,0.0 -81.318672,35.038192,0.0 -81.318875,35.038373,0.0 -81.319084,35.03824,0.0 -81.313362,35.034577,0.0 -81.314032,35.033312,0.0 -81.31579,35.032388,0.0 -81.31769,35.028682,0.0 -81.3175,35.025416,0.0 -81.318728,35.023828,0.0 -81.319814,35.020366,0.0 -81.318637,35.02064,0.0 -81.311857,35.025773,0.0 -81.308686,35.026628,0.0 -81.303729,35.025439,0.0 -81.304686,35.024036,0.0 -81.305922,35.020044,0.0 -81.308704,35.016865,0.0 -81.309056,35.013765,0.0 -81.308046,35.012222,0.0 -81.310328,35.010379,0.0 -81.314366,35.008203,0.0 -81.316734,35.009143,0.0 -81.319625,35.008594,0.0 -81.321876,35.007334,0.0 -81.323824,35.006968,0.0 -81.326914,35.007723,0.0 -81.3285,35.00486,0.0 -81.331006,35.002707,0.0 -81.332231,35.002454,0.0 -81.335014,35.000133,0.0 -81.336906,34.997474,0.0 -81.33866,34.997451,0.0 -81.340635,34.996557,0.0 -81.343056,34.993006,0.0 -81.346422,34.99163,0.0 -81.348852,34.991714,0.0 -81.349072,34.987789,0.0 -81.34816,34.985806,0.0 -81.353177,34.982918,0.0 -81.356122,34.98294,0.0 -81.359812,34.980853,0.0 -81.365446,34.982834,0.0 -81.37083,34.98271,0.0</coordinates>
</LinearRing>
</outerBoundaryIs>
<innerBoundaryIs>
<LinearRing>
<coordinates>-81.283131,35.030144,0.0 -81.284268,35.031636,0.0 -81.28206,35.034559,0.0 -81.280319,35.034663,0.0 -81.280212,35.037454,0.0 -81.278296,35.040594,0.0 -81.274785,35.040659,0.0 -81.274273,35.039592,0.0 -81.275799,35.034163,0.0 -81.277574,35.033281,0.0 -81.279097,35.031008,0.0 -81.283131,35.030144,0.0</coordinates>
</LinearRing>
</innerBoundaryIs>
</Polygon>
</Placemark></Document></kml>