<?xml version='1.0' encoding='utf-8'?>
<kml xmlns="http://www.opengis.net/kml/2.2"><Document><name>Queen City Backsplash service area</name><description>Merged Census 2020 ZIP areas. Internal ZIP borders removed; original coverage and gaps preserved.</description><Style id="coverage"><LineStyle><color>ff715b00</color><width>3</width></LineStyle><PolyStyle><color>33715b00</color></PolyStyle></Style><Placemark><name>Queen City Backsplash service area — part 1</name><styleUrl>#coverage</styleUrl><Polygon><tessellate>1</tessellate><outerBoundaryIs><LinearRing><coordinates>-81.032145999999997,34.800705000000001,0 -81.030934000000002,34.801116999999998,0 -81.028745999999998,34.799936000000002,0 -81.030075999999994,34.797564999999999,0 -81.030251000000007,34.793762999999998,0 -81.032452000000006,34.793281,0 -81.037518000000006,34.79392,0 -81.038460999999998,34.787339000000003,0 -81.038428999999994,34.784112999999998,0 -81.037548999999999,34.773004,0 -81.037908999999999,34.772858999999997,0 -81.045676,34.769832999999998,0 -81.047906999999995,34.767516000000001,0 -81.049192000000005,34.764000000000003,0 -81.053601,34.760095,0 -81.05068,34.758800999999998,0 -81.048165999999995,34.755462999999999,0 -81.046505999999994,34.751800000000003,0 -81.047268000000003,34.749034000000002,0 -81.050048000000004,34.749870000000001,0 -81.051920999999993,34.748050999999997,0 -81.050228000000004,34.747368999999999,0 -81.052231000000006,34.744715999999997,0 -81.051428000000001,34.744764000000004,0 -81.048996000000002,34.742615000000001,0 -81.048952999999997,34.739825000000003,0 -81.050748999999996,34.739196,0 -81.049857000000003,34.733029000000002,0 -81.046623999999994,34.731900000000003,0 -81.045972000000006,34.729216999999998,0 -81.044753999999998,34.727842000000003,0 -81.045167000000006,34.726253999999997,0 -81.044195999999999,34.719343000000002,0 -81.045930999999996,34.719503000000003,0 -81.047247999999996,34.720509,0 -81.047905999999998,34.723067,0 -81.049530000000004,34.724598999999998,0 -81.054312999999993,34.726815000000002,0 -81.055819999999997,34.727173000000001,0 -81.054951000000003,34.724939999999997,0 -81.052843999999993,34.722141999999998,0 -81.053303,34.720157999999998,0 -81.054466000000005,34.719264000000003,0 -81.061473000000007,34.719366999999998,0 -81.059150000000002,34.714666000000001,0 -81.058558000000005,34.711675,0 -81.056920000000005,34.709690999999999,0 -81.057272999999995,34.708613,0 -81.055009999999996,34.705936000000001,0 -81.053819000000004,34.703671,0 -81.054052999999996,34.696078999999997,0 -81.053586999999993,34.692813999999998,0 -81.054698999999999,34.689807000000002,0 -81.053693999999993,34.686743999999997,0 -81.056989000000002,34.684649999999998,0 -81.057886999999994,34.680515999999997,0 -81.056524999999993,34.677556000000003,0 -81.058890000000005,34.676744999999997,0 -81.060450000000003,34.677737999999998,0 -81.062213999999997,34.675854999999999,0 -81.063479999999998,34.680269000000003,0 -81.066393000000005,34.680208,0 -81.068623000000002,34.684125999999999,0 -81.070730999999995,34.685670999999999,0 -81.070201999999995,34.683441000000002,0 -81.070876999999996,34.680073,0 -81.073587000000003,34.678870000000003,0 -81.074881000000005,34.676366999999999,0 -81.077488000000002,34.669589999999999,0 -81.079310000000007,34.666618,0 -81.081162000000006,34.665683000000001,0 -81.078790999999995,34.664240999999997,0 -81.069305,34.661786999999997,0 -81.067221000000004,34.661400999999998,0 -81.063416000000004,34.661997999999997,0 -81.061325999999994,34.661560999999999,0 -81.054698999999999,34.657955000000001,0 -81.050854999999999,34.654995999999997,0 -81.047021000000001,34.653288000000003,0 -81.048445999999998,34.651505999999998,0 -81.049768999999998,34.648367,0 -81.051008999999993,34.647092999999998,0 -81.051956000000004,34.650010000000002,0 -81.051356999999996,34.651181000000001,0 -81.054038000000006,34.651147999999999,0 -81.057429999999997,34.650472000000001,0 -81.059246000000002,34.651665000000001,0 -81.062738999999993,34.649312999999999,0 -81.065859000000003,34.649818000000003,0 -81.067209000000005,34.649515999999998,0 -81.068552999999994,34.650317999999999,0 -81.071293999999995,34.650691999999999,0 -81.071267000000006,34.649146999999999,0 -81.072821000000005,34.649030000000003,0 -81.071068999999994,34.646841000000002,0 -81.068984,34.640805999999998,0 -81.068997999999993,34.639113999999999,0 -81.070757999999998,34.635418000000001,0 -81.072383000000002,34.629015000000003,0 -81.070615000000004,34.628407000000003,0 -81.068550000000002,34.628681999999998,0 -81.070121,34.626396999999997,0 -81.071466000000001,34.626550999999999,0 -81.073159000000004,34.625276999999997,0 -81.073645999999997,34.623148999999998,0 -81.074421000000001,34.622421000000003,0 -81.075905000000006,34.623786000000003,0 -81.077679000000003,34.624457999999997,0 -81.079263999999995,34.624526000000003,0 -81.087123000000005,34.623038000000001,0 -81.082373000000004,34.625396000000002,0 -81.084416000000004,34.626046000000002,0 -81.087704000000002,34.628999999999998,0 -81.090024,34.630111999999997,0 -81.092174999999997,34.630177000000003,0 -81.095972000000003,34.628599000000001,0 -81.099197000000004,34.626750999999999,0 -81.101910000000004,34.625683000000002,0 -81.103199000000004,34.623953999999998,0 -81.104389999999995,34.623381999999999,0 -81.108226999999999,34.623787,0 -81.108977999999993,34.623489999999997,0 -81.111086999999998,34.624670999999999,0 -81.114705000000001,34.625843000000003,0 -81.116568999999998,34.627777000000002,0 -81.124807000000004,34.631044000000003,0 -81.126048999999995,34.634205999999999,0 -81.127976000000004,34.636235999999997,0 -81.128341000000006,34.637599000000002,0 -81.131225000000001,34.641015000000003,0 -81.131482000000005,34.642619000000003,0 -81.136757000000003,34.642884000000002,0 -81.141631000000004,34.640309000000002,0 -81.143732999999997,34.641452000000001,0 -81.147816000000006,34.639198999999998,0 -81.150734999999997,34.640237999999997,0 -81.149784999999994,34.641452999999998,0 -81.151319999999998,34.642327999999999,0 -81.150227000000001,34.643948999999999,0 -81.153587000000002,34.645339999999997,0 -81.153093999999996,34.644525999999999,0 -81.154456999999994,34.641644999999997,0 -81.156960999999995,34.641950999999999,0 -81.157272000000006,34.640563,0 -81.165576000000001,34.639367,0 -81.168307999999996,34.637619999999998,0 -81.173439000000002,34.637957999999998,0 -81.177390000000003,34.637101000000001,0 -81.177539999999993,34.633307000000002,0 -81.181552999999994,34.625176000000003,0 -81.182292000000004,34.621524000000001,0 -81.183057000000005,34.621839000000001,0 -81.181353999999999,34.611187000000001,0 -81.180845000000005,34.609558,0 -81.180260000000004,34.608556999999998,0 -81.179306999999994,34.607402,0 -81.183707999999996,34.607052000000003,0 -81.188748000000004,34.607028,0 -81.191139000000007,34.603937999999999,0 -81.192687000000006,34.599103999999997,0 -81.194406000000001,34.595809000000003,0 -81.195804999999993,34.592154000000001,0 -81.193954000000005,34.587755999999999,0 -81.194875999999994,34.587221,0 -81.194914999999995,34.588321999999998,0 -81.196337,34.588379000000003,0 -81.198528999999994,34.591991999999998,0 -81.202279000000004,34.591321999999998,0 -81.203704999999999,34.591743999999998,0 -81.204303999999993,34.595016000000001,0 -81.208518999999995,34.595277000000003,0 -81.207781999999995,34.599618999999997,0 -81.209118000000004,34.600309000000003,0 -81.210712999999998,34.602882999999999,0 -81.213802999999999,34.603765000000003,0 -81.214352000000005,34.603164999999997,0 -81.217797000000004,34.603811999999998,0 -81.222924000000006,34.602697999999997,0 -81.224526999999995,34.602998999999997,0 -81.226813000000007,34.604534999999998,0 -81.228944999999996,34.604452000000002,0 -81.233520999999996,34.605837999999999,0 -81.232665999999995,34.608808000000003,0 -81.235971000000006,34.611531999999997,0 -81.235750999999993,34.612395999999997,0 -81.238131999999993,34.614019999999996,0 -81.233206999999993,34.575817999999998,0 -81.236526999999995,34.572814000000001,0 -81.240082999999998,34.571595000000002,0 -81.240217000000001,34.569108,0 -81.242625000000004,34.565832,0 -81.245053999999996,34.563822000000002,0 -81.276048000000003,34.565187999999999,0 -81.300713999999999,34.566181,0 -81.311554999999998,34.566775,0 -81.326198000000005,34.567431999999997,0 -81.322228999999993,34.588908000000004,0 -81.323318999999998,34.589911999999998,0 -81.323695000000001,34.591681000000001,0 -81.326599000000002,34.594369,0 -81.326549,34.595846999999999,0 -81.324852000000007,34.596936999999997,0 -81.324971000000005,34.598576999999999,0 -81.323856000000006,34.600648999999997,0 -81.322215999999997,34.601903999999998,0 -81.323695999999998,34.603054,0 -81.324121000000005,34.607399999999998,0 -81.326499999999996,34.608063999999999,0 -81.327380000000005,34.609605999999999,0 -81.328883000000005,34.609037999999998,0 -81.332741999999996,34.610830999999997,0 -81.333455000000001,34.612974999999999,0 -81.334710000000001,34.614331,0 -81.335794000000007,34.617010000000001,0 -81.336524999999995,34.617665000000002,0 -81.339185000000001,34.617868999999999,0 -81.340350999999998,34.616911999999999,0 -81.342336000000003,34.616311000000003,0 -81.342631999999995,34.614896999999999,0 -81.343922000000006,34.615017000000002,0 -81.347140999999993,34.613692,0 -81.346977999999993,34.614468000000002,0 -81.343742000000006,34.616487999999997,0 -81.342555000000004,34.617809999999999,0 -81.340438000000006,34.618690000000001,0 -81.337108000000001,34.618789999999997,0 -81.336023999999995,34.619506999999999,0 -81.334981999999997,34.622504999999997,0 -81.331862999999998,34.622985999999997,0 -81.328619000000003,34.622244999999999,0 -81.325761,34.624093999999999,0 -81.324168,34.624701999999999,0 -81.324858000000006,34.628608999999997,0 -81.327613999999997,34.631234999999997,0 -81.327803000000003,34.632401999999999,0 -81.326089999999994,34.637034999999997,0 -81.322149999999993,34.641772000000003,0 -81.321580999999995,34.643751000000002,0 -81.322006000000002,34.646225000000001,0 -81.322046,34.650103999999999,0 -81.322550000000007,34.651412000000001,0 -81.326162999999994,34.65692,0 -81.327340000000007,34.659644999999998,0 -81.326505999999995,34.662964000000002,0 -81.326885000000004,34.664613000000003,0 -81.333419000000006,34.671559000000002,0 -81.334586000000002,34.673754000000002,0 -81.335226000000006,34.676991999999998,0 -81.338480000000004,34.679760999999999,0 -81.338864999999998,34.681297000000001,0 -81.338629999999995,34.686179000000003,0 -81.336995999999999,34.689582999999999,0 -81.336775000000003,34.690942999999997,0 -81.337603000000001,34.692393000000003,0 -81.343804000000006,34.697173999999997,0 -81.346166999999994,34.696868000000002,0 -81.350808999999998,34.694823999999997,0 -81.356379000000004,34.697361999999998,0 -81.360428999999996,34.700915000000002,0 -81.362399999999994,34.702300000000001,0 -81.367743000000004,34.706271000000001,0 -81.373954999999995,34.709040999999999,0 -81.375418999999994,34.709245000000003,0 -81.379123000000007,34.708984000000001,0 -81.380753999999996,34.709321000000003,0 -81.385243000000003,34.711588999999996,0 -81.386819000000003,34.712972000000001,0 -81.384265999999997,34.718060999999999,0 -81.382146000000006,34.721660999999997,0 -81.380703999999994,34.726438000000002,0 -81.379721000000004,34.727654000000001,0 -81.374761000000007,34.730867000000003,0 -81.373853999999994,34.731983999999997,0 -81.373493999999994,34.735793000000001,0 -81.374899999999997,34.737245000000001,0 -81.374065000000002,34.738810999999998,0 -81.374742999999995,34.742125000000001,0 -81.374426,34.744284999999998,0 -81.384794999999997,34.745144000000003,0 -81.387962999999999,34.746054999999998,0 -81.390664000000001,34.745781999999998,0 -81.393305999999995,34.744785,0 -81.396240000000006,34.744880999999999,0 -81.398767000000007,34.744489000000002,0 -81.404240000000001,34.745448000000003,0 -81.409471999999994,34.744261000000002,0 -81.411372,34.744190000000003,0 -81.419445999999994,34.745037000000004,0 -81.422775999999999,34.746029,0 -81.424474000000004,34.745887000000003,0 -81.426963999999998,34.743988000000002,0 -81.430293000000006,34.743971999999999,0 -81.432400000000001,34.745206000000003,0 -81.433509999999998,34.745244,0 -81.436513000000005,34.744283000000003,0 -81.437871999999999,34.741149999999998,0 -81.435955000000007,34.736474000000001,0 -81.438737000000003,34.735590999999999,0 -81.441084000000004,34.735855999999998,0 -81.443282999999994,34.735084000000001,0 -81.445510999999996,34.733522999999998,0 -81.446933000000001,34.730511999999997,0 -81.447844000000003,34.730401999999998,0 -81.450564,34.727316999999999,0 -81.453627999999995,34.721916,0 -81.453345999999996,34.718971000000003,0 -81.454278000000002,34.713568000000002,0 -81.454133999999996,34.704424000000003,0 -81.452046999999993,34.699272999999998,0 -81.451487,34.697062000000003,0 -81.448936000000003,34.694823,0 -81.454128999999995,34.693680999999998,0 -81.455366999999995,34.696682000000003,0 -81.454762000000002,34.699289,0 -81.455450999999996,34.711286000000001,0 -81.454139999999995,34.720917999999998,0 -81.456418999999997,34.723816999999997,0 -81.459630000000004,34.726036000000001,0 -81.461926000000005,34.726531999999999,0 -81.464635999999999,34.725442999999999,0 -81.476050000000001,34.723239,0 -81.478363999999999,34.723688000000003,0 -81.479292999999998,34.723866999999998,0 -81.486419999999995,34.730643000000001,0 -81.488275000000002,34.733038000000001,0 -81.488219000000001,34.735472000000001,0 -81.487234000000001,34.738174999999998,0 -81.484916999999996,34.741494000000003,0 -81.482350999999994,34.744397999999997,0 -81.474964999999997,34.748863999999998,0 -81.469046000000006,34.753449000000003,0 -81.464988000000005,34.755341999999999,0 -81.461590999999999,34.757576,0 -81.458910000000003,34.758375999999998,0 -81.456309000000005,34.758643999999997,0 -81.454533999999995,34.759422000000001,0 -81.453097,34.760902999999999,0 -81.452797000000004,34.762813000000001,0 -81.453355999999999,34.764395,0 -81.453519999999997,34.767218,0 -81.454813999999999,34.770277999999998,0 -81.455208999999996,34.773713999999998,0 -81.454669999999993,34.777318000000001,0 -81.454458000000002,34.779916,0 -81.453462999999999,34.781782,0 -81.456025999999994,34.787489000000001,0 -81.449490999999995,34.787452000000002,0 -81.446635999999998,34.785646,0 -81.444475999999995,34.782159,0 -81.442145999999994,34.780786999999997,0 -81.437306000000007,34.779141000000003,0 -81.432304000000002,34.776606999999998,0 -81.424723999999998,34.780202000000003,0 -81.422111000000001,34.781605999999996,0 -81.417514999999995,34.781385,0 -81.415233000000001,34.782013999999997,0 -81.409672,34.778990999999998,0 -81.407426000000001,34.781315999999997,0 -81.404347000000001,34.785094000000001,0 -81.404777999999993,34.787908000000002,0 -81.403948999999997,34.788834000000001,0 -81.397504999999995,34.789141000000001,0 -81.395741000000001,34.790419999999997,0 -81.390923000000001,34.796832000000002,0 -81.382412000000002,34.802472999999999,0 -81.380320999999995,34.804684999999999,0 -81.377369999999999,34.809043000000003,0 -81.375556000000003,34.809930000000001,0 -81.371002000000004,34.810586999999998,0 -81.369117000000003,34.813113999999999,0 -81.371678000000003,34.815959999999997,0 -81.373452,34.819966000000001,0 -81.372888000000003,34.822203000000002,0 -81.359701000000001,34.822184999999998,0 -81.334125,34.822153999999998,0 -81.331449000000006,34.822268999999999,0 -81.324517,34.822293000000002,0 -81.324489,34.822293000000002,0 -81.321803000000003,34.823647000000001,0 -81.315822999999995,34.824784999999999,0 -81.315517,34.826048999999998,0 -81.309742999999997,34.826011000000001,0 -81.308909999999997,34.825291,0 -81.305916999999994,34.826258000000003,0 -81.301450000000003,34.825944999999997,0 -81.299378000000004,34.823602999999999,0 -81.297498000000004,34.823183,0 -81.297899999999998,34.822018,0 -81.234663999999995,34.821452999999998,0 -81.232794999999996,34.822524000000001,0 -81.231695999999999,34.824128999999999,0 -81.229416999999998,34.825553999999997,0 -81.225409999999997,34.825913,0 -81.222730999999996,34.826518,0 -81.217997999999994,34.828581,0 -81.213374000000002,34.829414,0 -81.213200000000001,34.825111,0 -81.209562000000005,34.826844000000001,0 -81.212540000000004,34.821235999999999,0 -81.178325999999998,34.820906000000001,0 -81.141098999999997,34.820573000000003,0 -81.143011000000001,34.821108000000002,0 -81.143895999999998,34.824708999999999,0 -81.145401000000007,34.826661000000001,0 -81.149512999999999,34.829076000000001,0 -81.149946,34.830297000000002,0 -81.152778999999995,34.830952000000003,0 -81.152112000000002,34.831885999999997,0 -81.155603999999997,34.834404999999997,0 -81.157015000000001,34.839067,0 -81.158088000000006,34.840111,0 -81.158473000000001,34.845405,0 -81.157853000000003,34.846175000000002,0 -81.159519000000003,34.848616,0 -81.159417000000005,34.851559000000002,0 -81.161437000000006,34.855724000000002,0 -81.159648000000004,34.858643000000001,0 -81.162747999999993,34.865603,0 -81.163773000000006,34.867713999999999,0 -81.164466000000004,34.870496000000003,0 -81.164545000000004,34.872723000000001,0 -81.165443999999994,34.876244,0 -81.166431000000003,34.877749999999999,0 -81.169511999999997,34.881059999999998,0 -81.172325999999998,34.886898000000002,0 -81.175933999999998,34.889764999999997,0 -81.176591000000002,34.890293999999997,0 -81.187972000000002,34.885451000000003,0 -81.190934999999996,34.885961999999999,0 -81.191920999999994,34.885351,0 -81.19462,34.887725000000003,0 -81.206614999999999,34.894055000000002,0 -81.206692000000004,34.895828000000002,0 -81.208020000000005,34.899399000000003,0 -81.210099999999997,34.900114000000002,0 -81.216554000000002,34.905952999999997,0 -81.219114000000005,34.905942000000003,0 -81.221445000000003,34.904643,0 -81.222746000000001,34.904862999999999,0 -81.225561999999996,34.904707999999999,0 -81.228643000000005,34.902079000000001,0 -81.232065000000006,34.899718999999997,0 -81.235913999999994,34.899062999999998,0 -81.239430999999996,34.899315000000001,0 -81.242605999999995,34.897637000000003,0 -81.242818999999997,34.896658000000002,0 -81.245428000000004,34.897278,0 -81.248589999999993,34.896853,0 -81.253765999999999,34.893765000000002,0 -81.254840000000002,34.894046000000003,0 -81.254938999999993,34.895459000000002,0 -81.261784000000006,34.895209000000001,0 -81.263586000000004,34.895715000000003,0 -81.264352000000002,34.896991,0 -81.267521000000002,34.897174,0 -81.268816999999999,34.895161999999999,0 -81.270043999999999,34.895817000000001,0 -81.269829999999999,34.897520999999998,0 -81.271544000000006,34.898251999999999,0 -81.273985999999994,34.898336,0 -81.282214999999994,34.894753999999999,0 -81.281077999999994,34.899887999999997,0 -81.281970999999999,34.903427999999998,0 -81.280795999999995,34.904214000000003,0 -81.279674,34.906461999999998,0 -81.277710999999996,34.909050999999998,0 -81.277630000000002,34.911304000000001,0 -81.279763000000003,34.915325000000003,0 -81.317863000000003,34.894536000000002,0 -81.317301,34.896492000000002,0 -81.317841999999999,34.898586000000002,0 -81.315973999999997,34.899251999999997,0 -81.313998999999995,34.900984999999999,0 -81.314828000000006,34.904122999999998,0 -81.314265000000006,34.907386000000002,0 -81.313069999999996,34.908898000000001,0 -81.312416999999996,34.912041000000002,0 -81.317205999999999,34.910080999999998,0 -81.320520999999999,34.909565999999998,0 -81.323181000000005,34.908740999999999,0 -81.325286000000006,34.907508,0 -81.325365000000005,34.911543999999999,0 -81.326693000000006,34.915869999999998,0 -81.327881000000005,34.915864999999997,0 -81.328742000000005,34.917838000000003,0 -81.32638,34.921295999999998,0 -81.328710000000001,34.922060000000002,0 -81.328984000000005,34.924517000000002,0 -81.328149999999994,34.928804999999997,0 -81.325507000000002,34.934494999999998,0 -81.321843000000001,34.938118000000003,0 -81.320554000000001,34.941426999999997,0 -81.316552000000001,34.946376999999998,0 -81.319980000000001,34.946890000000003,0 -81.326960999999997,34.944719999999997,0 -81.330721999999994,34.947076000000003,0 -81.331877000000006,34.948864,0 -81.330219999999997,34.956184999999998,0 -81.335154000000003,34.956992999999997,0 -81.334164000000001,34.959285999999999,0 -81.332417000000007,34.959978,0 -81.337292000000005,34.965814000000002,0 -81.337822000000003,34.967633999999997,0 -81.338395000000006,34.978439000000002,0 -81.336150000000004,34.980629,0 -81.333383999999995,34.980640999999999,0 -81.334529000000003,34.982802,0 -81.351951999999997,34.978006999999998,0 -81.365060999999997,34.974556999999997,0 -81.368409999999997,34.977761999999998,0 -81.370829999999998,34.982709999999997,0 -81.365446000000006,34.982833999999997,0 -81.359812000000005,34.980853000000003,0 -81.356121999999999,34.982939999999999,0 -81.357135,34.984138000000002,0 -81.356441000000004,34.986427999999997,0 -81.356665000000007,34.989199999999997,0 -81.359784000000005,34.992336999999999,0 -81.359617999999998,34.993893999999997,0 -81.357477000000003,34.998384000000001,0 -81.357256000000007,35.001325000000001,0 -81.356171000000003,35.003433000000001,0 -81.357118,35.005516999999998,0 -81.357202999999998,35.007945999999997,0 -81.355534000000006,35.010373999999999,0 -81.355672999999996,35.011862999999998,0 -81.353362000000004,35.014246,0 -81.353083999999996,35.015208000000001,0 -81.353921999999997,35.017749999999999,0 -81.354258000000002,35.023041999999997,0 -81.353701999999998,35.0246,0 -81.353172999999998,35.025562000000001,0 -81.350610000000003,35.026364000000001,0 -81.350165000000004,35.028677999999999,0 -81.347937999999999,35.028244000000001,0 -81.346656999999993,35.029023000000002,0 -81.347297999999995,35.030993000000002,0 -81.345128000000003,35.033994,0 -81.343187,35.035623999999999,0 -81.344513000000006,35.035556999999997,0 -81.345625999999996,35.039253000000002,0 -81.347939999999994,35.040429000000003,0 -81.353170000000006,35.046159000000003,0 -81.352124000000003,35.047035999999999,0 -81.355976999999996,35.055888000000003,0 -81.354308000000003,35.056431000000003,0 -81.357215999999994,35.057972999999997,0 -81.355051000000003,35.062147000000003,0 -81.352157000000005,35.064594999999997,0 -81.350427999999994,35.066775,0 -81.362108000000006,35.070794999999997,0 -81.365139999999997,35.071762999999997,0 -81.372411,35.078023000000002,0 -81.377009000000001,35.075550999999997,0 -81.377529999999993,35.074739000000001,0 -81.375607000000002,35.071263000000002,0 -81.375381000000004,35.069972999999997,0 -81.371488999999997,35.068136000000003,0 -81.373616999999996,35.067970000000003,0 -81.374803999999997,35.068840999999999,0 -81.376435999999998,35.068359000000001,0 -81.378220999999996,35.065291000000002,0 -81.381118999999998,35.065063000000002,0 -81.382123000000007,35.064307999999997,0 -81.381844999999998,35.062773,0 -81.385272000000001,35.061492000000001,0 -81.386748999999995,35.060347999999998,0 -81.386943000000002,35.061836999999997,0 -81.388503,35.064199000000002,0 -81.388056000000006,35.065185,0 -81.390006999999997,35.067777,0 -81.389561,35.070343999999999,0 -81.386913000000007,35.071857000000001,0 -81.386984999999996,35.077061999999998,0 -81.388045000000005,35.079234,0 -81.376435999999998,35.082917999999999,0 -81.375783999999996,35.082974,0 -81.366996999999998,35.082335999999998,0 -81.366707000000005,35.082417999999997,0 -81.364943999999994,35.080316000000003,0 -81.362724,35.079186999999997,0 -81.358090000000004,35.078510000000001,0 -81.357529,35.080063000000003,0 -81.352028000000004,35.080672999999997,0 -81.348622000000006,35.080666999999998,0 -81.347138000000001,35.084314999999997,0 -81.347219999999993,35.087333000000001,0 -81.346485000000001,35.089896000000003,0 -81.347468000000006,35.090082000000002,0 -81.347421999999995,35.092965,0 -81.345978000000002,35.096625000000003,0 -81.348716999999994,35.099409999999999,0 -81.348860999999999,35.100484000000002,0 -81.347764999999995,35.103461000000003,0 -81.350235999999995,35.103346000000002,0 -81.351292999999998,35.104604000000002,0 -81.350116999999997,35.107325000000003,0 -81.350348999999994,35.111055,0 -81.351388,35.112915999999998,0 -81.350828000000007,35.121633000000003,0 -81.348427999999998,35.123717999999997,0 -81.349001999999999,35.126714999999997,0 -81.348847000000006,35.128379000000002,0 -81.350200999999998,35.131790000000002,0 -81.350150999999997,35.133727999999998,0 -81.351232999999993,35.139130999999999,0 -81.353758999999997,35.136073000000003,0 -81.356368000000003,35.135013000000001,0 -81.360343999999998,35.135145000000001,0 -81.362503000000004,35.135872999999997,0 -81.366594000000006,35.138418999999999,0 -81.369339999999994,35.139726000000003,0 -81.373418000000001,35.140923999999998,0 -81.375844000000001,35.140943,0 -81.377043,35.140422000000001,0 -81.379343000000006,35.137867999999997,0 -81.381046999999995,35.136851,0 -81.382902000000001,35.137327999999997,0 -81.386082999999999,35.139279000000002,0 -81.386841000000004,35.140416999999999,0 -81.387529000000001,35.145473000000003,0 -81.387415000000004,35.147126999999998,0 -81.388171999999997,35.148074999999999,0 -81.366599750283498,35.164889487764,0 -81.366597255315199,35.164889391731698,0 -81.328039375457294,35.163405284383998,0 -81.290672000000001,35.161966999999997,0 -81.286588859980597,35.161809795858503,0 -81.284729999999996,35.164847000000002,0 -81.286985999999999,35.165286999999999,0 -81.290060999999994,35.164985000000001,0 -81.294687999999994,35.168137999999999,0 -81.283382000000003,35.172888,0 -81.282482999999999,35.174591999999997,0 -81.284546000000006,35.176518000000002,0 -81.284907000000004,35.179222000000003,0 -81.286022000000003,35.180275999999999,0 -81.286756999999994,35.182417000000001,0 -81.285126000000005,35.181564999999999,0 -81.282343999999995,35.183115999999998,0 -81.27628,35.181910000000002,0 -81.274581999999995,35.182167,0 -81.275390999999999,35.190325999999999,0 -81.274970999999994,35.192433000000001,0 -81.275695999999996,35.194654999999997,0 -81.275332000000006,35.196556000000001,0 -81.279011999999994,35.202786000000003,0 -81.280212000000006,35.203862999999998,0 -81.279596999999995,35.206612,0 -81.280043000000006,35.207729999999998,0 -81.280879999999996,35.209704000000002,0 -81.282647999999995,35.209803999999998,0 -81.284137999999999,35.2089,0 -81.286624000000003,35.208117999999999,0 -81.288782999999995,35.211660999999999,0 -81.289618000000004,35.211855999999997,0 -81.289804000000004,35.213298999999999,0 -81.285518999999994,35.216726000000001,0 -81.284896000000003,35.218204999999998,0 -81.283829999999995,35.217227999999999,0 -81.282695000000004,35.218091999999999,0 -81.286433000000002,35.221513999999999,0 -81.288117999999997,35.224699999999999,0 -81.282346000000004,35.229531000000001,0 -81.28237,35.231506000000003,0 -81.277801999999994,35.237381999999997,0 -81.280311999999995,35.241267000000001,0 -81.278181000000004,35.242427999999997,0 -81.277822,35.243439000000002,0 -81.275463999999999,35.241694000000003,0 -81.274105000000006,35.243112000000004,0 -81.275863999999999,35.244514000000002,0 -81.274725000000004,35.246485999999997,0 -81.272064999999998,35.248165,0 -81.272462000000004,35.248550999999999,0 -81.274119999999996,35.247920000000001,0 -81.277620999999996,35.244512,0 -81.278464999999997,35.244292999999999,0 -81.275924000000003,35.248387999999998,0 -81.270414000000002,35.252063999999997,0 -81.269863000000001,35.252935000000001,0 -81.265117000000004,35.252108999999997,0 -81.263516999999993,35.252695000000003,0 -81.260844000000006,35.253870999999997,0 -81.260007000000002,35.253979000000001,0 -81.261117999999996,35.255603000000001,0 -81.261206000000001,35.256180999999998,0 -81.256298000000001,35.257024000000001,0 -81.256315000000001,35.257247,0 -81.256395999999995,35.259084999999999,0 -81.255668999999997,35.260173999999999,0 -81.253775000000005,35.259340999999999,0 -81.254441999999997,35.257559999999998,0 -81.249841000000004,35.258144000000001,0 -81.248058999999998,35.257921000000003,0 -81.248090000000005,35.261913999999997,0 -81.246680999999995,35.269309999999997,0 -81.246919000000005,35.269727000000003,0 -81.240275999999994,35.272503,0 -81.240267000000003,35.272759999999998,0 -81.240229999999997,35.272959999999998,0 -81.247034999999997,35.270305999999998,0 -81.247388999999998,35.270857999999997,0 -81.248956000000007,35.271555999999997,0 -81.249769000000001,35.273935000000002,0 -81.248704000000004,35.277048999999998,0 -81.249100999999996,35.278232000000003,0 -81.250251000000006,35.281112,0 -81.249228000000002,35.283731000000003,0 -81.250787000000003,35.283568000000002,0 -81.248047,35.286780999999998,0 -81.244355999999996,35.287725999999999,0 -81.244067999999999,35.287861999999997,0 -81.243727000000007,35.288035999999998,0 -81.242714000000007,35.288378999999999,0 -81.238528000000002,35.291409999999999,0 -81.236662999999993,35.292762000000003,0 -81.229775000000004,35.297710000000002,0 -81.221743000000004,35.302370000000003,0 -81.220310999999995,35.301340000000003,0 -81.217369000000005,35.301015,0 -81.214473999999996,35.299245999999997,0 -81.211765,35.295762000000003,0 -81.209541000000002,35.295471999999997,0 -81.203665000000001,35.298172999999998,0 -81.202427,35.297600000000003,0 -81.201149000000001,35.296650999999997,0 -81.197755999999998,35.295751000000003,0 -81.193218000000002,35.295265000000001,0 -81.192087000000001,35.296498999999997,0 -81.190869000000006,35.296947000000003,0 -81.189836,35.296328000000003,0 -81.188948999999994,35.29569,0 -81.187842000000003,35.295706000000003,0 -81.185659999999999,35.295439999999999,0 -81.185083000000006,35.293795000000003,0 -81.184653999999995,35.292943999999999,0 -81.181854000000001,35.292110999999998,0 -81.181139000000002,35.292012999999997,0 -81.180854999999994,35.290253999999997,0 -81.178825000000003,35.287722000000002,0 -81.177142000000003,35.287883000000001,0 -81.173402999999993,35.290785,0 -81.171841999999998,35.292873999999998,0 -81.170400000000001,35.293633999999997,0 -81.168862000000004,35.294587,0 -81.165277000000003,35.297665000000002,0 -81.164867999999998,35.297840999999998,0 -81.162533999999994,35.298625000000001,0 -81.159507000000005,35.299396999999999,0 -81.156768,35.299478000000001,0 -81.154927999999998,35.302135999999997,0 -81.153105999999994,35.303006000000003,0 -81.150300000000001,35.302416000000001,0 -81.149085999999997,35.301794999999998,0 -81.147920999999997,35.302486999999999,0 -81.147540000000006,35.304501999999999,0 -81.146951000000001,35.304696999999997,0 -81.142831999999999,35.307943999999999,0 -81.140668000000005,35.307664000000003,0 -81.139401000000007,35.307912999999999,0 -81.134960000000007,35.307170999999997,0 -81.129848999999993,35.306288000000002,0 -81.127477999999996,35.308089000000002,0 -81.121881000000002,35.306607999999997,0 -81.120598000000001,35.308073999999998,0 -81.123521999999994,35.310653000000002,0 -81.125049000000004,35.310251999999998,0 -81.129311999999999,35.310806999999997,0 -81.130471999999997,35.312809999999999,0 -81.133853999999999,35.311348000000002,0 -81.134872999999999,35.312502000000002,0 -81.132600999999994,35.3157,0 -81.131163000000001,35.316600999999999,0 -81.126386999999994,35.316324999999999,0 -81.123857000000001,35.315390999999998,0 -81.123592000000002,35.315226000000003,0 -81.122142999999994,35.314241000000003,0 -81.121837999999997,35.313999000000003,0 -81.121506999999994,35.313668999999997,0 -81.120957000000004,35.312727000000002,0 -81.119028999999998,35.313223999999998,0 -81.118448000000001,35.315176999999998,0 -81.117964999999998,35.316806,0 -81.117894000000007,35.317019999999999,0 -81.118346000000003,35.317380999999997,0 -81.11824,35.317754999999998,0 -81.116461999999999,35.316284000000003,0 -81.115730999999997,35.317456999999997,0 -81.116349999999997,35.320106000000003,0 -81.115378000000007,35.323585000000001,0 -81.115725999999995,35.325423999999998,0 -81.112375999999998,35.326441000000003,0 -81.109982000000002,35.326469000000003,0 -81.108784,35.328679999999999,0 -81.108073000000005,35.328572999999999,0 -81.106342999999995,35.332600999999997,0 -81.106326999999993,35.336581000000002,0 -81.110273000000007,35.335431,0 -81.108941000000002,35.338366999999998,0 -81.106999999999999,35.338714000000003,0 -81.099279999999993,35.341282,0 -81.092447000000007,35.336060000000003,0 -81.091565000000003,35.336343999999997,0 -81.092258000000001,35.339677000000002,0 -81.093123000000006,35.341642,0 -81.086582000000007,35.339843000000002,0 -81.085285999999996,35.341819999999998,0 -81.083547999999993,35.342657000000003,0 -81.083490999999995,35.342722999999999,0 -81.078964999999997,35.340069,0 -81.077543000000006,35.341704,0 -81.075799000000004,35.340679000000002,0 -81.073672000000002,35.343139999999998,0 -81.081236000000004,35.344203999999998,0 -81.083545999999998,35.345809000000003,0 -81.084019999999995,35.346209999999999,0 -81.083461,35.348201000000003,0 -81.084933000000007,35.348387000000002,0 -81.083931000000007,35.351120000000002,0 -81.082556999999994,35.351241000000002,0 -81.081468999999998,35.354554999999998,0 -81.074667000000005,35.354379000000002,0 -81.065290000000005,35.353372,0 -81.061976999999999,35.351785,0 -81.058345000000003,35.351799999999997,0 -81.056505000000001,35.355308000000001,0 -81.058132000000001,35.358989000000001,0 -81.057934000000003,35.360450999999998,0 -81.061560999999998,35.362301000000002,0 -81.063236000000003,35.362000000000002,0 -81.065887000000004,35.363048999999997,0 -81.066890999999998,35.364055,0 -81.071273000000005,35.365147,0 -81.051907,35.364305000000002,0 -81.050473999999994,35.364091999999999,0 -81.048897999999994,35.368156999999997,0 -81.048176999999995,35.368701000000001,0 -81.048630000000003,35.368926999999999,0 -81.048225000000002,35.369853999999997,0 -81.050032999999999,35.370358000000003,0 -81.048831000000007,35.374026999999998,0 -81.048646000000005,35.375829000000003,0 -81.047546999999994,35.376040000000003,0 -81.046402,35.374127000000001,0 -81.046268999999995,35.375725000000003,0 -81.044405999999995,35.376235000000001,0 -81.044848999999999,35.377854999999997,0 -81.044184000000001,35.379519000000002,0 -81.046268999999995,35.379762999999997,0 -81.045447999999993,35.381959000000002,0 -81.042152000000002,35.384689999999999,0 -81.039394999999999,35.381239000000001,0 -81.035955999999999,35.379016999999997,0 -81.031762000000001,35.376955000000002,0 -81.031287000000006,35.376587999999998,0 -81.031315000000006,35.375832000000003,0 -81.033358000000007,35.371580000000002,0 -81.031429000000003,35.367274999999999,0 -81.032071999999999,35.366030000000002,0 -81.029655000000005,35.364671000000001,0 -81.028183999999996,35.365467000000002,0 -81.027323999999993,35.369112000000001,0 -81.023101999999994,35.370300999999998,0 -81.019853999999995,35.373590999999998,0 -81.014190999999997,35.376663000000001,0 -81.013491999999999,35.377172000000002,0 -81.032552999999993,35.388444,0 -81.031615000000002,35.395826999999997,0 -81.031612999999993,35.401437999999999,0 -81.030400999999998,35.403950000000002,0 -81.030512000000002,35.404392999999999,0 -81.026240999999999,35.404245000000003,0 -81.026250000000005,35.403731999999998,0 -81.019211999999996,35.397350000000003,0 -81.022450000000006,35.396344999999997,0 -81.022935000000004,35.393649000000003,0 -81.021129999999999,35.393400999999997,0 -81.020501999999993,35.390272000000003,0 -81.019474000000002,35.390421000000003,0 -81.019109,35.388514000000001,0 -81.017681999999994,35.387703000000002,0 -81.014940999999993,35.387863000000003,0 -81.014050999999995,35.386436000000003,0 -81.011743999999993,35.386127999999999,0 -81.010399000000007,35.384898999999997,0 -81.009961000000004,35.387393000000003,0 -81.009083000000004,35.387937000000001,0 -81.003068999999996,35.382778000000002,0 -80.996955,35.375081999999999,0 -80.994634000000005,35.371073000000003,0 -80.992358999999993,35.367947999999998,0 -80.990842000000001,35.366394999999997,0 -80.983168000000006,35.359310999999998,0 -80.982106999999999,35.358415999999998,0 -80.979265999999996,35.358722999999998,0 -80.979682999999994,35.359523000000003,0 -80.976653999999996,35.361569000000003,0 -80.975823000000005,35.363126999999999,0 -80.980879999999999,35.365105999999997,0 -80.981037999999998,35.365879999999997,0 -80.983699999999999,35.368350999999997,0 -80.985365999999999,35.371386999999999,0 -80.986784,35.375689999999999,0 -80.986834999999999,35.379013999999998,0 -80.986484000000004,35.380070000000003,0 -80.985585999999998,35.381098000000001,0 -80.983752999999993,35.381846000000003,0 -80.979052999999993,35.381686000000002,0 -80.976629000000003,35.382452000000001,0 -80.970389999999995,35.386263,0 -80.965359000000007,35.388589000000003,0 -80.961444999999998,35.389740000000003,0 -80.957545999999994,35.391024000000002,0 -80.955245000000005,35.393177000000001,0 -80.954362000000003,35.396185000000003,0 -80.954859999999996,35.400078000000001,0 -80.955708000000001,35.401623000000001,0 -80.956413999999995,35.402667999999998,0 -80.956980000000001,35.403886,0 -80.958716999999993,35.411501000000001,0 -80.957987000000003,35.414833999999999,0 -80.955590000000001,35.418922999999999,0 -80.955141999999995,35.42116,0 -80.955741000000003,35.425235999999998,0 -80.956518000000003,35.427503000000002,0 -80.956936999999996,35.428564999999999,0 -80.956959999999995,35.428362,0 -80.957355000000007,35.428730999999999,0 -80.958519999999993,35.428556999999998,0 -80.959849000000006,35.430007000000003,0 -80.959889000000004,35.434040000000003,0 -80.958499000000003,35.435155999999999,0 -80.962024999999997,35.435957999999999,0 -80.962316999999999,35.436754999999998,0 -80.960616999999999,35.439611999999997,0 -80.961320999999998,35.442200999999997,0 -80.960341999999997,35.445869000000002,0 -80.961247999999998,35.449733000000002,0 -80.963127999999998,35.450361999999998,0 -80.964039999999997,35.451635000000003,0 -80.961000999999996,35.451596000000002,0 -80.960594,35.453335000000003,0 -80.961387000000002,35.453724999999999,0 -80.966419000000002,35.453868999999997,0 -80.966284999999999,35.453595999999997,0 -80.965768999999995,35.451566999999997,0 -80.969058000000004,35.450839000000002,0 -80.971590000000006,35.449489,0 -80.972387999999995,35.451180000000001,0 -80.977410000000006,35.449247,0 -80.981848999999997,35.444102999999998,0 -80.990172999999999,35.449384000000002,0 -80.989661999999996,35.444158999999999,0 -80.990217000000001,35.443147000000003,0 -80.992264000000006,35.441585000000003,0 -80.995484000000005,35.440401999999999,0 -81.000697000000002,35.439340999999999,0 -81.001160999999996,35.440767999999998,0 -80.997836000000007,35.445501999999998,0 -81.001000000000005,35.447223999999999,0 -81.001660000000001,35.446868000000002,0 -81.006133000000005,35.446598999999999,0 -81.007486,35.450893000000001,0 -81.007800000000003,35.450932999999999,0 -81.006915000000006,35.447026000000001,0 -81.009405000000001,35.448996999999999,0 -81.014543000000003,35.449528000000001,0 -81.017601999999997,35.449218999999999,0 -81.020672000000005,35.449643000000002,0 -81.019931999999997,35.448348000000003,0 -81.022442999999996,35.445984000000003,0 -81.023535999999993,35.443542000000001,0 -81.020413000000005,35.441946999999999,0 -81.019304000000005,35.442050000000002,0 -81.019131999999999,35.437812000000001,0 -81.021722999999994,35.437319000000002,0 -81.024803000000006,35.434984,0 -81.024747000000005,35.433639999999997,0 -81.026540999999995,35.432707000000001,0 -81.025870999999995,35.431854999999999,0 -81.027524,35.431182,0 -81.027547999999996,35.431840999999999,0 -81.030152000000001,35.434547999999999,0 -81.031063000000003,35.434786000000003,0 -81.030423999999996,35.436714000000002,0 -81.030865000000006,35.437452,0 -81.032711000000006,35.437598999999999,0 -81.033721,35.439124,0 -81.033956000000003,35.440021000000002,0 -81.032793999999996,35.442120000000003,0 -81.033711999999994,35.447113000000002,0 -81.034390999999999,35.452295999999997,0 -81.033612000000005,35.454194000000001,0 -81.033546000000001,35.454984000000003,0 -81.034803999999994,35.458643000000002,0 -81.034634999999994,35.462806999999998,0 -81.033765000000002,35.465544999999999,0 -81.033069999999995,35.470469999999999,0 -81.034267999999997,35.475091999999997,0 -81.035182000000006,35.480777000000003,0 -81.037773000000001,35.483294000000001,0 -81.040574000000007,35.484029999999997,0 -81.043163000000007,35.487929000000001,0 -81.045049000000006,35.489246999999999,0 -81.045373999999995,35.490595999999996,0 -81.058420999999996,35.498491999999999,0 -81.060916000000006,35.495431000000004,0 -81.060471000000007,35.493062999999999,0 -81.058250999999998,35.488911999999999,0 -81.063644999999994,35.487102999999998,0 -81.064167999999995,35.485183999999997,0 -81.065225999999996,35.484966,0 -81.066587999999996,35.481642000000001,0 -81.067599000000001,35.480441999999996,0 -81.064727000000005,35.479790999999999,0 -81.062810999999996,35.477238,0 -81.059888999999998,35.475738999999997,0 -81.059394999999995,35.474245000000003,0 -81.057394000000002,35.473163999999997,0 -81.060525999999996,35.470652000000001,0 -81.057640000000006,35.465916,0 -81.064729999999997,35.464683000000001,0 -81.063945000000004,35.462890000000002,0 -81.065094000000002,35.459918999999999,0 -81.068372999999994,35.463478000000002,0 -81.070081999999999,35.461432000000002,0 -81.073949999999996,35.463253999999999,0 -81.076162999999994,35.463673999999997,0 -81.076976000000002,35.462665000000001,0 -81.078012999999999,35.463562000000003,0 -81.079694000000003,35.462273000000003,0 -81.080618999999999,35.464655,0 -81.082194000000001,35.464573000000001,0 -81.081547,35.486868999999999,0 -81.076927999999995,35.487307999999999,0 -81.075748000000004,35.486173999999998,0 -81.073020999999997,35.485489000000001,0 -81.072874999999996,35.488461000000001,0 -81.074800999999994,35.489814000000003,0 -81.075845000000001,35.492562999999997,0 -81.081422000000003,35.491098999999998,0 -81.081248000000002,35.505929999999999,0 -81.083139000000003,35.506154000000002,0 -81.085258999999994,35.504351,0 -81.087570999999997,35.500611999999997,0 -81.089146999999997,35.502589,0 -81.089256000000006,35.505338999999999,0 -81.091578999999996,35.505316999999998,0 -81.093104999999994,35.504773,0 -81.095590999999999,35.502445000000002,0 -81.096451000000002,35.503487,0 -81.099486999999996,35.502105,0 -81.105295999999996,35.498406000000003,0 -81.107814000000005,35.49812,0 -81.114112000000006,35.493912000000002,0 -81.121139999999997,35.492992000000001,0 -81.124409999999997,35.492787999999997,0 -81.129040000000003,35.492978999999998,0 -81.132824999999997,35.491016999999999,0 -81.134486999999993,35.492176000000001,0 -81.134887000000006,35.497011000000001,0 -81.134604999999993,35.498508000000001,0 -81.136527999999998,35.497860000000003,0 -81.138388000000006,35.495564999999999,0 -81.138037999999995,35.497985999999997,0 -81.139255000000006,35.498887000000003,0 -81.142753999999996,35.497731000000002,0 -81.143084000000002,35.495493000000003,0 -81.145932999999999,35.495767000000001,0 -81.146990000000002,35.493470000000002,0 -81.146473,35.491210000000002,0 -81.148467999999994,35.490754000000003,0 -81.148253999999994,35.489956999999997,0 -81.145242999999994,35.490003999999999,0 -81.147424999999998,35.487827000000003,0 -81.146807999999993,35.486629999999998,0 -81.143703000000002,35.485441000000002,0 -81.146366999999998,35.48272,0 -81.146437000000006,35.481842999999998,0 -81.147228999999996,35.480699999999999,0 -81.151990999999995,35.481937000000002,0 -81.152383,35.480967,0 -81.154703999999995,35.481217999999998,0 -81.157432999999997,35.479858,0 -81.160872999999995,35.479992000000003,0 -81.164923000000002,35.477870000000003,0 -81.166222000000005,35.477739,0 -81.167399000000003,35.479050000000001,0 -81.170091999999997,35.478082999999998,0 -81.170282,35.47625,0 -81.169216000000006,35.470115,0 -81.173315000000002,35.469814999999997,0 -81.174948000000001,35.470531999999999,0 -81.173603,35.471978999999997,0 -81.173050000000003,35.473388,0 -81.173146000000003,35.474238,0 -81.174428000000006,35.474525999999997,0 -81.175890999999993,35.472189,0 -81.176623000000006,35.471328999999997,0 -81.179096000000001,35.472504000000001,0 -81.178849999999997,35.471814999999999,0 -81.180053999999998,35.470737999999997,0 -81.181630999999996,35.471893000000001,0 -81.182692000000003,35.470357999999997,0 -81.184280999999999,35.469372999999997,0 -81.183948999999998,35.465032000000001,0 -81.182385999999994,35.462440999999998,0 -81.185837000000006,35.457450999999999,0 -81.186314999999993,35.455461,0 -81.186322000000004,35.454984000000003,0 -81.186899999999994,35.449165999999998,0 -81.185764000000006,35.447788000000003,0 -81.183901000000006,35.443218999999999,0 -81.180324999999996,35.442011999999998,0 -81.177854999999994,35.440002999999997,0 -81.177639999999997,35.439120000000003,0 -81.176693,35.439276999999997,0 -81.174014,35.442055000000003,0 -81.172599000000005,35.446689999999997,0 -81.168199999999999,35.444181,0 -81.168248000000006,35.439816,0 -81.169042000000005,35.436624999999999,0 -81.172156999999999,35.432679999999998,0 -81.173652000000004,35.431807999999997,0 -81.173727999999997,35.430171999999999,0 -81.175363000000004,35.429233000000004,0 -81.179040999999998,35.429194000000003,0 -81.181496999999993,35.429839999999999,0 -81.180291999999994,35.428499000000002,0 -81.176818999999995,35.421176000000003,0 -81.174183999999997,35.417019000000003,0 -81.172180999999995,35.415626000000003,0 -81.174278000000001,35.413567,0 -81.175522999999998,35.410093000000003,0 -81.177944999999994,35.409573000000002,0 -81.184646999999998,35.409806000000003,0 -81.199076000000005,35.410308999999998,0 -81.202969999999993,35.410454000000001,0 -81.203900000000004,35.410488999999998,0 -81.208663000000001,35.408450999999999,0 -81.210082,35.407679999999999,0 -81.209485999999998,35.399912999999998,0 -81.203933000000006,35.397990999999998,0 -81.203492999999995,35.397309,0 -81.204418000000004,35.396293999999997,0 -81.204668999999996,35.396849000000003,0 -81.207544999999996,35.396312999999999,0 -81.207515999999998,35.395860999999996,0 -81.208156000000002,35.394700999999998,0 -81.208716999999993,35.394482000000004,0 -81.207735,35.392142999999997,0 -81.207935000000006,35.391879000000003,0 -81.208995000000002,35.394356999999999,0 -81.210446000000005,35.394779999999997,0 -81.212159,35.394240000000003,0 -81.214495999999997,35.391821999999998,0 -81.216643000000005,35.394647999999997,0 -81.217612000000003,35.392349000000003,0 -81.218698000000003,35.393607000000003,0 -81.221885,35.392811999999999,0 -81.223561000000004,35.395296999999999,0 -81.227850000000004,35.388108000000003,0 -81.228433999999993,35.387151000000003,0 -81.231864999999999,35.388598999999999,0 -81.229800999999995,35.391634000000003,0 -81.227583999999993,35.392868,0 -81.228173999999996,35.396135999999998,0 -81.231566000000001,35.389830000000003,0 -81.234252999999995,35.387799999999999,0 -81.237960000000001,35.382733999999999,0 -81.239655999999997,35.381388999999999,0 -81.240621000000004,35.378228999999997,0 -81.242360000000005,35.375906000000001,0 -81.243350000000007,35.373341000000003,0 -81.246122,35.371740000000003,0 -81.248397999999995,35.369584000000003,0 -81.251277999999999,35.368765000000003,0 -81.253843000000003,35.365535000000001,0 -81.261944,35.364570000000001,0 -81.262764000000004,35.366543999999998,0 -81.267505,35.371274,0 -81.268905000000004,35.373362999999998,0 -81.270797999999999,35.374853000000002,0 -81.270833999999994,35.375599999999999,0 -81.26925,35.378501,0 -81.270229999999998,35.379973,0 -81.272141000000005,35.380721999999999,0 -81.275452999999999,35.380302,0 -81.275154000000001,35.384861999999998,0 -81.275422000000006,35.386284000000003,0 -81.277615999999995,35.391534,0 -81.280569999999997,35.391343999999997,0 -81.283198999999996,35.392752000000002,0 -81.285460999999998,35.390008999999999,0 -81.285038999999998,35.388953999999998,0 -81.286841999999993,35.389035,0 -81.286354000000003,35.392605000000003,0 -81.289113,35.392172000000002,0 -81.287289000000001,35.395023000000002,0 -81.291051999999993,35.398558000000001,0 -81.287266000000002,35.402594000000001,0 -81.289113,35.404646999999997,0 -81.288310999999993,35.406719000000002,0 -81.289264000000003,35.408881999999998,0 -81.293356000000003,35.410966999999999,0 -81.298794999999998,35.413111999999998,0 -81.300004000000001,35.414262999999998,0 -81.301620999999997,35.415847999999997,0 -81.305353999999994,35.419764999999998,0 -81.301824999999994,35.420757999999999,0 -81.301147999999998,35.421075000000002,0 -81.298060000000007,35.422575000000002,0 -81.292353000000006,35.427883000000001,0 -81.291982000000004,35.428463000000001,0 -81.289997999999997,35.429667999999999,0 -81.290587000000002,35.431012000000003,0 -81.290188999999998,35.431351999999997,0 -81.287813999999997,35.435161999999998,0 -81.287854999999993,35.43967,0 -81.290757999999997,35.43965,0 -81.289604999999995,35.443396,0 -81.291477999999998,35.445002000000002,0 -81.289899000000005,35.447589000000001,0 -81.290749000000005,35.448174999999999,0 -81.294139000000001,35.450116999999999,0 -81.294818000000006,35.448932999999997,0 -81.296255000000002,35.449553999999999,0 -81.295303000000004,35.453513999999998,0 -81.294118999999995,35.455106000000001,0 -81.299108000000004,35.456290000000003,0 -81.298933000000005,35.458540999999997,0 -81.299843999999993,35.458742999999998,0 -81.301589000000007,35.456992999999997,0 -81.308290999999997,35.456940000000003,0 -81.308361000000005,35.455713000000003,0 -81.313925999999995,35.455576999999998,0 -81.317639999999997,35.458064999999998,0 -81.317627000000002,35.456457,0 -81.325193999999996,35.453381999999998,0 -81.332693000000006,35.449272999999998,0 -81.331924000000001,35.446373999999999,0 -81.331596000000005,35.440474999999999,0 -81.331525999999997,35.440038999999999,0 -81.333275999999998,35.440111000000002,0 -81.337610999999995,35.441519,0 -81.339516000000003,35.441451000000001,0 -81.337869999999995,35.438943000000002,0 -81.336180999999996,35.437842000000003,0 -81.335198000000005,35.435589,0 -81.340434999999999,35.435468999999998,0 -81.342498000000006,35.437973999999997,0 -81.346418999999997,35.440753999999998,0 -81.348444999999998,35.439095000000002,0 -81.352950000000007,35.438597000000001,0 -81.354652000000002,35.436782000000001,0 -81.355579000000006,35.437964999999998,0 -81.361413999999996,35.435560000000002,0 -81.362911999999994,35.435451,0 -81.363331000000002,35.442413999999999,0 -81.364258000000007,35.442376000000003,0 -81.362999000000002,35.445371999999999,0 -81.364367999999999,35.445607000000003,0 -81.364435,35.447710999999998,0 -81.367811000000003,35.447358000000001,0 -81.370559999999998,35.446472,0 -81.372156000000004,35.444536999999997,0 -81.374724000000001,35.442664999999998,0 -81.377917999999994,35.442269000000003,0 -81.378748999999999,35.441572999999998,0 -81.380998000000005,35.441122,0 -81.380720999999994,35.443860999999998,0 -81.384338,35.444876999999998,0 -81.384595000000004,35.447158000000002,0 -81.389258999999996,35.443618999999998,0 -81.390407999999994,35.444186000000002,0 -81.392741000000001,35.449120000000001,0 -81.393100000000004,35.452173999999999,0 -81.391480000000001,35.453184999999998,0 -81.390895999999998,35.455710000000003,0 -81.391577999999996,35.457200999999998,0 -81.392819000000003,35.457003,0 -81.393395999999996,35.459339999999997,0 -81.392954000000003,35.462277,0 -81.39452,35.462263,0 -81.396794,35.460959000000003,0 -81.398149000000004,35.464469999999999,0 -81.398962999999995,35.467906999999997,0 -81.397960999999995,35.470444000000001,0 -81.395885000000007,35.471698000000004,0 -81.395437000000001,35.472347999999997,0 -81.395568999999995,35.476270999999997,0 -81.396981999999994,35.480077999999999,0 -81.398771999999994,35.488276999999997,0 -81.400976999999997,35.490385000000003,0 -81.402595000000005,35.492676000000003,0 -81.404043999999999,35.498099000000003,0 -81.407917999999995,35.500636,0 -81.408986999999996,35.504145000000001,0 -81.401557999999994,35.504328000000001,0 -81.397184999999993,35.504958999999999,0 -81.396383,35.503793000000002,0 -81.392088999999999,35.507091000000003,0 -81.384033000000002,35.509304,0 -81.380993000000004,35.506433000000001,0 -81.381625999999997,35.504024999999999,0 -81.38109,35.502229999999997,0 -81.377888999999996,35.499853000000002,0 -81.375896999999995,35.500239000000001,0 -81.371508000000006,35.499862999999998,0 -81.370599999999996,35.500480000000003,0 -81.368696,35.499617999999998,0 -81.364624000000006,35.500458999999999,0 -81.363026000000005,35.501396999999997,0 -81.362610000000004,35.502834,0 -81.359885000000006,35.503323000000002,0 -81.357568000000001,35.502074,0 -81.354650000000007,35.501215000000002,0 -81.353784000000005,35.499338999999999,0 -81.349988999999994,35.496732999999999,0 -81.347357000000002,35.496918999999998,0 -81.347637000000006,35.498927000000002,0 -81.344506999999993,35.499156999999997,0 -81.339995999999999,35.497815000000003,0 -81.338797,35.497520999999999,0 -81.338325999999995,35.497539000000003,0 -81.334962000000004,35.495150000000002,0 -81.326294000000004,35.496031000000002,0 -81.327279000000004,35.498010000000001,0 -81.327763000000004,35.500822999999997,0 -81.332043999999996,35.508088000000001,0 -81.334551000000005,35.510781000000001,0 -81.331783999999999,35.513257000000003,0 -81.337114999999997,35.513565,0 -81.337615,35.515898999999997,0 -81.339304999999996,35.518928000000002,0 -81.339342000000002,35.520726000000003,0 -81.336337,35.524836000000001,0 -81.336124999999996,35.527078000000003,0 -81.332458000000003,35.528595000000003,0 -81.328367999999998,35.525697999999998,0 -81.321353000000002,35.518273000000001,0 -81.314620000000005,35.516063000000003,0 -81.310396999999995,35.515726000000001,0 -81.309054000000003,35.516869,0 -81.300028999999995,35.518303000000003,0 -81.299062000000006,35.522010000000002,0 -81.299366000000006,35.52375,0 -81.301230000000004,35.523645999999999,0 -81.304286000000005,35.524740999999999,0 -81.307042999999993,35.526595999999998,0 -81.310889000000003,35.528585999999997,0 -81.311847,35.529437999999999,0 -81.312620999999993,35.531450999999997,0 -81.312393,35.53275,0 -81.314246999999995,35.537827,0 -81.314713999999995,35.53978,0 -81.315184000000002,35.544345,0 -81.315833999999995,35.546823000000003,0 -81.317318999999998,35.548565000000004,0 -81.318464000000006,35.550764000000001,0 -81.318866,35.553887000000003,0 -81.318770000000001,35.557651999999997,0 -81.318247999999997,35.560496000000001,0 -81.317650999999998,35.560471,0 -81.318442000000005,35.560873000000001,0 -81.319086999999996,35.562674000000001,0 -81.322813999999994,35.563912000000002,0 -81.325100000000006,35.565133000000003,0 -81.327504000000005,35.567745000000002,0 -81.328916000000007,35.568379,0 -81.329312999999999,35.570618000000003,0 -81.326485000000005,35.579056999999999,0 -81.325845999999999,35.581125,0 -81.323121,35.584214000000003,0 -81.322772999999998,35.590210999999996,0 -81.322220999999999,35.591161,0 -81.315261000000007,35.594707,0 -81.313368999999994,35.592556000000002,0 -81.308322000000004,35.588059000000001,0 -81.305250999999998,35.587895000000003,0 -81.303619999999995,35.588901,0 -81.303128999999998,35.589998999999999,0 -81.300093000000004,35.589320999999998,0 -81.301417999999998,35.592050999999998,0 -81.299131000000003,35.592725000000002,0 -81.296402,35.591465999999997,0 -81.294166000000004,35.591565000000003,0 -81.293463000000003,35.590406000000002,0 -81.290490000000005,35.589469000000001,0 -81.290128999999993,35.593021,0 -81.288482000000002,35.594299999999997,0 -81.285521000000003,35.594206,0 -81.286210999999994,35.592768,0 -81.285430000000005,35.589587000000002,0 -81.284957000000006,35.589370000000002,0 -81.282337999999996,35.590811000000002,0 -81.279705000000007,35.589644,0 -81.280027000000004,35.587891999999997,0 -81.281588999999997,35.588977999999997,0 -81.283206000000007,35.588135000000001,0 -81.283033000000003,35.587195000000001,0 -81.281994999999995,35.586078000000001,0 -81.283458999999993,35.584482000000001,0 -81.282606000000001,35.584342999999997,0 -81.281415999999993,35.584060999999998,0 -81.280539000000005,35.583649000000001,0 -81.274897999999993,35.580240000000003,0 -81.276157999999995,35.577190000000002,0 -81.277972000000005,35.575786000000001,0 -81.279649000000006,35.570976999999999,0 -81.281374,35.568244,0 -81.281961999999993,35.566009000000001,0 -81.281675000000007,35.563941,0 -81.280170999999996,35.561625999999997,0 -81.279647999999995,35.558571999999998,0 -81.277146999999999,35.556476000000004,0 -81.274750999999995,35.557268999999998,0 -81.273019000000005,35.556941000000002,0 -81.270207999999997,35.555233000000001,0 -81.269182000000001,35.553193999999998,0 -81.265840999999995,35.548285999999997,0 -81.262950000000004,35.550673000000003,0 -81.258843999999996,35.551208000000003,0 -81.255877999999996,35.535373999999997,0 -81.253859000000006,35.535164000000002,0 -81.252488,35.532544000000001,0 -81.251437999999993,35.532733999999998,0 -81.252386000000001,35.536572,0 -81.250461000000001,35.541986999999999,0 -81.249002000000004,35.544176999999998,0 -81.249067999999994,35.550130000000003,0 -81.248107000000005,35.550958999999999,0 -81.242444000000006,35.552396000000002,0 -81.241405,35.553941999999999,0 -81.245861000000005,35.557260999999997,0 -81.245276000000004,35.557242000000002,0 -81.230958000000001,35.556781000000001,0 -81.223910000000004,35.556531,0 -81.219740999999999,35.556367000000002,0 -81.219790000000003,35.556285000000003,0 -81.219845000000007,35.556204000000001,0 -81.221917000000005,35.553178000000003,0 -81.221828000000002,35.550818999999997,0 -81.218807999999996,35.549729999999997,0 -81.214287999999996,35.552796000000001,0 -81.214967999999999,35.548461000000003,0 -81.216509000000002,35.545372,0 -81.208481000000006,35.540064999999998,0 -81.207854999999995,35.542639999999999,0 -81.207832999999994,35.542729999999999,0 -81.207379000000003,35.544553999999998,0 -81.206383000000002,35.547327000000003,0 -81.200068000000002,35.555452000000002,0 -81.198835000000003,35.555819999999997,0 -81.196628000000004,35.555368000000001,0 -81.195262,35.555334999999999,0 -81.190123999999997,35.555210000000002,0 -81.189903000000001,35.555205000000001,0 -81.184381000000002,35.555070999999998,0 -81.181094999999999,35.548954000000002,0 -81.180083999999994,35.547879999999999,0 -81.180563000000006,35.546984999999999,0 -81.181237999999993,35.545116999999998,0 -81.180565000000001,35.545385000000003,0 -81.174682000000004,35.545721999999998,0 -81.171122999999994,35.544381999999999,0 -81.168270000000007,35.542819999999999,0 -81.175183000000004,35.530355999999998,0 -81.171907000000004,35.526584999999997,0 -81.164192,35.539104999999999,0 -81.162452000000002,35.537739000000002,0 -81.162120999999999,35.538753,0 -81.157421999999997,35.537970999999999,0 -81.153690999999995,35.535563000000003,0 -81.151617000000002,35.534922999999999,0 -81.149597999999997,35.535221999999997,0 -81.148979999999995,35.532145,0 -81.150119000000004,35.530445999999998,0 -81.148836000000003,35.529235,0 -81.146167000000005,35.530884999999998,0 -81.143465000000006,35.530366999999998,0 -81.140434999999997,35.531995999999999,0 -81.139053000000004,35.533610000000003,0 -81.141671000000002,35.534689,0 -81.142242999999993,35.534841,0 -81.140069999999994,35.538103999999997,0 -81.136748999999995,35.540996,0 -81.134478000000001,35.545715000000001,0 -81.129375999999993,35.547913000000001,0 -81.127937000000003,35.549252000000003,0 -81.121010999999996,35.547907000000002,0 -81.118416999999994,35.543835999999999,0 -81.116551000000001,35.543809000000003,0 -81.116296000000006,35.541034000000003,0 -81.117206999999993,35.540809000000003,0 -81.115762000000004,35.538685999999998,0 -81.108941000000002,35.539504000000001,0 -81.106695000000002,35.536808000000001,0 -81.105439000000004,35.536087000000002,0 -81.102169000000004,35.536569999999998,0 -81.101988000000006,35.533669000000003,0 -81.100527999999997,35.52984,0 -81.100922999999995,35.528016000000001,0 -81.099991000000003,35.526916,0 -81.099489000000005,35.524811,0 -81.093569000000002,35.525137000000001,0 -81.090958000000001,35.524760000000001,0 -81.088847000000001,35.521132000000001,0 -81.082695000000001,35.524031000000001,0 -81.081845000000001,35.524908000000003,0 -81.081192999999999,35.526718000000002,0 -81.081204,35.535241999999997,0 -81.077861999999996,35.535128,0 -81.077725000000001,35.538919999999997,0 -81.073605999999998,35.541054000000003,0 -81.070193000000003,35.538767999999997,0 -81.068582000000006,35.539439999999999,0 -81.068815999999998,35.541719000000001,0 -81.066446999999997,35.540965999999997,0 -81.065775000000002,35.541179,0 -81.073186000000007,35.548687999999999,0 -81.075276000000002,35.551276999999999,0 -81.074967999999998,35.551276999999999,0 -81.065258999999998,35.550891999999997,0 -81.058487999999997,35.550507000000003,0 -81.059707000000003,35.551015,0 -81.060682999999997,35.551600000000001,0 -81.062196,35.552996999999998,0 -81.063433000000003,35.558795000000003,0 -81.064335,35.563062000000002,0 -81.061741999999995,35.563482999999998,0 -81.058273,35.566208000000003,0 -81.056317000000007,35.566543000000003,0 -81.051693,35.569065999999999,0 -81.051259000000002,35.570055000000004,0 -81.048040999999998,35.572907000000001,0 -81.045578000000006,35.573391000000001,0 -81.044846000000007,35.574643999999999,0 -81.046132999999998,35.577212000000003,0 -81.043898999999996,35.575468999999998,0 -81.044842000000003,35.574686999999997,0 -81.039494000000005,35.575271999999998,0 -81.036163999999999,35.577520999999997,0 -81.034886,35.575721000000001,0 -81.033210999999994,35.577368,0 -81.031890000000004,35.576532,0 -81.035874000000007,35.573549999999997,0 -81.038092000000006,35.572645999999999,0 -81.036488000000006,35.572338000000002,0 -81.035550999999998,35.570745000000002,0 -81.035839999999993,35.567314000000003,0 -81.033596000000003,35.567213000000002,0 -81.033585000000002,35.564770000000003,0 -81.032145999999997,35.564363999999998,0 -81.025926999999996,35.565939999999998,0 -81.025987000000001,35.566251000000001,0 -81.024968999999999,35.567177000000001,0 -81.021856999999997,35.570872999999999,0 -81.022056000000006,35.571669999999997,0 -81.020491000000007,35.570709999999998,0 -81.020359999999997,35.572054999999999,0 -81.014977999999999,35.572218999999997,0 -81.014127999999999,35.57432,0 -81.013502000000003,35.574427999999997,0 -81.012297000000004,35.574460000000002,0 -81.011187000000007,35.570754000000001,0 -81.009957,35.571559999999998,0 -81.006764000000004,35.569395999999998,0 -81.004339999999999,35.569636000000003,0 -81.001718999999994,35.568247,0 -81.000110000000006,35.564050999999999,0 -80.998464999999996,35.562677000000001,0 -80.997090999999998,35.562615000000001,0 -80.993228000000002,35.565744000000002,0 -80.993913000000006,35.568083000000001,0 -80.992309000000006,35.569648000000001,0 -80.992371000000006,35.568337999999997,0 -80.990532999999999,35.570531000000003,0 -80.991094000000004,35.569701999999999,0 -80.990933999999996,35.566738000000001,0 -80.991356999999994,35.565072999999998,0 -80.990374000000003,35.565001000000002,0 -80.990432999999996,35.561582000000001,0 -80.993792999999997,35.561973000000002,0 -80.993831999999998,35.558480000000003,0 -80.995880999999997,35.561104,0 -80.997471000000004,35.557481000000003,0 -80.996842999999998,35.556010999999998,0 -80.995074000000002,35.554948000000003,0 -80.996055999999996,35.552563999999997,0 -80.995204999999999,35.551577999999999,0 -80.992029000000002,35.554766000000001,0 -80.989481999999995,35.55236,0 -80.992185000000006,35.551290999999999,0 -80.992554999999996,35.550151999999997,0 -80.990311000000005,35.548577999999999,0 -80.995892999999995,35.548718000000001,0 -80.995683,35.547851000000001,0 -80.994551999999999,35.544311999999998,0 -80.993836999999999,35.544646999999998,0 -80.991280000000003,35.542971000000001,0 -80.988422,35.544302999999999,0 -80.987572,35.546382999999999,0 -80.987764999999996,35.547553000000001,0 -80.981967999999995,35.547483999999997,0 -80.981296999999998,35.546632000000002,0 -80.980828000000002,35.546442999999996,0 -80.980867000000003,35.545935,0 -80.980236000000005,35.545906000000002,0 -80.979990999999998,35.546298,0 -80.979315999999997,35.546000999999997,0 -80.978438999999995,35.546430000000001,0 -80.978708999999995,35.546759999999999,0 -80.97775,35.546953000000002,0 -80.977626999999998,35.547426999999999,0 -80.971733999999998,35.547297999999998,0 -80.960025000000002,35.547020000000003,0 -80.959908999999996,35.547955999999999,0 -80.957325999999995,35.550851999999999,0 -80.953616999999994,35.553623000000002,0 -80.953503999999995,35.554312000000003,0 -80.956558999999999,35.563882999999997,0 -80.956995000000006,35.566251999999999,0 -80.956946000000002,35.568961999999999,0 -80.955679000000003,35.573847999999998,0 -80.953327999999999,35.578612999999997,0 -80.951295000000002,35.581273000000003,0 -80.947659000000002,35.584249999999997,0 -80.945458000000002,35.585282999999997,0 -80.937019000000006,35.587471999999998,0 -80.935813999999993,35.588186,0 -80.933638000000002,35.590933,0 -80.933601999999993,35.593680999999997,0 -80.936128999999994,35.597563000000001,0 -80.940978999999999,35.600802999999999,0 -80.943523999999996,35.604931000000001,0 -80.943310999999994,35.606273000000002,0 -80.940662000000003,35.610778000000003,0 -80.938958,35.612878000000002,0 -80.937314999999998,35.613965999999998,0 -80.931707000000003,35.615012999999998,0 -80.928292999999996,35.616346999999998,0 -80.926184000000006,35.618115000000003,0 -80.925212999999999,35.620258,0 -80.925515000000004,35.620946000000004,0 -80.927539999999993,35.622978000000003,0 -80.928566000000004,35.623928999999997,0 -80.924122999999994,35.627578999999997,0 -80.921419999999998,35.631464999999999,0 -80.919807000000006,35.635694000000001,0 -80.919257000000002,35.640053999999999,0 -80.918481,35.642401999999997,0 -80.915369999999996,35.647157,0 -80.909227999999999,35.654204999999997,0 -80.906739000000002,35.654727000000001,0 -80.898752000000002,35.656385999999998,0 -80.897998000000001,35.655200000000001,0 -80.890500000000003,35.656677999999999,0 -80.88655,35.656776999999998,0 -80.885765000000006,35.654457999999998,0 -80.882660999999999,35.651392000000001,0 -80.882581999999999,35.650505000000003,0 -80.879204000000001,35.650123000000001,0 -80.879866000000007,35.645676999999999,0 -80.872923999999998,35.645283999999997,0 -80.870351999999997,35.641190000000002,0 -80.868656999999999,35.640687999999997,0 -80.865537000000003,35.638342000000002,0 -80.865041000000005,35.639060999999998,0 -80.864277000000001,35.639870999999999,0 -80.864074000000002,35.640081000000002,0 -80.861174000000005,35.643701,0 -80.858046000000002,35.640458000000002,0 -80.857744999999994,35.638947000000002,0 -80.856433999999993,35.638111000000002,0 -80.855401000000001,35.638539000000002,0 -80.856689000000003,35.644604000000001,0 -80.856244000000004,35.644553999999999,0 -80.856224999999995,35.647652000000001,0 -80.857680000000002,35.647722000000002,0 -80.855706999999995,35.651358999999999,0 -80.852457999999999,35.651817999999999,0 -80.852288999999999,35.655898999999998,0 -80.847835000000003,35.657966999999999,0 -80.848630999999997,35.659266000000002,0 -80.849213000000006,35.660544000000002,0 -80.848602999999997,35.660682000000001,0 -80.844050999999993,35.662242999999997,0 -80.841316000000006,35.660173,0 -80.837464999999995,35.658783,0 -80.833181999999994,35.657223000000002,0 -80.831337000000005,35.655982000000002,0 -80.825868999999997,35.653297000000002,0 -80.822402999999994,35.653060000000004,0 -80.82047,35.652746,0 -80.818854999999999,35.653359999999999,0 -80.813573000000005,35.657859000000002,0 -80.810453999999993,35.662661999999997,0 -80.798677999999995,35.668281,0 -80.797843,35.668478,0 -80.793920999999997,35.670797999999998,0 -80.793261000000001,35.669780000000003,0 -80.793636000000006,35.666625000000003,0 -80.793199000000001,35.663578000000001,0 -80.792186999999998,35.663930000000001,0 -80.788376999999997,35.663356999999998,0 -80.787245999999996,35.663488000000001,0 -80.784176000000002,35.665391,0 -80.780044000000004,35.666868999999998,0 -80.780799999999999,35.661343000000002,0 -80.786855000000003,35.662016999999999,0 -80.787543999999997,35.660215000000001,0 -80.787661999999997,35.657125000000001,0 -80.788375000000002,35.652045999999999,0 -80.788151999999997,35.648161999999999,0 -80.785511,35.646714000000003,0 -80.783315000000002,35.646588000000001,0 -80.782518999999994,35.643025000000002,0 -80.779561000000001,35.643264000000002,0 -80.773317000000006,35.643113,0 -80.772276000000005,35.648335000000003,0 -80.769778000000002,35.648215999999998,0 -80.76782,35.644002,0 -80.769246999999993,35.643104000000001,0 -80.773318000000003,35.642389999999999,0 -80.782086000000007,35.642274,0 -80.781961999999993,35.642049,0 -80.781187000000003,35.641478999999997,0 -80.781493999999995,35.639212000000001,0 -80.782748999999995,35.636859000000001,0 -80.779471999999998,35.635778999999999,0 -80.776218999999998,35.635641999999997,0 -80.774837000000005,35.635413999999997,0 -80.774185000000003,35.638624,0 -80.775042999999997,35.637627999999999,0 -80.778535000000005,35.640711000000003,0 -80.778943999999996,35.642181000000001,0 -80.771074999999996,35.642257000000001,0 -80.768496999999996,35.643228000000001,0 -80.768328999999994,35.643070999999999,0 -80.768591000000001,35.642882999999998,0 -80.768562000000003,35.640996999999999,0 -80.767128,35.641044000000001,0 -80.765378999999996,35.638292999999997,0 -80.765158,35.635531,0 -80.763514999999998,35.635508000000002,0 -80.761961999999997,35.633468000000001,0 -80.759940999999998,35.625329000000001,0 -80.759383999999997,35.625408,0 -80.756590000000003,35.627032999999997,0 -80.754396,35.630088000000001,0 -80.750971000000007,35.632289999999998,0 -80.747050999999999,35.628176000000003,0 -80.744568000000001,35.621746000000002,0 -80.742329999999995,35.619455000000002,0 -80.742214000000004,35.618105,0 -80.740643000000006,35.618845,0 -80.740592000000007,35.620496000000003,0 -80.735793000000001,35.620522000000001,0 -80.735301000000007,35.622866000000002,0 -80.729269000000002,35.622616999999998,0 -80.729239000000007,35.623280999999999,0 -80.726485999999994,35.623994000000003,0 -80.723939000000001,35.625611999999997,0 -80.717877000000001,35.625554000000001,0 -80.717934999999997,35.622653999999997,0 -80.712551000000005,35.622520999999999,0 -80.710638000000003,35.622891000000003,0 -80.709092999999996,35.623027,0 -80.707008999999999,35.621014000000002,0 -80.705106000000001,35.620462000000003,0 -80.705456999999996,35.619625999999997,0 -80.701949999999997,35.618901999999999,0 -80.701818000000003,35.620949000000003,0 -80.700513000000001,35.621197000000002,0 -80.697986,35.620292999999997,0 -80.693651000000003,35.620292999999997,0 -80.693605000000005,35.616978000000003,0 -80.686508000000003,35.616700000000002,0 -80.686519000000004,35.615293000000001,0 -80.675839999999994,35.611389000000003,0 -80.672270999999995,35.610652000000002,0 -80.667023999999998,35.607936000000002,0 -80.666162999999997,35.607647,0 -80.657520000000005,35.605839000000003,0 -80.653709000000006,35.606060999999997,0 -80.653649999999999,35.611963000000003,0 -80.656785999999997,35.614533000000002,0 -80.659565000000001,35.619621000000002,0 -80.663016999999996,35.622270999999998,0 -80.660456999999994,35.624034999999999,0 -80.657587000000007,35.626908999999998,0 -80.656193999999999,35.63176,0 -80.652894000000003,35.636605000000003,0 -80.649501000000001,35.637492999999999,0 -80.640369000000007,35.637591,0 -80.639246999999997,35.639817000000001,0 -80.633323000000004,35.637531000000003,0 -80.631899000000004,35.636555000000001,0 -80.628783999999996,35.630128999999997,0 -80.626823999999999,35.627712000000002,0 -80.624364999999997,35.622742000000002,0 -80.621842000000001,35.620078999999997,0 -80.620307999999994,35.615000000000002,0 -80.617275000000006,35.612431000000001,0 -80.612281999999993,35.611342999999998,0 -80.610521000000006,35.611179999999997,0 -80.604309999999998,35.609253000000002,0 -80.601239000000007,35.608772999999999,0 -80.594481000000002,35.609343000000003,0 -80.594395000000006,35.606636000000002,0 -80.586843999999999,35.605080000000001,0 -80.586831000000004,35.593618999999997,0 -80.581900000000005,35.592706,0 -80.581631999999999,35.596589000000002,0 -80.581761,35.6023,0 -80.580781000000002,35.603516999999997,0 -80.579806000000005,35.603628,0 -80.578580000000002,35.603678000000002,0 -80.575862000000001,35.603093999999999,0 -80.575398000000007,35.605984999999997,0 -80.570914000000002,35.6036,0 -80.566659999999999,35.602659000000003,0 -80.564486000000002,35.602791000000003,0 -80.565118999999996,35.601208,0 -80.565389999999994,35.600656000000001,0 -80.558108000000004,35.599153000000001,0 -80.549182000000002,35.596317999999997,0 -80.551749999999998,35.596080000000001,0 -80.552565000000001,35.594346000000002,0 -80.551370000000006,35.590969999999999,0 -80.550568999999996,35.590682000000001,0 -80.547713999999999,35.589744000000003,0 -80.561538999999996,35.577244,0 -80.560972000000007,35.575932999999999,0 -80.56371,35.575372999999999,0 -80.564082999999997,35.575035999999997,0 -80.562269000000001,35.574344000000004,0 -80.556223000000003,35.578440000000001,0 -80.554579000000004,35.578856999999999,0 -80.551559999999995,35.582867999999998,0 -80.545561000000006,35.587986000000001,0 -80.544421,35.588949,0 -80.531735999999995,35.599612999999998,0 -80.518084000000002,35.611088000000002,0 -80.495142999999999,35.630350999999997,0 -80.493679,35.632728999999998,0 -80.492418000000001,35.637805,0 -80.490859,35.635829000000001,0 -80.489037999999994,35.636342999999997,0 -80.488529999999997,35.636532000000003,0 -80.488145000000003,35.636732000000002,0 -80.487814,35.636969999999998,0 -80.486261999999996,35.638092,0 -80.486093999999994,35.637931000000002,0 -80.485262000000006,35.638626000000002,0 -80.483834000000002,35.639842999999999,0 -80.480664000000004,35.642482000000001,0 -80.486345,35.644770999999999,0 -80.486434000000003,35.646563,0 -80.485844,35.648136999999998,0 -80.486599999999996,35.649214000000001,0 -80.487298999999993,35.652182000000003,0 -80.489928000000006,35.651763000000003,0 -80.493521999999999,35.649825999999997,0 -80.494370000000004,35.648001999999998,0 -80.496688000000006,35.649312999999999,0 -80.498018000000002,35.650604000000001,0 -80.498001000000002,35.650615000000002,0 -80.499489999999994,35.652819000000001,0 -80.500215999999995,35.655515000000001,0 -80.499267000000003,35.655535999999998,0 -80.499341999999999,35.661566000000001,0 -80.500371000000001,35.661937999999999,0 -80.49933,35.664282,0 -80.499280999999996,35.664478000000003,0 -80.49982,35.671238000000002,0 -80.500657000000004,35.672581000000001,0 -80.500694999999993,35.672624999999996,0 -80.502503000000004,35.674594999999997,0 -80.497172000000006,35.675905999999998,0 -80.496578,35.676904,0 -80.496426,35.678862000000002,0 -80.498448999999994,35.679495000000003,0 -80.501662999999994,35.682443999999997,0 -80.508049999999997,35.684176000000001,0 -80.508786000000001,35.686270999999998,0 -80.512506000000002,35.692813000000001,0 -80.512681000000001,35.693798000000001,0 -80.512544000000005,35.694450000000003,0 -80.512521000000007,35.694501000000002,0 -80.511988000000002,35.695233999999999,0 -80.509514999999993,35.697294999999997,0 -80.508955999999998,35.697862999999998,0 -80.506007999999994,35.700859999999999,0 -80.505668,35.701205000000002,0 -80.500399999999999,35.706507999999999,0 -80.498884000000004,35.707630999999999,0 -80.497467,35.708421999999999,0 -80.496329000000003,35.708899000000002,0 -80.490385000000003,35.711002000000001,0 -80.495194999999995,35.715834999999998,0 -80.491761999999994,35.717058999999999,0 -80.491472999999999,35.718046999999999,0 -80.494619,35.719327999999997,0 -80.495939000000007,35.721102000000002,0 -80.498920999999996,35.721249,0 -80.499086000000005,35.721659000000002,0 -80.501499999999993,35.729187000000003,0 -80.502508000000006,35.732501999999997,0 -80.502672000000004,35.732886999999998,0 -80.499696,35.733539,0 -80.500196000000003,35.734931000000003,0 -80.497551999999999,35.734920000000002,0 -80.497450000000001,35.737591999999999,0 -80.502483999999995,35.737506000000003,0 -80.501208000000005,35.738368000000001,0 -80.501501000000005,35.740437,0 -80.501154,35.743915999999999,0 -80.506556000000003,35.745621999999997,0 -80.50609,35.747959999999999,0 -80.506989000000004,35.751421000000001,0 -80.510171999999997,35.754241999999998,0 -80.511280999999997,35.757421999999998,0 -80.510835999999998,35.762065,0 -80.509895999999998,35.761994000000001,0 -80.507427000000007,35.763775000000003,0 -80.506010000000003,35.764204999999997,0 -80.502219999999994,35.762583999999997,0 -80.500202999999999,35.762171000000002,0 -80.498295999999996,35.762723000000001,0 -80.492630000000005,35.765549999999998,0 -80.487853999999999,35.766275999999998,0 -80.489510999999993,35.768971000000001,0 -80.490527999999998,35.772920999999997,0 -80.492058,35.775841,0 -80.492031999999995,35.778695999999997,0 -80.495087999999996,35.781534000000001,0 -80.496930000000006,35.782601,0 -80.499233000000004,35.783105999999997,0 -80.501430999999997,35.783047000000003,0 -80.503185000000002,35.781818999999999,0 -80.505861999999993,35.778750000000002,0 -80.506454000000005,35.777555999999997,0 -80.506659999999997,35.777701,0 -80.506339999999994,35.778458000000001,0 -80.503833999999998,35.781337999999998,0 -80.501692000000006,35.783132999999999,0 -80.500291000000004,35.783453000000002,0 -80.497393000000002,35.782966999999999,0 -80.495757999999995,35.782288000000001,0 -80.492602000000005,35.779707000000002,0 -80.491703999999999,35.778247,0 -80.492001000000002,35.776024999999997,0 -80.490278000000004,35.772793,0 -80.489637000000002,35.769716000000003,0 -80.487831,35.766607,0 -80.486885999999998,35.766269000000001,0 -80.486400000000003,35.767083,0 -80.487164000000007,35.770215,0 -80.486971999999994,35.771661999999999,0 -80.484774999999999,35.775585999999997,0 -80.483362,35.776311,0 -80.478299000000007,35.774771000000001,0 -80.474586000000002,35.771811999999997,0 -80.471819999999994,35.768355999999997,0 -80.470944000000003,35.765742000000003,0 -80.468856000000002,35.761308,0 -80.469054999999997,35.759265999999997,0 -80.468511000000007,35.756962000000001,0 -80.462423999999999,35.751401999999999,0 -80.461415000000002,35.749865,0 -80.460232000000005,35.745519000000002,0 -80.458922999999999,35.742758000000002,0 -80.455459000000005,35.735919000000003,0 -80.453408999999994,35.734515000000002,0 -80.450558000000001,35.734378,0 -80.446856999999994,35.735345000000002,0 -80.443725999999998,35.735123999999999,0 -80.441995000000006,35.734645,0 -80.436774999999997,35.732176000000003,0 -80.429978000000006,35.729619999999997,0 -80.422899000000001,35.725869000000003,0 -80.418132,35.72392,0 -80.414077000000006,35.722588000000002,0 -80.410210000000006,35.721995,0 -80.407186999999993,35.722023999999998,0 -80.403284999999997,35.722706000000002,0 -80.398252999999997,35.724899000000001,0 -80.394588999999996,35.724792000000001,0 -80.393227999999993,35.724238999999997,0 -80.391413999999997,35.722318999999999,0 -80.390257000000005,35.720362999999999,0 -80.389581000000007,35.719754999999999,0 -80.384951999999998,35.718971000000003,0 -80.382453999999996,35.719835000000003,0 -80.372763000000006,35.716501999999998,0 -80.368733000000006,35.716106000000003,0 -80.363811999999996,35.717320999999998,0 -80.357937000000007,35.717671000000003,0 -80.351643999999993,35.719242000000001,0 -80.346804000000006,35.720019000000001,0 -80.342214999999996,35.721102999999999,0 -80.340097999999998,35.721342999999997,0 -80.336292,35.721100999999997,0 -80.333788999999996,35.720033000000001,0 -80.332379000000003,35.718873000000002,0 -80.329786999999996,35.715412999999998,0 -80.325886999999994,35.711941000000003,0 -80.324275999999998,35.708120000000001,0 -80.324113999999994,35.705824,0 -80.324841000000006,35.703707000000001,0 -80.327686,35.700946000000002,0 -80.330436000000006,35.698864,0 -80.331953999999996,35.697279999999999,0 -80.333669,35.694544999999998,0 -80.334440000000001,35.692112000000002,0 -80.334508999999997,35.689734999999999,0 -80.333316999999994,35.683562999999999,0 -80.330601999999999,35.678798999999998,0 -80.326971,35.675458999999996,0 -80.324033999999997,35.674058000000002,0 -80.317766000000006,35.672680999999997,0 -80.314830000000001,35.671664999999997,0 -80.311515999999997,35.669396999999996,0 -80.307258000000004,35.665678,0 -80.306567999999999,35.663277000000001,0 -80.306715999999994,35.659754,0 -80.306308000000001,35.657001000000001,0 -80.304620999999997,35.65354,0 -80.303655000000006,35.652379000000003,0 -80.303101999999996,35.651825000000002,0 -80.299329999999998,35.649144,0 -80.293195999999995,35.642380000000003,0 -80.291379000000006,35.638478999999997,0 -80.289993999999993,35.636757000000003,0 -80.288292999999996,35.635337,0 -80.283677999999995,35.633344999999998,0 -80.278858999999997,35.632362999999998,0 -80.268724000000006,35.630983000000001,0 -80.264975000000007,35.629598000000001,0 -80.259010000000004,35.625258000000002,0 -80.257109,35.622867999999997,0 -80.255459999999999,35.621716999999997,0 -80.250210999999993,35.619453,0 -80.243447000000003,35.614429999999999,0 -80.241425000000007,35.612318000000002,0 -80.257064999999997,35.601796,0 -80.262225999999998,35.597912999999998,0 -80.267002000000005,35.595350000000003,0 -80.268079999999998,35.593893000000001,0 -80.270195999999999,35.594161,0 -80.273314999999997,35.592066000000003,0 -80.276240999999999,35.591988000000001,0 -80.273221000000007,35.590058999999997,0 -80.267041000000006,35.589877000000001,0 -80.263142000000002,35.588914000000003,0 -80.260941000000003,35.586784999999999,0 -80.260164000000003,35.585194999999999,0 -80.260391999999996,35.583132999999997,0 -80.266238999999999,35.583626000000002,0 -80.271338,35.583103999999999,0 -80.271457999999996,35.57929,0 -80.272019999999998,35.578166000000003,0 -80.275994999999995,35.578313999999999,0 -80.276596999999995,35.576118000000001,0 -80.273947000000007,35.575997999999998,0 -80.274107999999998,35.568247999999997,0 -80.277079000000001,35.569051000000002,0 -80.282058000000006,35.568891000000001,0 -80.286876000000007,35.569572999999998,0 -80.286274000000006,35.576439000000001,0 -80.285349999999994,35.577604000000001,0 -80.294811999999993,35.582166999999998,0 -80.292422000000002,35.585228000000001,0 -80.290559000000002,35.585149000000001,0 -80.289465000000007,35.586029000000003,0 -80.293796999999998,35.586174999999997,0 -80.300147999999993,35.583486000000001,0 -80.306552999999994,35.583601000000002,0 -80.310438000000005,35.58437,0 -80.312566000000004,35.583930000000002,0 -80.314456000000007,35.581321000000003,0 -80.318796000000006,35.581254000000001,0 -80.320308999999995,35.578197000000003,0 -80.320937999999998,35.575383000000002,0 -80.321549000000005,35.575660999999997,0 -80.321347000000003,35.578606999999998,0 -80.320231000000007,35.579953000000003,0 -80.320682000000005,35.581448000000002,0 -80.319019999999995,35.584871999999997,0 -80.319560999999993,35.585349999999998,0 -80.323172999999997,35.585450999999999,0 -80.323455999999993,35.584482999999999,0 -80.327149000000006,35.584885999999997,0 -80.327149000000006,35.584159999999997,0 -80.329401000000004,35.581898000000002,0 -80.330658999999997,35.581375000000001,0 -80.335127999999997,35.582011999999999,0 -80.335374000000002,35.581223999999999,0 -80.336014000000006,35.581525999999997,0 -80.336337,35.580984999999998,0 -80.338616999999999,35.579962999999999,0 -80.339590000000001,35.578676999999999,0 -80.342815000000002,35.580761000000003,0 -80.341970000000003,35.580924000000003,0 -80.339344999999994,35.583140999999998,0 -80.348842000000005,35.588191000000002,0 -80.350453999999999,35.588689000000002,0 -80.351442000000006,35.587114,0 -80.351247999999998,35.583052000000002,0 -80.353808000000001,35.580297999999999,0 -80.352422000000004,35.576478999999999,0 -80.353464000000002,35.574088000000003,0 -80.352379999999997,35.571514999999998,0 -80.353570000000005,35.569755999999998,0 -80.353125000000006,35.568331999999998,0 -80.35445,35.567124,0 -80.353881000000001,35.565533000000002,0 -80.356082999999998,35.564736000000003,0 -80.356406000000007,35.564995000000003,0 -80.357508999999993,35.563916999999996,0 -80.361194999999995,35.563549000000002,0 -80.363510000000005,35.565454000000003,0 -80.365223,35.564511000000003,0 -80.366598999999994,35.565652,0 -80.369483000000002,35.563972999999997,0 -80.374080000000006,35.565640999999999,0 -80.375834999999995,35.564996999999998,0 -80.378934000000001,35.566453000000003,0 -80.381923999999998,35.566367,0 -80.383308999999997,35.565066000000002,0 -80.384725000000003,35.563918000000001,0 -80.384866000000002,35.563887999999999,0 -80.389904000000001,35.563558,0 -80.394221000000002,35.563690999999999,0 -80.397035000000002,35.561855999999999,0 -80.398418000000007,35.563872000000003,0 -80.394808999999995,35.563763999999999,0 -80.394380999999996,35.567317000000003,0 -80.397923000000006,35.567636,0 -80.400723999999997,35.566665999999998,0 -80.403839000000005,35.569746000000002,0 -80.407364999999999,35.571499000000003,0 -80.409936999999999,35.574711999999998,0 -80.413375000000002,35.577412000000002,0 -80.414947999999995,35.578276000000002,0 -80.416229000000001,35.576653999999998,0 -80.418170000000003,35.577269000000001,0 -80.419737999999995,35.575422000000003,0 -80.421661999999998,35.573636,0 -80.424182000000002,35.570135999999998,0 -80.430167999999995,35.569290000000002,0 -80.429828000000001,35.574221999999999,0 -80.433453999999998,35.574123999999998,0 -80.433644000000001,35.576022000000002,0 -80.437747999999999,35.575636000000003,0 -80.446275999999997,35.568488000000002,0 -80.444638999999995,35.568249999999999,0 -80.445250000000001,35.56418,0 -80.445340000000002,35.561169999999997,0 -80.444306999999995,35.560743000000002,0 -80.442663999999994,35.558509000000001,0 -80.447168000000005,35.558290999999997,0 -80.450169000000002,35.556989000000002,0 -80.453163000000004,35.556941000000002,0 -80.453417000000002,35.554665999999997,0 -80.455252999999999,35.554955999999997,0 -80.455588000000006,35.553572000000003,0 -80.453128000000007,35.553308000000001,0 -80.453316000000001,35.55153,0 -80.450468999999998,35.551082000000001,0 -80.450684999999993,35.548783999999998,0 -80.452275,35.548898999999999,0 -80.452555000000004,35.547913000000001,0 -80.451599000000002,35.547199999999997,0 -80.451091000000005,35.541660999999998,0 -80.448757000000001,35.535865999999999,0 -80.453665999999998,35.541274000000001,0 -80.453779999999995,35.544179999999997,0 -80.455865000000003,35.548442999999999,0 -80.458749999999995,35.548918999999998,0 -80.458623000000003,35.551946999999998,0 -80.459108000000001,35.553750999999998,0 -80.461144000000004,35.554651999999997,0 -80.463385000000002,35.554327999999998,0 -80.464949000000004,35.553018000000002,0 -80.469271000000006,35.553158000000003,0 -80.469271000000006,35.554073000000002,0 -80.472330999999997,35.554178,0 -80.478815999999995,35.554020999999999,0 -80.479652000000002,35.552529999999997,0 -80.480997000000002,35.55274,0 -80.481226000000007,35.551346000000002,0 -80.476557999999997,35.550293000000003,0 -80.471365000000006,35.548594000000001,0 -80.479209999999995,35.543286999999999,0 -80.477125000000001,35.541967,0 -80.476000999999997,35.538848000000002,0 -80.470313000000004,35.538182999999997,0 -80.470634000000004,35.536462,0 -80.468845000000002,35.536554000000002,0 -80.466641999999993,35.535384000000001,0 -80.462399000000005,35.538527000000002,0 -80.459577999999993,35.538285999999999,0 -80.459801999999996,35.532964,0 -80.458855,35.532881000000003,0 -80.456498999999994,35.531824,0 -80.456710999999999,35.531688000000003,0 -80.457221000000004,35.531412000000003,0 -80.458916000000002,35.530121999999999,0 -80.459924000000001,35.530020999999998,0 -80.462091999999998,35.530543000000002,0 -80.462824999999995,35.532178999999999,0 -80.463851000000005,35.531351999999998,0 -80.468193999999997,35.531148000000002,0 -80.470371999999998,35.533943999999998,0 -80.471816000000004,35.534232000000003,0 -80.476934999999997,35.533934000000002,0 -80.479817999999995,35.535589999999999,0 -80.484256999999999,35.536921,0 -80.483900000000006,35.535499000000002,0 -80.484879000000006,35.528300000000002,0 -80.489884000000004,35.528602999999997,0 -80.489457000000002,35.532859999999999,0 -80.488887000000005,35.533537000000003,0 -80.493211000000002,35.533360999999999,0 -80.496015999999997,35.539194000000002,0 -80.496759999999995,35.544029999999999,0 -80.500416000000001,35.547880999999997,0 -80.499078999999995,35.548912000000001,0 -80.498960999999994,35.54786,0 -80.495637000000002,35.548020999999999,0 -80.495673999999994,35.546959000000001,0 -80.492375999999993,35.544443999999999,0 -80.490643000000006,35.544462000000003,0 -80.489320000000006,35.543641999999998,0 -80.488668000000004,35.544705,0 -80.486785999999995,35.544697999999997,0 -80.486749000000003,35.546362999999999,0 -80.488052999999994,35.546382000000001,0 -80.487829000000005,35.547778999999998,0 -80.484269999999995,35.547556,0 -80.483114999999998,35.548803999999997,0 -80.483631000000003,35.551583000000001,0 -80.486097999999998,35.551755,0 -80.486750999999998,35.556866999999997,0 -80.486746999999994,35.561579999999999,0 -80.491856999999996,35.561947000000004,0 -80.495462000000003,35.563043,0 -80.495537999999996,35.562305000000002,0 -80.496223000000001,35.560589999999998,0 -80.499645000000001,35.560125999999997,0 -80.503248999999997,35.560811000000001,0 -80.505103000000005,35.557330999999998,0 -80.502567999999997,35.556838999999997,0 -80.503101000000001,35.553908,0 -80.501228999999995,35.553525999999998,0 -80.505326999999994,35.550840000000001,0 -80.505745000000005,35.550483999999997,0 -80.506949000000006,35.548675000000003,0 -80.506551999999999,35.535623999999999,0 -80.504344000000003,35.535397000000003,0 -80.503268000000006,35.534264999999998,0 -80.503296000000006,35.531801999999999,0 -80.501525000000001,35.530275000000003,0 -80.500775000000004,35.530253999999999,0 -80.501594999999995,35.528087999999997,0 -80.508187000000007,35.527320000000003,0 -80.515444000000002,35.523527000000001,0 -80.518159999999995,35.525053,0 -80.524152000000001,35.526826,0 -80.524540999999999,35.523884000000002,0 -80.528328000000002,35.520138000000003,0 -80.532251000000002,35.521586999999997,0 -80.534488999999994,35.522376000000001,0 -80.536551000000003,35.519455999999998,0 -80.538217000000003,35.516106000000001,0 -80.539658000000003,35.514814000000001,0 -80.545404000000005,35.514758,0 -80.545508999999996,35.515763,0 -80.546813999999998,35.512759000000003,0 -80.548292000000004,35.511285000000001,0 -80.551553999999996,35.512182000000003,0 -80.551848000000007,35.510796999999997,0 -80.551848000000007,35.509872000000001,0 -80.546648000000005,35.508397000000002,0 -80.541355999999993,35.508122999999998,0 -80.542704999999998,35.505459999999999,0 -80.544762000000006,35.505152000000002,0 -80.543260000000004,35.50356,0 -80.544503000000006,35.502887999999999,0 -80.538467999999995,35.502903000000003,0 -80.531682000000004,35.502840999999997,0 -80.530216999999993,35.502718000000002,0 -80.528372000000005,35.500124999999997,0 -80.526973999999996,35.496214999999999,0 -80.525711000000001,35.494812000000003,0 -80.523167999999998,35.492432999999998,0 -80.520196999999996,35.491582999999999,0 -80.517733000000007,35.492041999999998,0 -80.517120000000006,35.490459000000001,0 -80.513363999999996,35.485888000000003,0 -80.506128000000004,35.491197999999997,0 -80.504760000000005,35.488782999999998,0 -80.504292000000007,35.488250000000001,0 -80.503781000000004,35.48751,0 -80.502156999999997,35.484237999999998,0 -80.501760000000004,35.482441999999999,0 -80.493381999999997,35.483840000000001,0 -80.494783999999996,35.491574999999997,0 -80.486266999999998,35.491816999999998,0 -80.485135,35.493974000000001,0 -80.481234999999998,35.493310000000001,0 -80.480025999999995,35.493561,0 -80.461207999999999,35.492195000000002,0 -80.461252999999999,35.490541,0 -80.462425999999994,35.488219999999998,0 -80.462092999999996,35.486441999999997,0 -80.463296,35.485888000000003,0 -80.464691000000002,35.483203000000003,0 -80.454751000000002,35.470990999999998,0 -80.452517999999998,35.471733,0 -80.450348000000005,35.472397999999998,0 -80.449780000000004,35.470739999999999,0 -80.445618999999994,35.469307000000001,0 -80.442832999999993,35.466732999999998,0 -80.443415999999999,35.463670999999998,0 -80.440921000000003,35.460557999999999,0 -80.441034000000002,35.458545999999998,0 -80.439081999999999,35.457371999999999,0 -80.438928000000004,35.453535000000002,0 -80.438196000000005,35.451734000000002,0 -80.438663000000005,35.449463999999999,0 -80.437366999999995,35.447957000000002,0 -80.435232999999997,35.447101000000004,0 -80.433817000000005,35.448303000000003,0 -80.434680999999998,35.446103000000001,0 -80.434490999999994,35.444794000000002,0 -80.433147000000005,35.445146000000001,0 -80.432308000000006,35.444220000000001,0 -80.435706999999994,35.440314000000001,0 -80.437901999999994,35.440764000000001,0 -80.438761999999997,35.439889999999998,0 -80.437254999999993,35.437429000000002,0 -80.435858999999994,35.434356999999999,0 -80.437241999999998,35.430968,0 -80.439269999999993,35.429214000000002,0 -80.441790999999995,35.429853999999999,0 -80.442464000000001,35.427821999999999,0 -80.444241000000005,35.429955,0 -80.445141000000007,35.432420999999998,0 -80.445043999999996,35.437739999999998,0 -80.444882000000007,35.438071000000001,0 -80.452290000000005,35.434671999999999,0 -80.462846999999996,35.429406,0 -80.466897000000003,35.425438999999997,0 -80.475577999999999,35.419994000000003,0 -80.475261000000003,35.417758999999997,0 -80.477117000000007,35.416114999999998,0 -80.475498999999999,35.415666000000002,0 -80.478176000000005,35.411929000000001,0 -80.479257000000004,35.410234000000003,0 -80.479214999999996,35.409683999999999,0 -80.478427999999994,35.407595000000001,0 -80.478759999999994,35.403359000000002,0 -80.480941000000001,35.397776,0 -80.481170000000006,35.395522,0 -80.480992000000001,35.394889999999997,0 -80.490039999999993,35.390782000000002,0 -80.490930000000006,35.390393000000003,0 -80.492749000000003,35.389578999999998,0 -80.492671000000001,35.389383000000002,0 -80.493594000000002,35.388969000000003,0 -80.492915999999994,35.387653,0 -80.489635000000007,35.383831999999998,0 -80.487302,35.382275999999997,0 -80.484770999999995,35.381666000000003,0 -80.484009999999998,35.381425999999998,0 -80.481711000000004,35.385122000000003,0 -80.476431000000005,35.385268000000003,0 -80.476231999999996,35.386969000000001,0 -80.468811000000002,35.385348,0 -80.470350999999994,35.382531999999998,0 -80.470730000000003,35.380944,0 -80.468192999999999,35.381646000000003,0 -80.467271999999994,35.384639999999997,0 -80.462192000000002,35.387461000000002,0 -80.458737999999997,35.388727000000003,0 -80.452408000000005,35.393735999999997,0 -80.450434000000001,35.389000000000003,0 -80.447652000000005,35.388981000000001,0 -80.447124000000002,35.387326999999999,0 -80.450659999999999,35.381050000000002,0 -80.456320000000005,35.382044999999998,0 -80.456626999999997,35.381829000000003,0 -80.452787999999998,35.378746,0 -80.448965000000001,35.377288,0 -80.452276999999995,35.372396000000002,0 -80.450985000000003,35.371229,0 -80.452691000000002,35.369261000000002,0 -80.450620999999998,35.36909,0 -80.448749000000007,35.367395000000002,0 -80.448276000000007,35.365946999999998,0 -80.449595000000002,35.362946000000001,0 -80.446539000000001,35.361209000000002,0 -80.445367000000005,35.358255,0 -80.443603999999993,35.357868000000003,0 -80.442515,35.358603000000002,0 -80.441255999999996,35.357253,0 -80.439689000000001,35.356794999999998,0 -80.437956999999997,35.353361,0 -80.439384000000004,35.353015999999997,0 -80.440528,35.351568999999998,0 -80.439885000000004,35.349511,0 -80.437674000000001,35.347264000000003,0 -80.437704999999994,35.346325999999998,0 -80.443072000000001,35.340463,0 -80.445937999999998,35.338109000000003,0 -80.443714,35.336882000000003,0 -80.442877999999993,35.336675,0 -80.439358999999996,35.333571999999997,0 -80.440842000000004,35.329866000000003,0 -80.435242000000002,35.326118999999998,0 -80.439853999999997,35.321629999999999,0 -80.438989000000007,35.319777000000002,0 -80.440471000000002,35.318871999999999,0 -80.441748000000004,35.319941999999998,0 -80.449571000000006,35.312654000000002,0 -80.445867000000007,35.310892000000003,0 -80.44932,35.308207000000003,0 -80.449979999999996,35.308179000000003,0 -80.450597000000002,35.308456999999997,0 -80.454271000000006,35.311300000000003,0 -80.460594999999998,35.313442999999999,0 -80.463177000000002,35.313884999999999,0 -80.464888999999999,35.314405999999998,0 -80.466121999999999,35.312750000000001,0 -80.463605999999999,35.311765999999999,0 -80.466679999999997,35.308368999999999,0 -80.468884000000003,35.304771000000002,0 -80.470427999999998,35.303167000000002,0 -80.474894000000006,35.300469,0 -80.474513999999999,35.298164,0 -80.473128000000003,35.296104999999997,0 -80.481553000000005,35.285843999999997,0 -80.482592999999994,35.283515000000001,0 -80.485591999999997,35.282159,0 -80.487812000000005,35.281364000000004,0 -80.488091999999995,35.282231000000003,0 -80.486976999999996,35.284084,0 -80.490386000000001,35.287244999999999,0 -80.488744999999994,35.289279999999998,0 -80.488961000000003,35.292639999999999,0 -80.488810000000001,35.298653999999999,0 -80.488214999999997,35.300266000000001,0 -80.495772000000002,35.299939999999999,0 -80.492722999999998,35.296362999999999,0 -80.493836999999999,35.295014000000002,0 -80.494833999999997,35.295307999999999,0 -80.496401000000006,35.291182999999997,0 -80.493768000000003,35.289239999999999,0 -80.495531999999997,35.285992999999998,0 -80.504506000000006,35.291105999999999,0 -80.503742000000003,35.292990000000003,0 -80.505092000000005,35.293446000000003,0 -80.506642999999997,35.296014,0 -80.509202000000002,35.294348999999997,0 -80.509939000000003,35.295189999999998,0 -80.512758000000005,35.294448000000003,0 -80.514010999999996,35.299849000000002,0 -80.518885999999995,35.298515999999999,0 -80.522022000000007,35.298144999999998,0 -80.532501999999994,35.300454000000002,0 -80.533422000000002,35.293559000000002,0 -80.539083000000005,35.293064999999999,0 -80.540567999999993,35.291932000000003,0 -80.543380999999997,35.294901000000003,0 -80.542365000000004,35.295642999999998,0 -80.545490999999998,35.296776999999999,0 -80.547990999999996,35.296855000000001,0 -80.549728000000002,35.288781,0 -80.554370000000006,35.289813000000002,0 -80.558376999999993,35.289853999999998,0 -80.564751000000001,35.292644000000003,0 -80.566850000000002,35.290857000000003,0 -80.567757,35.290061000000001,0 -80.574738999999994,35.288088999999999,0 -80.585035000000005,35.290616999999997,0 -80.585138999999998,35.287832000000002,0 -80.586506,35.286087999999999,0 -80.586282999999995,35.283752,0 -80.587816000000004,35.281809000000003,0 -80.586982000000006,35.280039000000002,0 -80.587714000000005,35.279100999999997,0 -80.585132999999999,35.279017000000003,0 -80.585441000000003,35.276195999999999,0 -80.581284999999994,35.276108999999998,0 -80.582430000000002,35.272157999999997,0 -80.579275999999993,35.271662999999997,0 -80.579338000000007,35.270488,0 -80.588954000000001,35.270673000000002,0 -80.590834999999998,35.271062000000001,0 -80.591921999999997,35.268431999999997,0 -80.588744000000005,35.262391999999998,0 -80.588479000000007,35.260536000000002,0 -80.588836999999998,35.258918999999999,0 -80.593514999999996,35.252609,0 -80.594414,35.249980999999998,0 -80.592939999999999,35.240982000000002,0 -80.596546000000004,35.238300000000002,0 -80.598185000000001,35.235653999999997,0 -80.599733000000001,35.234105,0 -80.599535000000003,35.234006999999998,0 -80.589127000000005,35.228625999999998,0 -80.591004999999996,35.227257999999999,0 -80.588650999999999,35.216414,0 -80.584334999999996,35.217196999999999,0 -80.582503000000003,35.214286000000001,0 -80.578113999999999,35.212862999999999,0 -80.579329000000001,35.212285000000001,0 -80.579678999999999,35.208570000000002,0 -80.579300000000003,35.201095000000002,0 -80.572884999999999,35.200330000000001,0 -80.571319000000003,35.197660999999997,0 -80.567629999999994,35.200363000000003,0 -80.567423000000005,35.203024999999997,0 -80.566761999999997,35.204214,0 -80.564310000000006,35.205153000000003,0 -80.562798999999998,35.204923999999998,0 -80.561537999999999,35.206035,0 -80.560677999999996,35.205298999999997,0 -80.557794000000001,35.205627999999997,0 -80.555396999999999,35.204321999999998,0 -80.579386999999997,35.185015999999997,0 -80.599734999999995,35.168644999999998,0 -80.598624000000001,35.168345000000002,0 -80.597202999999993,35.167786,0 -80.600550999999996,35.162052000000003,0 -80.601302000000004,35.159855,0 -80.601268000000005,35.158873999999997,0 -80.596176999999997,35.160950999999997,0 -80.592612000000003,35.161797999999997,0 -80.590106000000006,35.165115999999998,0 -80.587065999999993,35.163978999999998,0 -80.589690000000004,35.161864000000001,0 -80.591721000000007,35.157890999999999,0 -80.592839999999995,35.156505000000003,0 -80.593295999999995,35.153562000000001,0 -80.595213999999999,35.152830999999999,0 -80.597823000000005,35.149607000000003,0 -80.600178999999997,35.150163999999997,0 -80.600776999999994,35.149123000000003,0 -80.602860000000007,35.145197000000003,0 -80.603166999999999,35.143143999999999,0 -80.602926999999994,35.141530000000003,0 -80.602581999999998,35.138193999999999,0 -80.601270999999997,35.132854999999999,0 -80.601758000000004,35.131219999999999,0 -80.601809000000003,35.131287999999998,0 -80.602181000000002,35.131591999999998,0 -80.606691999999995,35.131768999999998,0 -80.610647999999998,35.134385999999999,0 -80.615564000000006,35.136541999999999,0 -80.617352999999994,35.131709000000001,0 -80.621267000000003,35.127352999999999,0 -80.622629000000003,35.125791999999997,0 -80.623384000000001,35.126534999999997,0 -80.624577000000002,35.126320999999997,0 -80.625512000000001,35.125905000000003,0 -80.625675000000001,35.125870999999997,0 -80.625900000000001,35.125883999999999,0 -80.626206999999994,35.126047999999997,0 -80.626433000000006,35.126139000000002,0 -80.626845000000003,35.126392000000003,0 -80.627270999999993,35.126483,0 -80.628540999999998,35.126649,0 -80.629230000000007,35.126395000000002,0 -80.631621999999993,35.125216000000002,0 -80.634676999999996,35.125979000000001,0 -80.635068000000004,35.125478999999999,0 -80.635392999999993,35.125171000000002,0 -80.638577999999995,35.118955,0 -80.640153999999995,35.120136000000002,0 -80.642495999999994,35.118997999999998,0 -80.644289000000001,35.120584999999998,0 -80.645712000000003,35.119692000000001,0 -80.649297000000004,35.115887000000001,0 -80.645571000000004,35.111401000000001,0 -80.645311000000007,35.110697999999999,0 -80.643815000000004,35.110000999999997,0 -80.645242999999994,35.109063999999996,0 -80.645920000000004,35.108525,0 -80.646990000000002,35.107695,0 -80.648426999999998,35.105742999999997,0 -80.649759000000003,35.105282000000003,0 -80.650810000000007,35.105545999999997,0 -80.651268999999999,35.105648000000002,0 -80.651679000000001,35.105170999999999,0 -80.651758000000001,35.105023000000003,0 -80.652195000000006,35.104650999999997,0 -80.652775000000005,35.104373000000002,0 -80.653031999999996,35.104371999999998,0 -80.655306999999993,35.103254999999997,0 -80.655631,35.103009,0 -80.657133999999999,35.101272000000002,0 -80.657624999999996,35.100976000000003,0 -80.658135999999999,35.101590999999999,0 -80.660456999999994,35.100017999999999,0 -80.660601,35.098703999999998,0 -80.662075000000002,35.098796,0 -80.660507999999993,35.095334999999999,0 -80.659931,35.094062000000001,0 -80.661642999999998,35.094102999999997,0 -80.663651000000002,35.095587000000002,0 -80.664584000000005,35.096282000000002,0 -80.666261000000006,35.094161,0 -80.664208000000002,35.092633999999997,0 -80.663005999999996,35.092523,0 -80.662295,35.093870000000003,0 -80.660881000000003,35.093549000000003,0 -80.661838000000003,35.091669000000003,0 -80.663259999999994,35.090969000000001,0 -80.664731000000003,35.090542999999997,0 -80.664786000000007,35.090741000000001,0 -80.666139999999999,35.090622000000003,0 -80.667923000000002,35.090829999999997,0 -80.664473999999998,35.087589000000001,0 -80.664119999999997,35.087255999999996,0 -80.667805999999999,35.085427000000003,0 -80.669175999999993,35.084747999999998,0 -80.670968999999999,35.084837999999998,0 -80.671121999999997,35.085403999999997,0 -80.672483,35.084193999999997,0 -80.672798,35.083567000000002,0 -80.674165000000002,35.082447999999999,0 -80.674546000000007,35.082751999999999,0 -80.676455000000004,35.084242000000003,0 -80.677867000000006,35.083013999999999,0 -80.672996999999995,35.076804000000003,0 -80.674024000000003,35.075778999999997,0 -80.672988000000004,35.074731999999997,0 -80.675358000000003,35.071053999999997,0 -80.676293000000001,35.071756000000001,0 -80.677646999999993,35.075991999999999,0 -80.679350999999997,35.078431999999999,0 -80.679986,35.078454000000001,0 -80.681652,35.078201999999997,0 -80.685108,35.074522000000002,0 -80.682069999999996,35.071457000000002,0 -80.684027,35.071027000000001,0 -80.683465999999996,35.069190999999996,0 -80.686735999999996,35.068019999999997,0 -80.685918000000001,35.067335,0 -80.685985000000002,35.065589000000003,0 -80.684593000000007,35.066473000000002,0 -80.685336000000007,35.060977999999999,0 -80.686811000000006,35.060982000000003,0 -80.687111000000002,35.058380999999997,0 -80.683902000000003,35.058031,0 -80.683452000000003,35.056463999999998,0 -80.682449000000005,35.056376999999998,0 -80.682499000000007,35.056032999999999,0 -80.682664000000003,35.055079999999997,0 -80.683678,35.054904000000001,0 -80.684443000000002,35.054786,0 -80.685849000000005,35.054369000000001,0 -80.685626999999997,35.052093999999997,0 -80.691927000000007,35.051344999999998,0 -80.692036999999999,35.049539000000003,0 -80.689549999999997,35.048783,0 -80.691316999999998,35.045611999999998,0 -80.688440999999997,35.04242,0 -80.687808000000004,35.042346999999999,0 -80.688038000000006,35.040576000000001,0 -80.688407999999995,35.040030000000002,0 -80.691417999999999,35.033937999999999,0 -80.689266000000003,35.031213000000001,0 -80.688248000000002,35.030808999999998,0 -80.689363,35.029479000000002,0 -80.689931000000001,35.028509,0 -80.691681000000003,35.024104000000001,0 -80.691578000000007,35.023834999999998,0 -80.690088000000003,35.023629999999997,0 -80.685173000000006,35.022382,0 -80.678538000000003,35.019758000000003,0 -80.678188000000006,35.020502,0 -80.675011999999995,35.018982000000001,0 -80.673951000000002,35.018667000000001,0 -80.673615999999996,35.018369,0 -80.672258999999997,35.018751999999999,0 -80.669083999999998,35.019328000000002,0 -80.667744999999996,35.019542999999999,0 -80.668766000000005,35.020597000000002,0 -80.665569000000005,35.024068999999997,0 -80.663077999999999,35.02581,0 -80.662638999999999,35.026321000000003,0 -80.660685000000001,35.028458999999998,0 -80.659322000000003,35.029538000000002,0 -80.657859999999999,35.03078,0 -80.656508000000002,35.034726999999997,0 -80.656398999999993,35.035355000000003,0 -80.656283999999999,35.036517000000003,0 -80.656216999999998,35.036982000000002,0 -80.655946,35.038004999999998,0 -80.654741999999999,35.039301999999999,0 -80.648540999999994,35.045084000000003,0 -80.647549999999995,35.045921999999997,0 -80.645582000000005,35.047474999999999,0 -80.642888999999997,35.050465000000003,0 -80.639743999999993,35.055166999999997,0 -80.639698999999993,35.055239999999998,0 -80.639516999999998,35.055560999999997,0 -80.636947000000006,35.06062,0 -80.635059999999996,35.062296000000003,0 -80.633244000000005,35.063778999999997,0 -80.631895,35.064700000000002,0 -80.632247000000007,35.065871999999999,0 -80.635042999999996,35.065579999999997,0 -80.638041000000001,35.067822999999997,0 -80.635479000000004,35.068832,0 -80.631585000000001,35.070402000000001,0 -80.630245000000002,35.071725000000001,0 -80.627369999999999,35.071725000000001,0 -80.627583000000001,35.069468000000001,0 -80.623729999999995,35.070461999999999,0 -80.623323999999997,35.071739000000001,0 -80.621576000000005,35.071725000000001,0 -80.620838000000006,35.071742,0 -80.619819000000007,35.072299999999998,0 -80.617744000000002,35.068942,0 -80.616934000000001,35.066547999999997,0 -80.612707,35.066372000000001,0 -80.613697999999999,35.068939999999998,0 -80.615823000000006,35.06897,0 -80.615582000000003,35.072215,0 -80.614018999999999,35.071657000000002,0 -80.614980000000003,35.074537999999997,0 -80.612545999999995,35.075612,0 -80.610646000000003,35.076680000000003,0 -80.601217000000005,35.068814000000003,0 -80.600828000000007,35.068783000000003,0 -80.599012999999999,35.06729,0 -80.597534999999993,35.066231000000002,0 -80.596654999999998,35.067250000000001,0 -80.596018000000001,35.068179999999998,0 -80.596379999999996,35.068742999999998,0 -80.596241000000006,35.068742,0 -80.594171000000003,35.068714,0 -80.596174000000005,35.071040000000004,0 -80.592426000000003,35.075009999999999,0 -80.590580000000003,35.074787999999998,0 -80.588330999999997,35.074531,0 -80.586371,35.074447999999997,0 -80.586286000000001,35.073051999999997,0 -80.588192000000006,35.073529999999998,0 -80.588476999999997,35.071340999999997,0 -80.586252999999999,35.070180999999998,0 -80.583699999999993,35.072099999999999,0 -80.580409000000003,35.071677000000001,0 -80.580061000000001,35.072839999999999,0 -80.577567999999999,35.072491999999997,0 -80.577023999999994,35.073039999999999,0 -80.577256000000006,35.072037999999999,0 -80.575179000000006,35.071789000000003,0 -80.575226000000001,35.071945999999997,0 -80.575822000000002,35.073832000000003,0 -80.573738000000006,35.074432999999999,0 -80.569316000000001,35.077907000000003,0 -80.566885999999997,35.08023,0 -80.567778000000004,35.081018999999998,0 -80.568147999999994,35.082493999999997,0 -80.567209000000005,35.083471000000003,0 -80.566153999999997,35.084707999999999,0 -80.566215,35.085098000000002,0 -80.566723999999994,35.088481000000002,0 -80.566879,35.088853,0 -80.569001,35.091293999999998,0 -80.564707999999996,35.093992999999998,0 -80.561007000000004,35.095607999999999,0 -80.559252000000001,35.101461999999998,0 -80.558268999999996,35.102941000000001,0 -80.557355999999999,35.104112999999998,0 -80.555057000000005,35.107109999999999,0 -80.554698999999999,35.10783,0 -80.548512000000002,35.106234000000001,0 -80.547843999999998,35.107703999999998,0 -80.546758999999994,35.107478,0 -80.547301000000004,35.109954999999999,0 -80.545652000000004,35.114548999999997,0 -80.537171999999998,35.117204000000001,0 -80.536105000000006,35.122990999999999,0 -80.536878999999999,35.12894,0 -80.538942000000006,35.128304,0 -80.539513999999997,35.126994000000003,0 -80.543691999999993,35.127485999999998,0 -80.546391999999997,35.131126000000002,0 -80.545983000000007,35.135095999999997,0 -80.545034000000001,35.137979999999999,0 -80.543925999999999,35.139724999999999,0 -80.539833999999999,35.138362000000001,0 -80.537606999999994,35.138317000000001,0 -80.537987999999999,35.145732000000002,0 -80.535514000000006,35.152304999999998,0 -80.535467999999995,35.153821999999998,0 -80.538234000000003,35.159789000000004,0 -80.542518000000001,35.168833999999997,0 -80.538677000000007,35.167827000000003,0 -80.530637999999996,35.164270000000002,0 -80.529186999999993,35.163345999999997,0 -80.527074999999996,35.166795999999998,0 -80.524519999999995,35.168554999999998,0 -80.521967000000004,35.169251000000003,0 -80.519827000000006,35.170717000000003,0 -80.516001000000003,35.174579000000001,0 -80.515523999999999,35.177157000000001,0 -80.511581000000007,35.176178999999998,0 -80.507107000000005,35.178215000000002,0 -80.504445000000004,35.181120999999997,0 -80.503359000000003,35.181651000000002,0 -80.500950000000003,35.180577999999997,0 -80.495856000000003,35.179676000000001,0 -80.493136000000007,35.178739,0 -80.489842999999993,35.175795000000001,0 -80.488414000000006,35.175493000000003,0 -80.486012000000002,35.176254999999998,0 -80.484655000000004,35.177309999999999,0 -80.483197000000004,35.179561,0 -80.481140999999994,35.180075000000002,0 -80.478975000000005,35.179313999999998,0 -80.477530999999999,35.178238999999998,0 -80.476720999999998,35.176220000000001,0 -80.477002999999996,35.173088,0 -80.476224000000002,35.171801000000002,0 -80.474478000000005,35.170499,0 -80.472730999999996,35.169877999999997,0 -80.471435,35.169159000000001,0 -80.470380000000006,35.167251,0 -80.468186000000003,35.166694,0 -80.467425000000006,35.167110999999998,0 -80.464967999999999,35.170140000000004,0 -80.463543000000001,35.170327,0 -80.461647999999997,35.168985999999997,0 -80.460127,35.165733000000003,0 -80.459346999999994,35.165076999999997,0 -80.456440999999998,35.164281000000003,0 -80.455143000000007,35.164394999999999,0 -80.453106000000005,35.165505000000003,0 -80.447228999999993,35.164796000000003,0 -80.444180000000003,35.163556,0 -80.441768999999994,35.161507999999998,0 -80.439864999999998,35.161042000000002,0 -80.437498000000005,35.163072999999997,0 -80.436931000000001,35.164212999999997,0 -80.435204999999996,35.165387000000003,0 -80.432867999999999,35.166086,0 -80.430676000000005,35.166082000000003,0 -80.428191999999996,35.167577999999999,0 -80.425689000000006,35.170059999999999,0 -80.419262000000003,35.172863999999997,0 -80.417782000000003,35.172351999999997,0 -80.416426000000001,35.170589999999997,0 -80.415670000000006,35.168685000000004,0 -80.415744000000004,35.166491999999998,0 -80.413004000000001,35.163815999999997,0 -80.411496999999997,35.163317999999997,0 -80.408556000000004,35.163747000000001,0 -80.405434999999997,35.166490000000003,0 -80.403267,35.167243999999997,0 -80.400947000000002,35.167268,0 -80.398295000000005,35.165582000000001,0 -80.396277999999995,35.165489000000001,0 -80.394436999999996,35.165776000000001,0 -80.390647000000001,35.165654000000004,0 -80.388328000000001,35.165861999999997,0 -80.385152000000005,35.168033000000001,0 -80.379593,35.172784,0 -80.378155000000007,35.175933000000001,0 -80.376772000000003,35.177506999999999,0 -80.374633000000003,35.178685999999999,0 -80.370975000000001,35.179701999999999,0 -80.368573999999995,35.179076999999999,0 -80.366011,35.175739999999998,0 -80.365039999999993,35.172060000000002,0 -80.364180000000005,35.170271,0 -80.362499999999997,35.169061999999997,0 -80.360568000000001,35.166626999999998,0 -80.357626999999994,35.164881999999999,0 -80.354660999999993,35.165495,0 -80.353359999999995,35.166713000000001,0 -80.352078000000006,35.168895999999997,0 -80.350644000000003,35.169392000000002,0 -80.347530000000006,35.168854000000003,0 -80.345198999999994,35.169646999999998,0 -80.343210999999997,35.170988000000001,0 -80.340355000000002,35.174148000000002,0 -80.338862000000006,35.174266000000003,0 -80.335946000000007,35.173642000000001,0 -80.334601000000006,35.173780000000001,0 -80.330202999999997,35.176431999999998,0 -80.328244999999995,35.176664000000002,0 -80.325293000000002,35.175719000000001,0 -80.323379000000003,35.173608999999999,0 -80.321668000000003,35.173068999999998,0 -80.320468000000005,35.174216000000001,0 -80.321280999999999,35.177140000000001,0 -80.320931000000002,35.178725,0 -80.318956,35.179996000000003,0 -80.317396000000002,35.180359000000003,0 -80.314971999999997,35.180140999999999,0 -80.313149999999993,35.180594999999997,0 -80.310171999999994,35.180613999999998,0 -80.305712999999997,35.181761000000002,0 -80.304347000000007,35.183101000000001,0 -80.304169999999999,35.187455999999997,0 -80.303134,35.188724999999998,0 -80.300222000000005,35.18974,0 -80.298447999999993,35.191094999999997,0 -80.296701999999996,35.193379,0 -80.294404999999998,35.194369999999999,0 -80.291819000000004,35.193863999999998,0 -80.289474999999996,35.192011000000001,0 -80.287093999999996,35.191426999999997,0 -80.284024000000002,35.192393000000003,0 -80.282906999999994,35.194443999999997,0 -80.281385,35.195856999999997,0 -80.276829000000006,35.195722000000004,0 -80.285816999999994,35.118023000000001,0 -80.287636000000006,35.102286999999997,0 -80.289609999999996,35.102356,0 -80.295968999999999,35.104971999999997,0 -80.297214999999994,35.104987999999999,0 -80.306708,35.102162,0 -80.310337000000004,35.098847999999997,0 -80.306946999999994,35.097416000000003,0 -80.304395,35.09498,0 -80.299678999999998,35.091934999999999,0 -80.297126000000006,35.090535000000003,0 -80.294398999999999,35.088579000000003,0 -80.292536999999996,35.086159000000002,0 -80.290087999999997,35.081040000000002,0 -80.291061999999997,35.072595999999997,0 -80.293210999999999,35.053983000000002,0 -80.293441000000001,35.051985999999999,0 -80.295604999999995,35.033318000000001,0 -80.299422000000007,35.032753999999997,0 -80.302509000000001,35.031579999999998,0 -80.303241999999997,35.034275000000001,0 -80.304878000000002,35.036453999999999,0 -80.307441999999995,35.036076999999999,0 -80.309813000000005,35.036375,0 -80.311269999999993,35.039042999999999,0 -80.310805999999999,35.039563999999999,0 -80.312265999999994,35.038564999999998,0 -80.316301999999993,35.037748000000001,0 -80.319091,35.036166999999999,0 -80.326611,35.032699999999998,0 -80.326361000000006,35.032243000000001,0 -80.327134000000001,35.031373000000002,0 -80.325496000000001,35.030261000000003,0 -80.325145000000006,35.026487000000003,0 -80.323068000000006,35.026429,0 -80.318504000000004,35.022596999999998,0 -80.307446999999996,35.017536,0 -80.305808999999996,35.014552999999999,0 -80.302006000000006,35.014727999999998,0 -80.298356999999996,35.014173999999997,0 -80.298507000000001,35.013311000000002,0 -80.302115000000001,35.011901999999999,0 -80.303925000000007,35.009850999999998,0 -80.305391999999998,35.007537999999997,0 -80.306859000000003,35.006143000000002,0 -80.308982999999998,35.001573999999998,0 -80.308712,34.999783999999998,0 -80.309066999999999,34.996499999999997,0 -80.306336999999999,34.993305999999997,0 -80.304794000000001,34.991064000000001,0 -80.304976999999994,34.990020999999999,0 -80.300544000000002,34.990389999999998,0 -80.300702999999999,34.988990999999999,0 -80.301865000000006,34.978904999999997,0 -80.302358999999996,34.974598,0 -80.307023999999998,34.934103999999998,0 -80.309152999999995,34.915598000000003,0 -80.313846999999996,34.915461999999998,0 -80.312685000000002,34.912419999999997,0 -80.311601999999993,34.911257999999997,0 -80.311599999999999,34.906661,0 -80.310201000000006,34.906452999999999,0 -80.312297000000001,34.888216,0 -80.308814999999996,34.885714999999998,0 -80.304304000000002,34.89114,0 -80.303764000000001,34.893915999999997,0 -80.302938999999995,34.894886999999997,0 -80.300106999999997,34.895854,0 -80.296808999999996,34.898513000000001,0 -80.295755,34.900930000000002,0 -80.289045000000002,34.900340999999997,0 -80.288684000000003,34.899028999999999,0 -80.286794,34.898226999999999,0 -80.284321000000006,34.896348000000003,0 -80.280187999999995,34.895367,0 -80.276942000000005,34.896870999999997,0 -80.273902000000007,34.897239999999996,0 -80.272351,34.898335000000003,0 -80.272368,34.895508999999997,0 -80.272884000000005,34.891739999999999,0 -80.278582999999998,34.888620000000003,0 -80.282891000000006,34.888348000000001,0 -80.286128000000005,34.883609,0 -80.288684000000003,34.880625999999999,0 -80.290665000000004,34.875664,0 -80.290768,34.872636999999997,0 -80.293447,34.864604,0 -80.294459000000003,34.862687000000001,0 -80.303888000000001,34.853665999999997,0 -80.308308999999994,34.849760000000003,0 -80.311967999999993,34.851528000000002,0 -80.310535999999999,34.856428999999999,0 -80.309359999999998,34.858567999999998,0 -80.306010999999998,34.866588999999998,0 -80.307123000000004,34.866605,0 -80.309993000000006,34.867910000000002,0 -80.311289000000002,34.868001999999997,0 -80.312422999999995,34.865350999999997,0 -80.315297999999999,34.862022000000003,0 -80.320807360455802,34.814081463211998,0 -80.340587088133404,34.814343431926702,0 -80.350067999999993,34.814469000000003,0 -80.399871000000005,34.815128000000001,0 -80.413656589960297,34.815433578030998,0 -80.417013999999995,34.815508000000001,0 -80.417150258636696,34.815518946782603,0 -80.417153305960298,34.8155191915993,0 -80.418432999999993,34.815621999999998,0 -80.419585999999995,34.815581000000002,0 -80.425901999999994,34.815809999999999,0 -80.434843000000001,34.815967999999998,0 -80.445748612717296,34.816253114058,0 -80.448766000000006,34.816332000000003,0 -80.451660000000004,34.816395999999997,0 -80.485234000000005,34.816732000000002,0 -80.485683527345998,34.816736508936899,0 -80.491814000000005,34.816797999999999,0 -80.499787999999995,34.817261000000002,0 -80.526635596596705,34.817356467378701,0 -80.561656999999997,34.817481000000001,0 -80.561709387922704,34.817481609499403,0 -80.564054999999996,34.814762999999999,0 -80.562988000000004,34.812173999999999,0 -80.562115000000006,34.811354999999999,0 -80.561715000000007,34.809541000000003,0 -80.560129000000003,34.807192999999998,0 -80.559675999999996,34.804769,0 -80.558476999999996,34.801515000000002,0 -80.557038000000006,34.799661999999998,0 -80.555571,34.799447999999998,0 -80.554139000000006,34.79804,0 -80.554299,34.796214999999997,0 -80.553673000000003,34.794477999999998,0 -80.551974000000001,34.792757000000002,0 -80.552434000000005,34.791871999999998,0 -80.551501000000002,34.790998000000002,0 -80.546430000000001,34.790255999999999,0 -80.545045000000002,34.789101000000002,0 -80.546891000000002,34.787143999999998,0 -80.546644000000001,34.786199000000003,0 -80.544544999999999,34.784011,0 -80.538416999999995,34.782080000000001,0 -80.535304999999994,34.783410000000003,0 -80.533479999999997,34.782936999999997,0 -80.533034000000001,34.782200000000003,0 -80.534187000000003,34.779935999999999,0 -80.534395000000004,34.776730999999998,0 -80.532495999999995,34.776082000000002,0 -80.529605000000004,34.775201000000003,0 -80.527760999999998,34.773266,0 -80.528141000000005,34.772495999999997,0 -80.529865999999998,34.772430999999997,0 -80.529773000000006,34.771079,0 -80.525237000000004,34.770933999999997,0 -80.523218999999997,34.770214000000003,0 -80.523062999999993,34.768720999999999,0 -80.522109,34.768211000000001,0 -80.516434000000004,34.767980999999999,0 -80.514702,34.766598000000002,0 -80.514556999999996,34.765940000000001,0 -80.517321999999993,34.763703,0 -80.517871,34.762715999999998,0 -80.517448000000002,34.760959999999997,0 -80.516247000000007,34.758915999999999,0 -80.513793000000007,34.756543000000001,0 -80.510606999999993,34.754728999999998,0 -80.509383,34.752583000000001,0 -80.508934999999994,34.750754000000001,0 -80.508606999999998,34.750250000000001,0 -80.507144999999994,34.745531999999997,0 -80.505960999999999,34.745199,0 -80.503992999999994,34.743468,0 -80.502477999999996,34.741067000000001,0 -80.500335000000007,34.739550000000001,0 -80.500656000000006,34.738084999999998,0 -80.501945000000006,34.737859999999998,0 -80.501628999999994,34.736483999999997,0 -80.498604,34.731997999999997,0 -80.498058999999998,34.730226999999999,0 -80.493283000000005,34.725056000000002,0 -80.489611999999994,34.723391999999997,0 -80.488347000000005,34.723767000000002,0 -80.487869000000003,34.721870000000003,0 -80.489607000000007,34.721344000000002,0 -80.489760000000004,34.720216000000001,0 -80.492923000000005,34.718837999999998,0 -80.495851000000002,34.715288000000001,0 -80.500062,34.711748,0 -80.500612000000004,34.710718,0 -80.500597999999997,34.707445,0 -80.501160999999996,34.706249999999997,0 -80.504221999999999,34.702806000000002,0 -80.512219000000002,34.698363000000001,0 -80.513705999999999,34.696562999999998,0 -80.513893999999993,34.693632000000001,0 -80.514608999999993,34.691369999999999,0 -80.516769999999994,34.689844999999998,0 -80.521259999999998,34.691187999999997,0 -80.524421000000004,34.690910000000002,0 -80.526128,34.691344999999998,0 -80.528338000000005,34.692875999999998,0 -80.531577999999996,34.690600000000003,0 -80.535831000000002,34.690091000000002,0 -80.538017999999994,34.688833000000002,0 -80.537859999999995,34.687449000000001,0 -80.539614999999998,34.681333000000002,0 -80.539648,34.677982999999998,0 -80.541635999999997,34.677562999999999,0 -80.544364999999999,34.677945000000001,0 -80.544649000000007,34.679155999999999,0 -80.550810999999996,34.682766999999998,0 -80.553330000000003,34.682943000000002,0 -80.554935999999998,34.681562,0 -80.554890999999998,34.680425999999997,0 -80.556420000000003,34.679819999999999,0 -80.557582999999994,34.678207999999998,0 -80.561430999999999,34.677087,0 -80.564148000000003,34.679996000000003,0 -80.565257000000003,34.679881000000002,0 -80.573603000000006,34.684232999999999,0 -80.577623000000003,34.682721000000001,0 -80.580090999999996,34.680909999999997,0 -80.580450999999996,34.679192,0 -80.581531999999996,34.679650000000002,0 -80.582391000000001,34.678527000000003,0 -80.586523,34.679533999999997,0 -80.589072999999999,34.678434000000003,0 -80.593733,34.681525999999998,0 -80.594648000000007,34.681663,0 -80.596782000000005,34.680128000000003,0 -80.597224999999995,34.677928000000001,0 -80.599469999999997,34.677447000000001,0 -80.601382000000001,34.67456,0 -80.601381000000003,34.673529000000002,0 -80.605206999999993,34.673344999999998,0 -80.606603000000007,34.672013999999997,0 -80.608305000000001,34.672446000000001,0 -80.610523000000001,34.673999999999999,0 -80.614225000000005,34.672688000000001,0 -80.616792000000004,34.673245000000001,0 -80.616274000000004,34.676721999999998,0 -80.617194999999995,34.679088,0 -80.619202999999999,34.685456000000002,0 -80.620191000000005,34.686418000000003,0 -80.624644000000004,34.686739000000003,0 -80.628748999999999,34.687764999999999,0 -80.634480999999994,34.688431999999999,0 -80.638921999999994,34.681035999999999,0 -80.643209999999996,34.684246000000002,0 -80.644487999999996,34.683233999999999,0 -80.648059000000003,34.681676000000003,0 -80.649732999999998,34.680301,0 -80.651684000000003,34.680315999999998,0 -80.652856,34.679451999999998,0 -80.657146999999995,34.678142999999999,0 -80.656587999999999,34.675111000000001,0 -80.654472999999996,34.673259999999999,0 -80.649348000000003,34.674244000000002,0 -80.649343000000002,34.672989999999999,0 -80.661738999999997,34.661771999999999,0 -80.659920999999997,34.660266999999997,0 -80.653924000000004,34.658734000000003,0 -80.656593000000001,34.657395999999999,0 -80.661536999999996,34.655628999999998,0 -80.664447999999993,34.655337000000003,0 -80.669476000000003,34.652669000000003,0 -80.660143000000005,34.646532999999998,0 -80.662436,34.644390999999999,0 -80.674644000000001,34.646110999999998,0 -80.681943000000004,34.648200000000003,0 -80.682349000000002,34.652234999999997,0 -80.681450999999996,34.654730999999998,0 -80.682242000000002,34.657738000000002,0 -80.682641000000004,34.662433999999998,0 -80.691328999999996,34.665917,0 -80.690871000000001,34.662517000000001,0 -80.689851000000004,34.660069999999997,0 -80.688944000000006,34.656250999999997,0 -80.688720000000004,34.652855000000002,0 -80.692888999999994,34.650454000000003,0 -80.695425999999998,34.649892000000001,0 -80.698944999999995,34.650806000000003,0 -80.702600000000004,34.649833000000001,0 -80.699652,34.645947,0 -80.700174000000004,34.645186000000002,0 -80.703934000000004,34.644534,0 -80.704903999999999,34.643979000000002,0 -80.705791000000005,34.645949999999999,0 -80.706922000000006,34.646642,0 -80.707481000000001,34.648499999999999,0 -80.709663000000006,34.651721999999999,0 -80.711006999999995,34.651814999999999,0 -80.714454000000003,34.654189000000002,0 -80.712683999999996,34.652721,0 -80.714012999999994,34.648750999999997,0 -80.720669000000001,34.648707999999999,0 -80.721258000000006,34.644404999999999,0 -80.723095000000001,34.639088000000001,0 -80.721013999999997,34.638393999999998,0 -80.716656,34.635319000000003,0 -80.713815999999994,34.634219000000002,0 -80.719162999999995,34.626548999999997,0 -80.723325000000003,34.625304,0 -80.727838000000006,34.624560000000002,0 -80.728947000000005,34.621383000000002,0 -80.733448999999993,34.621816000000003,0 -80.739020999999994,34.621197000000002,0 -80.742543999999995,34.619095999999999,0 -80.744485999999995,34.619529,0 -80.746616000000003,34.622354000000001,0 -80.749043999999998,34.623792999999999,0 -80.751686000000007,34.624476999999999,0 -80.750611000000006,34.620958999999999,0 -80.750697000000002,34.619467999999998,0 -80.752072999999996,34.617468000000002,0 -80.754075999999998,34.618693999999998,0 -80.763416000000007,34.621938,0 -80.765136999999996,34.62189,0 -80.769012000000004,34.620739999999998,0 -80.769986000000003,34.620410999999997,0 -80.770218999999997,34.615608000000002,0 -80.773824000000005,34.610964000000003,0 -80.776033999999996,34.60604,0 -80.777569999999997,34.605880999999997,0 -80.780368999999993,34.604331000000002,0 -80.781553000000002,34.603144,0 -80.785297,34.602072999999997,0 -80.787577999999996,34.600225999999999,0 -80.788820999999999,34.599758999999999,0 -80.792799000000002,34.594498000000002,0 -80.795716999999996,34.592871000000002,0 -80.799207999999993,34.591920999999999,0 -80.801129000000003,34.592047000000001,0 -80.801593999999994,34.590415,0 -80.803455999999997,34.591740000000001,0 -80.806105000000002,34.591442999999998,0 -80.807112000000004,34.592360999999997,0 -80.809843999999998,34.593207999999997,0 -80.811991000000006,34.592581000000003,0 -80.817920999999998,34.591734000000002,0 -80.822693999999998,34.590474999999998,0 -80.823266000000004,34.589716000000003,0 -80.825638999999995,34.590133000000002,0 -80.826409999999996,34.591133999999997,0 -80.828783000000001,34.590276000000003,0 -80.829301999999998,34.591023,0 -80.833723000000006,34.591996000000002,0 -80.834860000000006,34.593068000000002,0 -80.841014999999999,34.594616000000002,0 -80.841132000000002,34.593186000000003,0 -80.842465000000004,34.590690000000002,0 -80.845337000000001,34.589855,0 -80.845530999999994,34.58746,0 -80.846637000000001,34.584041999999997,0 -80.849740999999995,34.584648000000001,0 -80.851483999999999,34.584319999999998,0 -80.856747999999996,34.582331000000003,0 -80.858667999999994,34.582175999999997,0 -80.864457999999999,34.583702000000002,0 -80.866557,34.585853,0 -80.867469999999997,34.588692000000002,0 -80.868415999999996,34.590228000000003,0 -80.871013000000005,34.591951999999999,0 -80.872433000000001,34.591684000000001,0 -80.874537000000004,34.589485000000003,0 -80.882345999999998,34.584744000000001,0 -80.883516999999998,34.585391999999999,0 -80.883075000000005,34.588410000000003,0 -80.888299000000004,34.593456000000003,0 -80.889093000000003,34.595061999999999,0 -80.892089999999996,34.598053,0 -80.891186000000005,34.600475000000003,0 -80.891711000000001,34.604286000000002,0 -80.889942000000005,34.607823000000003,0 -80.890203999999997,34.611134,0 -80.888992999999999,34.613174999999998,0 -80.889411999999993,34.616632000000003,0 -80.889206000000001,34.618192999999998,0 -80.891189999999995,34.623838999999997,0 -80.891914999999997,34.625143999999999,0 -80.894720000000007,34.628055000000003,0 -80.896405999999999,34.631780999999997,0 -80.896293999999997,34.635534999999997,0 -80.895577000000003,34.637512000000001,0 -80.894896000000003,34.641697999999998,0 -80.894349000000005,34.643358999999997,0 -80.892842000000002,34.645957000000003,0 -80.887410000000003,34.652599000000002,0 -80.886869000000004,34.653903999999997,0 -80.886493000000002,34.657049999999998,0 -80.886855999999995,34.659213000000001,0 -80.888225000000006,34.663046000000001,0 -80.888570000000001,34.665658999999998,0 -80.888469000000001,34.668602999999997,0 -80.887390999999994,34.669566000000003,0 -80.880537000000004,34.673972999999997,0 -80.879143999999997,34.676048000000002,0 -80.878106000000002,34.681066000000001,0 -80.876879000000002,34.682907999999998,0 -80.874118999999993,34.684925,0 -80.869733999999994,34.688948000000003,0 -80.863849999999999,34.692509999999999,0 -80.861052999999998,34.694733999999997,0 -80.860349999999997,34.695735999999997,0 -80.859590999999995,34.698878999999998,0 -80.859756000000004,34.700234000000002,0 -80.861198000000002,34.702759999999998,0 -80.865999000000002,34.706169000000003,0 -80.866324000000006,34.706626,0 -80.867087999999995,34.708685000000003,0 -80.868836999999999,34.716596000000003,0 -80.868241999999995,34.719603999999997,0 -80.868719999999996,34.723177999999997,0 -80.870299000000003,34.726163,0 -80.873360000000005,34.729430000000001,0 -80.874471,34.731543000000002,0 -80.874793999999994,34.738284999999998,0 -80.876095000000007,34.740271999999997,0 -80.877594000000002,34.743889000000003,0 -80.877645000000001,34.750143999999999,0 -80.878666999999993,34.755571000000003,0 -80.878688999999994,34.757427,0 -80.878277999999995,34.759078000000002,0 -80.874301000000003,34.763421999999998,0 -80.874280999999996,34.767733999999997,0 -80.874775999999997,34.772044999999999,0 -80.875158999999996,34.781846999999999,0 -80.875797000000006,34.785246000000001,0 -80.876120999999998,34.788046999999999,0 -80.878018999999995,34.790714000000001,0 -80.884377999999998,34.795743999999999,0 -80.885274999999993,34.800215999999999,0 -80.886769000000001,34.803491000000001,0 -80.890405999999999,34.805906,0 -80.892709999999994,34.809773999999997,0 -80.895865000000001,34.814121,0 -80.898214999999993,34.820746,0 -80.898942000000005,34.823734000000002,0 -80.898595999999998,34.826143999999999,0 -80.897172999999995,34.828094999999998,0 -80.893917000000002,34.830148999999999,0 -80.888756999999998,34.831190999999997,0 -80.886095999999995,34.831932000000002,0 -80.882757999999995,34.833382,0 -80.877701999999999,34.836581000000002,0 -80.873901000000004,34.838467000000001,0 -80.871921999999998,34.840640999999998,0 -80.870797999999994,34.843155000000003,0 -80.870138999999995,34.844251,0 -80.866570999999993,34.848765999999998,0 -80.867558000000002,34.853912000000001,0 -80.868502000000007,34.855338000000003,0 -80.870444000000006,34.856805000000001,0 -80.876714000000007,34.860199000000001,0 -80.877489999999995,34.858908,0 -80.877921999999998,34.859682999999997,0 -80.879416000000006,34.859578999999997,0 -80.882102000000003,34.862566000000001,0 -80.882140000000007,34.865644000000003,0 -80.883332999999993,34.866760999999997,0 -80.885334,34.866492000000001,0 -80.887127000000007,34.868335000000002,0 -80.889234999999999,34.86833,0 -80.891486999999998,34.872366,0 -80.895527999999999,34.874473000000002,0 -80.897374999999997,34.875039000000001,0 -80.897948,34.873691999999998,0 -80.900690999999995,34.871214999999999,0 -80.903858,34.869919000000003,0 -80.908749,34.864113000000003,0 -80.910893999999999,34.863720999999998,0 -80.911765000000003,34.863624999999999,0 -80.914987999999994,34.858485000000002,0 -80.917764000000005,34.859113000000001,0 -80.923045999999999,34.862588000000002,0 -80.924626000000004,34.864187999999999,0 -80.927941000000004,34.866171999999999,0 -80.930802,34.869289999999999,0 -80.929505000000006,34.870708999999998,0 -80.931783999999993,34.872106000000002,0 -80.931940999999995,34.872193000000003,0 -80.934729000000004,34.873654999999999,0 -80.934661000000006,34.87368,0 -80.936436,34.875166,0 -80.935212000000007,34.878515999999998,0 -80.939667999999998,34.880676000000001,0 -80.942015999999995,34.876963000000003,0 -80.941676000000001,34.874527999999998,0 -80.942884000000006,34.875416999999999,0 -80.943419000000006,34.875934000000001,0 -80.943753000000001,34.875760999999997,0 -80.944079000000002,34.875587000000003,0 -80.945587000000003,34.874450000000003,0 -80.946158999999994,34.873845000000003,0 -80.946847000000005,34.875276999999997,0 -80.946997999999994,34.875822999999997,0 -80.946939999999998,34.876071000000003,0 -80.951860999999994,34.875248999999997,0 -80.953846999999996,34.873404000000001,0 -80.955886000000007,34.872588,0 -80.955500999999998,34.870811000000003,0 -80.953418999999997,34.866897000000002,0 -80.953332000000003,34.865076999999999,0 -80.951845000000006,34.86289,0 -80.950102000000001,34.862065999999999,0 -80.953023999999999,34.860675000000001,0 -80.952167000000003,34.859130999999998,0 -80.952534999999997,34.857581000000003,0 -80.953508999999997,34.857717999999998,0 -80.958727999999994,34.855913999999999,0 -80.958269000000001,34.853282,0 -80.956878000000003,34.850185000000003,0 -80.956022000000004,34.850318000000001,0 -80.955162999999999,34.848320999999999,0 -80.954565000000002,34.844644000000002,0 -80.955595000000002,34.844560000000001,0 -80.956013999999996,34.841213000000003,0 -80.965261999999996,34.837072999999997,0 -80.972727000000006,34.833686999999998,0 -80.975796000000003,34.836160999999997,0 -80.977404000000007,34.838486000000003,0 -80.981166000000002,34.842036,0 -80.983017000000004,34.843677999999997,0 -80.980981999999997,34.840544999999999,0 -80.984074000000007,34.839300000000001,0 -80.985275000000001,34.836857000000002,0 -80.987323000000004,34.836050999999998,0 -80.986407999999997,34.835476999999997,0 -80.990395000000007,34.834462000000002,0 -80.991544000000005,34.832121999999998,0 -80.994179000000003,34.833936000000001,0 -80.996566999999999,34.834237999999999,0 -80.999713,34.833806000000003,0 -81.004737000000006,34.833742000000001,0 -81.005753999999996,34.832963999999997,0 -81.007371000000006,34.828099999999999,0 -81.008645000000001,34.827033999999998,0 -81.012272999999993,34.825403000000001,0 -81.014982000000003,34.823360999999998,0 -81.017154000000005,34.827398000000002,0 -81.021032000000005,34.828724000000001,0 -81.021345999999994,34.829329999999999,0 -81.019730999999993,34.832169999999998,0 -81.024038000000004,34.840372000000002,0 -81.026754999999994,34.837276000000003,0 -81.029296000000002,34.833432999999999,0 -81.033135000000001,34.833289000000001,0 -81.034553000000002,34.833682000000003,0 -81.036079999999998,34.835155,0 -81.037940000000006,34.836027000000001,0 -81.038003000000003,34.834663999999997,0 -81.058181000000005,34.829583999999997,0 -81.057829999999996,34.825851999999998,0 -81.056636999999995,34.824147000000004,0 -81.054903999999993,34.823636,0 -81.054871000000006,34.822668,0 -81.057117000000005,34.822662999999999,0 -81.057524000000001,34.821745,0 -81.056555000000003,34.820892999999998,0 -81.056692999999996,34.820891000000003,0 -81.056562999999997,34.818559999999998,0 -81.055648000000005,34.818086999999998,0 -81.057569000000001,34.814227000000002,0 -81.057113000000001,34.811768000000001,0 -81.052850000000007,34.809674000000001,0 -81.050386000000003,34.810074,0 -81.048884999999999,34.809303,0 -81.043985000000006,34.806497,0 -81.042293999999998,34.807568000000003,0 -81.039946999999998,34.807037999999999,0 -81.038988000000003,34.806767000000001,0 -81.036631,34.801566000000001,0 -81.032145999999997,34.800705000000001,0</coordinates></LinearRing></outerBoundaryIs><innerBoundaryIs><LinearRing><coordinates>-81.104873999999995,35.283960999999998,0 -81.106281999999993,35.282704000000003,0 -81.111750999999998,35.284111000000003,0 -81.113819000000007,35.282843999999997,0 -81.114097999999998,35.280566999999998,0 -81.116007999999994,35.280901999999998,0 -81.115250000000003,35.279045000000004,0 -81.116022000000001,35.277611,0 -81.115627000000003,35.276696999999999,0 -81.116022999999998,35.275995999999999,0 -81.109801000000004,35.274324999999997,0 -81.111198000000002,35.272644,0 -81.109055999999995,35.270423000000001,0 -81.114605999999995,35.273491,0 -81.114492999999996,35.273079000000003,0 -81.114403999999993,35.272587999999999,0 -81.115064000000004,35.269953000000001,0 -81.115143000000003,35.268808999999997,0 -81.118858000000003,35.265307,0 -81.119349999999997,35.264842999999999,0 -81.114874999999998,35.261763000000002,0 -81.111469999999997,35.258806,0 -81.108193999999997,35.257207000000001,0 -81.107595000000003,35.256785999999998,0 -81.097325999999995,35.255549000000002,0 -81.097216000000003,35.255401999999997,0 -81.096849000000006,35.255358000000001,0 -81.093530999999999,35.254950000000001,0 -81.092214999999996,35.254784999999998,0 -81.091446000000005,35.25967,0 -81.090615999999997,35.260575000000003,0 -81.087365000000005,35.258915000000002,0 -81.086798999999999,35.258813000000004,0 -81.088194000000001,35.257798999999999,0 -81.087357999999995,35.256107,0 -81.085989999999995,35.257466000000001,0 -81.084191000000004,35.255158999999999,0 -81.083247999999998,35.255516,0 -81.083550000000002,35.254598000000001,0 -81.082055999999994,35.254012000000003,0 -81.079069000000004,35.257123,0 -81.078828000000001,35.254804,0 -81.077444,35.253720999999999,0 -81.079537999999999,35.251108000000002,0 -81.080676999999994,35.252177000000003,0 -81.082694000000004,35.253418000000003,0 -81.090743000000003,35.254612999999999,0 -81.091280999999995,35.252468999999998,0 -81.083366999999996,35.250293999999997,0 -81.083044000000001,35.249974999999999,0 -81.082876999999996,35.249175000000001,0 -81.083516000000003,35.24803,0 -81.085601999999994,35.247078999999999,0 -81.086502999999993,35.246906000000003,0 -81.086651000000003,35.244326999999998,0 -81.083538000000004,35.240684999999999,0 -81.085199000000003,35.239649999999997,0 -81.087496999999999,35.241680000000002,0 -81.088990999999993,35.240276000000001,0 -81.087132999999994,35.239013,0 -81.087112000000005,35.238343,0 -81.086664999999996,35.238016999999999,0 -81.084045000000003,35.236736000000001,0 -81.086202,35.236339999999998,0 -81.085592000000005,35.235059999999997,0 -81.087453999999994,35.234693999999998,0 -81.087872000000004,35.234518999999999,0 -81.092662000000004,35.234856000000001,0 -81.092838,35.233623000000001,0 -81.091701999999998,35.232168999999999,0 -81.092078999999998,35.231375999999997,0 -81.092253999999997,35.230974000000003,0 -81.090789999999998,35.230347000000002,0 -81.090969999999999,35.229306999999999,0 -81.091205000000002,35.229016000000001,0 -81.091391999999999,35.228912999999999,0 -81.091626000000005,35.227753999999997,0 -81.091840000000005,35.227499000000002,0 -81.091966999999997,35.227401999999998,0 -81.092235000000002,35.227032000000001,0 -81.092269000000002,35.226866999999999,0 -81.092288999999994,35.226542999999999,0 -81.093694999999997,35.224966000000002,0 -81.094043999999997,35.224428000000003,0 -81.093821000000005,35.222822000000001,0 -81.090342000000007,35.224218999999998,0 -81.087413999999995,35.222987000000003,0 -81.088077999999996,35.221215999999998,0 -81.086950000000002,35.221361999999999,0 -81.086100000000002,35.221241999999997,0 -81.084839000000002,35.221947,0 -81.083894000000001,35.221651999999999,0 -81.081460000000007,35.220911000000001,0 -81.080507999999995,35.220337000000001,0 -81.080383999999995,35.220205999999997,0 -81.080144000000004,35.220089000000002,0 -81.079918000000006,35.220050999999998,0 -81.079710000000006,35.220064000000001,0 -81.079481999999999,35.220106999999999,0 -81.075412999999998,35.220061999999999,0 -81.074109000000007,35.219718999999998,0 -81.072642999999999,35.219056999999999,0 -81.071965000000006,35.218851000000001,0 -81.068174999999997,35.217965,0 -81.070364999999995,35.214747000000003,0 -81.066908999999995,35.213912999999998,0 -81.064306000000002,35.217781000000002,0 -81.064115999999999,35.220067,0 -81.065967999999998,35.220500000000001,0 -81.071381000000002,35.223517999999999,0 -81.073384000000004,35.227020000000003,0 -81.072301999999993,35.229787999999999,0 -81.070524000000006,35.230756,0 -81.065517999999997,35.23095,0 -81.064958000000004,35.231392999999997,0 -81.064539999999994,35.233995999999998,0 -81.065512999999996,35.235638000000002,0 -81.065727999999993,35.235779999999998,0 -81.070781999999994,35.235728999999999,0 -81.073122999999995,35.241351999999999,0 -81.073794000000007,35.246966,0 -81.073096000000007,35.249003999999999,0 -81.072934000000004,35.249470000000002,0 -81.070134999999993,35.252938,0 -81.070029000000005,35.253000999999998,0 -81.069785999999993,35.253183999999997,0 -81.070397999999997,35.254500999999998,0 -81.071924999999993,35.258403999999999,0 -81.073761000000005,35.260536999999999,0 -81.066947999999996,35.260545999999998,0 -81.067845000000005,35.262314000000003,0 -81.069106000000005,35.263714,0 -81.068731,35.264114999999997,0 -81.069714000000005,35.264122999999998,0 -81.077594000000005,35.264211000000003,0 -81.077663000000001,35.264350999999998,0 -81.078017000000003,35.265787000000003,0 -81.078130000000002,35.266981000000001,0 -81.078813999999994,35.268568999999999,0 -81.081046999999998,35.269275,0 -81.082408999999998,35.270947,0 -81.082339000000005,35.272517000000001,0 -81.079293000000007,35.274642999999998,0 -81.079229999999995,35.277124999999998,0 -81.081646000000006,35.278967000000002,0 -81.082493999999997,35.281151999999999,0 -81.083882000000003,35.282102000000002,0 -81.086808000000005,35.283025000000002,0 -81.089574999999996,35.284565000000001,0 -81.092944000000003,35.285587999999997,0 -81.095896999999994,35.287520999999998,0 -81.096603999999999,35.287652999999999,0 -81.097613999999993,35.287562999999999,0 -81.098499000000004,35.286068999999998,0 -81.101191999999998,35.285511,0 -81.101774000000006,35.285611000000003,0 -81.104667000000006,35.287354000000001,0 -81.106671000000006,35.285597000000003,0 -81.105512000000004,35.284944000000003,0 -81.104873999999995,35.283960999999998,0</coordinates></LinearRing></innerBoundaryIs><innerBoundaryIs><LinearRing><coordinates>-81.047090999999995,35.145156999999998,0 -81.047826000000001,35.143743000000001,0 -81.051203999999998,35.133237000000001,0 -81.051036999999994,35.131653999999997,0 -81.050420000000003,35.131048,0 -81.038967999999997,35.126299000000003,0 -81.036759000000004,35.122551999999999,0 -81.033005000000003,35.113746999999996,0 -81.032471000000001,35.110033000000001,0 -81.032805999999994,35.108049000000001,0 -81.034958000000003,35.104104999999997,0 -81.037368999999998,35.102541000000002,0 -81.040170245980505,35.101952294673197,0 -81.040184404379403,35.101949319166998,0 -81.046524000000005,35.100617,0 -81.050078999999997,35.098816999999997,0 -81.052077999999995,35.096276000000003,0 -81.056712681901004,35.087158489870298,0 -81.057236000000003,35.086129,0 -81.057681738575496,35.078856097819802,0 -81.058029000000005,35.073189999999997,0 -81.057811732149602,35.067055747332098,0 -81.057718030486697,35.064410212455599,0 -81.057648,35.062432999999999,0 -81.057420222818195,35.0621633528703,0 -81.055695,35.060121000000002,0 -81.050017999999994,35.055245999999997,0 -81.041496788973006,35.0447126282263,0 -81.041488999999999,35.044702999999998,0 -81.037816604171795,35.046808274623501,0 -81.018960084042604,35.057618153289503,0 -81.016242825699507,35.059175876177498,0 -81.013072749191593,35.060993186167799,0 -80.989172083118703,35.074694722746003,0 -80.989035753456406,35.074772876461402,0 -80.989013,35.075875000000003,0 -80.990100999999996,35.079621000000003,0 -80.990775999999997,35.081668999999998,0 -80.992355000000003,35.086436999999997,0 -80.992635000000007,35.087904999999999,0 -80.991821999999999,35.093409999999999,0 -80.991997999999995,35.09675,0 -80.990898999999999,35.098390999999999,0 -80.990888999999996,35.099522999999998,0 -80.991641000000001,35.099620000000002,0 -80.992734999999996,35.100676,0 -80.988594000000006,35.102688000000001,0 -80.988646000000003,35.102809000000001,0 -80.989052000000001,35.104556000000002,0 -80.987779000000003,35.109906000000002,0 -80.987437,35.111795000000001,0 -80.987004999999996,35.115676000000001,0 -80.986852999999996,35.116134000000002,0 -80.986475999999996,35.116604000000002,0 -80.984666000000004,35.118039000000003,0 -80.983351999999996,35.119168999999999,0 -80.981796000000003,35.121423,0 -80.977827000000005,35.136417000000002,0 -80.981020000000001,35.137939000000003,0 -80.982170999999994,35.139051000000002,0 -80.989149999999995,35.148060999999998,0 -80.989213000000007,35.149720000000002,0 -80.990069000000005,35.150706999999997,0 -80.989084000000005,35.151930999999998,0 -80.986058,35.152439000000001,0 -80.984883999999994,35.153869999999998,0 -80.979680000000002,35.155661000000002,0 -80.977014999999994,35.157274999999998,0 -80.970519999999993,35.158090000000001,0 -80.970676999999995,35.159418000000002,0 -80.970292999999998,35.161884999999998,0 -80.969841000000002,35.162469999999999,0 -80.970916000000003,35.163144000000003,0 -80.969695999999999,35.165385000000001,0 -80.969239999999999,35.164377999999999,0 -80.968340999999995,35.164020000000001,0 -80.966978999999995,35.165399000000001,0 -80.965630000000004,35.166761000000001,0 -80.968041999999997,35.169319999999999,0 -80.969284000000002,35.171996999999998,0 -80.963908000000004,35.172786000000002,0 -80.961532000000005,35.171360999999997,0 -80.960868000000005,35.171999,0 -80.959213000000005,35.173124000000001,0 -80.956968000000003,35.179206999999998,0 -80.956613000000004,35.180937,0 -80.956620000000001,35.182980999999998,0 -80.959209999999999,35.186345000000003,0 -80.957966999999996,35.189613999999999,0 -80.957809999999995,35.189954999999998,0 -80.957977999999997,35.189967000000003,0 -80.960278000000002,35.190204000000001,0 -80.959930999999997,35.187877999999998,0 -80.964314000000002,35.187814000000003,0 -80.963954000000001,35.188046999999997,0 -80.962215,35.190852,0 -80.958067,35.190367999999999,0 -80.959344000000002,35.194377000000003,0 -80.962109999999996,35.199944000000002,0 -80.962422000000004,35.200997000000001,0 -80.961823999999993,35.203333999999998,0 -80.961573000000001,35.206871,0 -80.958617000000004,35.210135000000001,0 -80.958234000000004,35.212097999999997,0 -80.958810999999997,35.216673999999998,0 -80.961265999999995,35.223806000000003,0 -80.957457000000005,35.224938999999999,0 -80.956468999999998,35.225591000000001,0 -80.956173000000007,35.226739000000002,0 -80.957140999999993,35.229773999999999,0 -80.956518000000003,35.231121000000002,0 -80.955104000000006,35.232016999999999,0 -80.960241999999994,35.231459999999998,0 -80.963460999999995,35.228814999999997,0 -80.966883999999993,35.229190000000003,0 -80.969380000000001,35.228706000000003,0 -80.969854999999995,35.226694999999999,0 -80.969734000000003,35.223584000000002,0 -80.970754999999997,35.223404000000002,0 -80.970493000000005,35.222213000000004,0 -80.969386999999998,35.222378999999997,0 -80.969429000000005,35.219386,0 -80.969693000000007,35.219316999999997,0 -80.969181000000006,35.217039999999997,0 -80.969003000000001,35.215508999999997,0 -80.968725000000006,35.215496999999999,0 -80.968473000000003,35.212027999999997,0 -80.968738999999999,35.212023000000002,0 -80.968450000000004,35.206868999999998,0 -80.969863000000004,35.207056000000001,0 -80.972955999999996,35.208689999999997,0 -80.975887999999998,35.211243000000003,0 -80.978862000000007,35.212823999999998,0 -80.981258999999994,35.212809999999998,0 -80.980653000000004,35.215774000000003,0 -80.980773999999997,35.218088999999999,0 -80.982353000000003,35.219994999999997,0 -80.984167999999997,35.217120000000001,0 -80.987859999999998,35.215510000000002,0 -80.989666,35.218496999999999,0 -80.993457000000006,35.220711999999999,0 -80.995243000000002,35.219335999999998,0 -80.995266999999998,35.217100000000002,0 -80.998099999999994,35.215566000000003,0 -80.999647999999993,35.213875000000002,0 -80.999155000000002,35.21208,0 -80.999728000000005,35.209961,0 -80.996623999999997,35.209128999999997,0 -80.992656999999994,35.207245,0 -80.991658999999999,35.20628,0 -80.995114999999998,35.206657,0 -80.997859000000005,35.208347000000003,0 -81.000682999999995,35.209018,0 -81.002359999999996,35.208784999999999,0 -81.003079,35.207293,0 -81.004075,35.211371,0 -81.004193999999998,35.211432000000002,0 -81.006294999999994,35.210284999999999,0 -81.005268000000001,35.207686000000002,0 -81.006272999999993,35.198349,0 -81.006140000000002,35.195081999999999,0 -81.003900000000002,35.187033,0 -81.002966999999998,35.184764000000001,0 -81.002386999999999,35.180816999999998,0 -81.003185000000002,35.173181999999997,0 -81.003915000000006,35.170406999999997,0 -81.007306,35.165174999999998,0 -81.007187999999999,35.164653000000001,0 -81.005836000000002,35.160876999999999,0 -81.005806000000007,35.157023000000002,0 -81.007467000000005,35.154505999999998,0 -81.009510000000006,35.153126,0 -81.011598000000006,35.152737999999999,0 -81.016227000000001,35.154338000000003,0 -81.017111999999997,35.154318000000004,0 -81.021557999999999,35.150378000000003,0 -81.024721,35.148876999999999,0 -81.031370999999993,35.148443,0 -81.033195000000006,35.148685,0 -81.042869999999994,35.149248,0 -81.043407000000002,35.148389999999999,0 -81.044391000000005,35.147917999999997,0 -81.047090999999995,35.145156999999998,0</coordinates></LinearRing></innerBoundaryIs><innerBoundaryIs><LinearRing><coordinates>-81.030096999999998,34.941313999999998,0 -81.031103999999999,34.943244,0 -81.036101000000002,34.941434999999998,0 -81.031543999999997,34.935569000000001,0 -81.030468999999997,34.936014,0 -81.027766999999997,34.936982999999998,0 -81.028582999999998,34.938505999999997,0 -81.030096999999998,34.941313999999998,0</coordinates></LinearRing></innerBoundaryIs><innerBoundaryIs><LinearRing><coordinates>-81.016260000000003,35.345075999999999,0 -81.015701000000007,35.343930999999998,0 -81.014743999999993,35.342863999999999,0 -81.014696999999998,35.342832999999999,0 -81.012553999999994,35.341867000000001,0 -81.004643999999999,35.343862999999999,0 -80.995464999999996,35.346471999999999,0 -80.995739,35.349601,0 -80.995116999999993,35.351371999999998,0 -80.992784,35.354267999999998,0 -80.993578999999997,35.357227999999999,0 -80.999043,35.356532999999999,0 -81.000652000000002,35.356769,0 -80.999520000000004,35.357652000000002,0 -80.999334000000005,35.359118000000002,0 -80.997271999999995,35.360064999999999,0 -81.001383000000004,35.360239999999997,0 -81.001110999999995,35.359454999999997,0 -81.003759000000002,35.359513,0 -81.004000000000005,35.364308999999999,0 -81.009258000000003,35.364642000000003,0 -81.008876999999998,35.371778999999997,0 -81.010210000000001,35.371397999999999,0 -81.010091000000003,35.373206000000003,0 -81.010891000000001,35.374195,0 -81.013245999999995,35.374242000000002,0 -81.013097000000002,35.376041000000001,0 -81.014232000000007,35.376178000000003,0 -81.016713999999993,35.374547,0 -81.017236999999994,35.372656999999997,0 -81.015772999999996,35.372059999999998,0 -81.021099000000007,35.369847999999998,0 -81.021358000000006,35.362381999999997,0 -81.025181000000003,35.360374999999998,0 -81.021367999999995,35.358499999999999,0 -81.017988000000003,35.354329999999997,0 -81.016368,35.351053999999998,0 -81.016699000000003,35.348165000000002,0 -81.016649999999998,35.346541999999999,0 -81.016396,35.345587000000002,0 -81.016260000000003,35.345075999999999,0</coordinates></LinearRing></innerBoundaryIs><innerBoundaryIs><LinearRing><coordinates>-80.833049000000003,35.186934000000001,0 -80.830579,35.189037999999996,0 -80.830352000000005,35.189214999999997,0 -80.834535000000002,35.191293999999999,0 -80.837225000000004,35.189011000000001,0 -80.836268000000004,35.188338999999999,0 -80.833049000000003,35.186934000000001,0</coordinates></LinearRing></innerBoundaryIs><innerBoundaryIs><LinearRing><coordinates>-80.846378999999999,35.224919999999997,0 -80.845253999999997,35.223973999999998,0 -80.844204000000005,35.224710000000002,0 -80.845303999999999,35.225653000000001,0 -80.846378999999999,35.224919999999997,0</coordinates></LinearRing></innerBoundaryIs><innerBoundaryIs><LinearRing><coordinates>-80.843106000000006,35.223730000000003,0 -80.841989999999996,35.224511,0 -80.843097,35.225468999999997,0 -80.844204000000005,35.224710000000002,0 -80.843106000000006,35.223730000000003,0</coordinates></LinearRing></innerBoundaryIs><innerBoundaryIs><LinearRing><coordinates>-80.841972999999996,35.226242999999997,0 -80.843082999999993,35.227200000000003,0 -80.844206999999997,35.226413999999998,0 -80.843097,35.225468999999997,0 -80.841972999999996,35.226242999999997,0</coordinates></LinearRing></innerBoundaryIs><innerBoundaryIs><LinearRing><coordinates>-80.672846000000007,34.936335999999997,0 -80.679354000000004,34.934260999999999,0 -80.686597000000006,34.934488999999999,0 -80.692854999999994,34.933540000000001,0 -80.690556000000001,34.930762999999999,0 -80.681477000000001,34.933593999999999,0 -80.681382999999997,34.932257999999997,0 -80.677351000000002,34.933351999999999,0 -80.677139999999994,34.934289999999997,0 -80.674522999999994,34.934227999999997,0 -80.668107000000006,34.934066000000001,0 -80.667933000000005,34.936185999999999,0 -80.668436999999997,34.937607,0 -80.668858999999998,34.938215,0 -80.672846000000007,34.936335999999997,0</coordinates></LinearRing></innerBoundaryIs><innerBoundaryIs><LinearRing><coordinates>-80.738390999999993,35.301704999999998,0 -80.737048000000001,35.298760000000001,0 -80.734052000000005,35.300127000000003,0 -80.731273999999999,35.301423999999997,0 -80.729253,35.302523999999998,0 -80.724272999999997,35.305948999999998,0 -80.724663000000007,35.307186999999999,0 -80.724371000000005,35.308155999999997,0 -80.725443999999996,35.309812999999998,0 -80.729257000000004,35.310895000000002,0 -80.728380999999999,35.312930999999999,0 -80.731257999999997,35.315472999999997,0 -80.732031000000006,35.319693999999998,0 -80.736253000000005,35.318050999999997,0 -80.736788000000004,35.311369999999997,0 -80.738281000000001,35.306995999999998,0 -80.740346000000002,35.304324000000001,0 -80.741311999999994,35.302048999999997,0 -80.739294000000001,35.303136000000002,0 -80.738157000000001,35.302970000000002,0 -80.738390999999993,35.301704999999998,0</coordinates></LinearRing></innerBoundaryIs><innerBoundaryIs><LinearRing><coordinates>-80.608497,35.535305000000001,0 -80.607140999999999,35.534452000000002,0 -80.606913000000006,35.534762000000001,0 -80.605023000000003,35.537337999999998,0 -80.603763999999998,35.539050000000003,0 -80.602068000000003,35.540852999999998,0 -80.596224000000007,35.544573999999997,0 -80.590102999999999,35.548411999999999,0 -80.590299999999999,35.549816,0 -80.592025000000007,35.550569000000003,0 -80.592518999999996,35.551633000000002,0 -80.590318999999994,35.551540000000003,0 -80.589572000000004,35.551516999999997,0 -80.589657000000003,35.552464999999998,0 -80.592966000000004,35.552594999999997,0 -80.593114999999997,35.553587999999998,0 -80.593090000000004,35.554644000000003,0 -80.593973000000005,35.555874000000003,0 -80.596913000000001,35.554493000000001,0 -80.597639000000001,35.554200999999999,0 -80.603238000000005,35.551606999999997,0 -80.603449999999995,35.551831,0 -80.602435,35.552712999999997,0 -80.599839000000003,35.555352999999997,0 -80.599654999999998,35.555500000000002,0 -80.603300000000004,35.557768000000003,0 -80.604119999999995,35.556528999999998,0 -80.606038999999996,35.557538000000001,0 -80.608609000000001,35.556907000000002,0 -80.609731999999994,35.558269000000003,0 -80.610084999999998,35.558107,0 -80.610365999999999,35.555472000000002,0 -80.611034000000004,35.556078999999997,0 -80.612262999999999,35.555374,0 -80.612278000000003,35.553674000000001,0 -80.614980000000003,35.553704000000003,0 -80.615397000000002,35.554167,0 -80.617576999999997,35.553173000000001,0 -80.618679999999998,35.554084000000003,0 -80.620757999999995,35.553173000000001,0 -80.621819000000002,35.552822999999997,0 -80.622844000000001,35.552563999999997,0 -80.626709000000005,35.550699999999999,0 -80.631022000000002,35.546872999999998,0 -80.632765000000006,35.545895000000002,0 -80.633606,35.545211999999999,0 -80.635251999999994,35.543529999999997,0 -80.633225999999993,35.542569,0 -80.634787000000003,35.539897000000003,0 -80.636686999999995,35.538234000000003,0 -80.636076000000003,35.535955999999999,0 -80.632588999999996,35.536493,0 -80.634015000000005,35.534022999999998,0 -80.636210000000005,35.532155000000003,0 -80.629001000000002,35.530214999999998,0 -80.627781999999996,35.529865999999998,0 -80.626259000000005,35.532693000000002,0 -80.624003000000002,35.532243000000001,0 -80.623740999999995,35.533462,0 -80.621399999999994,35.533262999999998,0 -80.621418000000006,35.53293,0 -80.620311000000001,35.533414,0 -80.619913999999994,35.533596000000003,0 -80.617862000000002,35.534413000000001,0 -80.616637999999995,35.535164000000002,0 -80.615407000000005,35.535237000000002,0 -80.615440000000007,35.534782,0 -80.614367999999999,35.534787000000001,0 -80.614503999999997,35.537756999999999,0 -80.614352999999994,35.540064000000001,0 -80.614268999999993,35.540033999999999,0 -80.614337000000006,35.537812000000002,0 -80.614047999999997,35.533259000000001,0 -80.610748999999998,35.533507,0 -80.610861,35.535330000000002,0 -80.60857,35.535314,0 -80.608497,35.535305000000001,0</coordinates></LinearRing></innerBoundaryIs><innerBoundaryIs><LinearRing><coordinates>-80.463178999999997,35.588037999999997,0 -80.466091000000006,35.588121999999998,0 -80.466125000000005,35.586758000000003,0 -80.462731000000005,35.586772000000003,0 -80.462362999999996,35.585805999999998,0 -80.459468000000001,35.586500000000001,0 -80.460008999999999,35.587654000000001,0 -80.460364999999996,35.589010000000002,0 -80.463415999999995,35.588707999999997,0 -80.463178999999997,35.588037999999997,0</coordinates></LinearRing></innerBoundaryIs><innerBoundaryIs><LinearRing><coordinates>-80.442079000000007,35.610408999999997,0 -80.438181,35.604641000000001,0 -80.435982999999993,35.602938000000002,0 -80.431826999999998,35.600574999999999,0 -80.430935000000005,35.600121999999999,0 -80.430296999999996,35.60089,0 -80.433055999999993,35.603043999999997,0 -80.433847,35.603915000000001,0 -80.434083000000001,35.604396999999999,0 -80.434200000000004,35.604967000000002,0 -80.434139000000002,35.605493000000003,0 -80.433318999999997,35.607014999999997,0 -80.429933000000005,35.607622999999997,0 -80.428881000000004,35.607875,0 -80.426488000000006,35.607827,0 -80.426469999999995,35.608123999999997,0 -80.430777000000006,35.608407999999997,0 -80.431122000000002,35.608730000000001,0 -80.430772000000005,35.611108000000002,0 -80.434689000000006,35.611209000000002,0 -80.435173000000006,35.614350999999999,0 -80.436256,35.613509999999998,0 -80.437580999999994,35.613038000000003,0 -80.438937999999993,35.613433999999998,0 -80.439541000000006,35.616495999999998,0 -80.437505999999999,35.616765999999998,0 -80.437484999999995,35.61786,0 -80.438038000000006,35.617857999999998,0 -80.440584999999999,35.617949000000003,0 -80.440577000000005,35.621043999999998,0 -80.441416000000004,35.62106,0 -80.442038999999994,35.621276999999999,0 -80.443459000000004,35.621079999999999,0 -80.444160999999994,35.621450000000003,0 -80.445274999999995,35.621426999999997,0 -80.446038999999999,35.621536999999996,0 -80.447158999999999,35.622193000000003,0 -80.447709000000003,35.619706000000001,0 -80.449700000000007,35.618706000000003,0 -80.449415000000002,35.615620999999997,0 -80.451767000000004,35.619906999999998,0 -80.452454000000003,35.619757999999997,0 -80.452793,35.620601000000001,0 -80.454158000000007,35.623182,0 -80.454329999999999,35.623486,0 -80.454418000000004,35.623643999999999,0 -80.455270999999996,35.623089999999998,0 -80.454006000000007,35.618867999999999,0 -80.455276999999995,35.617863,0 -80.455383999999995,35.616556000000003,0 -80.455500000000001,35.616011999999998,0 -80.454543000000001,35.613647,0 -80.451853999999997,35.611700999999996,0 -80.449355999999995,35.61383,0 -80.447466000000006,35.612293000000001,0 -80.446473999999995,35.613210000000002,0 -80.445397,35.612437999999997,0 -80.442079000000007,35.610408999999997,0</coordinates></LinearRing></innerBoundaryIs><innerBoundaryIs><LinearRing><coordinates>-80.441164999999998,35.681302000000002,0 -80.428670999999994,35.687783000000003,0 -80.425945999999996,35.689306999999999,0 -80.424978999999993,35.690044,0 -80.423862999999997,35.691073000000003,0 -80.419433999999995,35.695963999999996,0 -80.417232999999996,35.698324999999997,0 -80.412498999999997,35.703552000000002,0 -80.413972999999999,35.704804000000003,0 -80.415565000000001,35.702942,0 -80.416511999999997,35.703771000000003,0 -80.417818999999994,35.701982000000001,0 -80.418447,35.70214,0 -80.424327000000005,35.704909000000001,0 -80.427110999999996,35.704295999999999,0 -80.431792999999999,35.702413999999997,0 -80.431999000000005,35.706612,0 -80.431017999999995,35.709327999999999,0 -80.429113999999998,35.711170000000003,0 -80.429848000000007,35.712251000000002,0 -80.431224,35.711351000000001,0 -80.431340000000006,35.709141000000002,0 -80.436278000000001,35.707256999999998,0 -80.437837000000002,35.704583,0 -80.439853999999997,35.703266999999997,0 -80.441192999999998,35.701931999999999,0 -80.441733999999997,35.701618000000003,0 -80.444096999999999,35.701005000000002,0 -80.446415000000002,35.697732000000002,0 -80.447378999999998,35.695974,0 -80.447423999999998,35.695734000000002,0 -80.447884999999999,35.694724000000001,0 -80.448201999999995,35.694156999999997,0 -80.448735999999997,35.693280999999999,0 -80.449754999999996,35.692453999999998,0 -80.451335999999998,35.686638000000002,0 -80.452967999999998,35.685783000000001,0 -80.451818000000003,35.683616999999998,0 -80.450070999999994,35.683273999999997,0 -80.449265999999994,35.683566999999996,0 -80.449454000000003,35.682118000000003,0 -80.448814999999996,35.680948000000001,0 -80.447378999999998,35.678187000000001,0 -80.447338999999999,35.678128000000001,0 -80.441164999999998,35.681302000000002,0</coordinates></LinearRing></innerBoundaryIs><innerBoundaryIs><LinearRing><coordinates>-80.435901999999999,35.680968,0 -80.433439000000007,35.682673999999999,0 -80.434599000000006,35.683993999999998,0 -80.435028000000003,35.682896999999997,0 -80.439304000000007,35.680678999999998,0 -80.437377999999995,35.679267000000003,0 -80.437939999999998,35.678950999999998,0 -80.437871999999999,35.678882999999999,0 -80.437642999999994,35.678615999999998,0 -80.436440000000005,35.677115000000001,0 -80.434147999999993,35.678415999999999,0 -80.435700999999995,35.679639000000002,0 -80.435901999999999,35.680968,0</coordinates></LinearRing></innerBoundaryIs></Polygon></Placemark><Placemark><name>Queen City Backsplash service area — part 2</name><styleUrl>#coverage</styleUrl><Polygon><tessellate>1</tessellate><outerBoundaryIs><LinearRing><coordinates>-80.745272,35.748516000000002,0 -80.745328999999998,35.748361000000003,0 -80.744744999999995,35.748347000000003,0 -80.751710000000003,35.728586999999997,0 -80.752499999999998,35.728548000000004,0 -80.760169000000005,35.726869000000001,0 -80.762225000000001,35.727379999999997,0 -80.763897,35.727986999999999,0 -80.765556000000004,35.728490999999998,0 -80.759878999999998,35.731957000000001,0 -80.761311000000006,35.735836999999997,0 -80.761871999999997,35.740676000000001,0 -80.762814000000006,35.741500000000002,0 -80.762324000000007,35.748860999999998,0 -80.778471999999994,35.750492000000001,0 -80.780456000000001,35.750301,0 -80.780215999999996,35.746865999999997,0 -80.782494,35.746938999999998,0 -80.782531000000006,35.741177999999998,0 -80.783804000000003,35.740619000000002,0 -80.783345999999995,35.739092999999997,0 -80.781820999999994,35.736749000000003,0 -80.780690000000007,35.735281000000001,0 -80.778501000000006,35.732678,0 -80.776162999999997,35.730854000000001,0 -80.775188,35.729207000000002,0 -80.774321,35.729109999999999,0 -80.773662999999999,35.727625000000003,0 -80.773739000000006,35.724041999999997,0 -80.776075000000006,35.720140999999998,0 -80.805556999999993,35.707155999999998,0 -80.803758000000002,35.703122999999998,0 -80.803946999999994,35.701720000000002,0 -80.804641000000004,35.701779000000002,0 -80.806478999999996,35.701706999999999,0 -80.809489999999997,35.693131999999999,0 -80.809185999999997,35.692247000000002,0 -80.811311000000003,35.692379000000003,0 -80.811942999999999,35.692416999999999,0 -80.812977000000004,35.694380000000002,0 -80.816933000000006,35.695798000000003,0 -80.816969999999998,35.696134000000001,0 -80.822875999999994,35.695447999999999,0 -80.824810999999997,35.694336999999997,0 -80.837487999999993,35.706808000000002,0 -80.841234,35.710478999999999,0 -80.841358999999997,35.707881,0 -80.849260000000001,35.708232000000002,0 -80.849238,35.709128999999997,0 -80.849947999999998,35.709117999999997,0 -80.851930999999993,35.710135999999999,0 -80.851909000000006,35.714638000000001,0 -80.854973999999999,35.710997999999996,0 -80.856871999999996,35.720094000000003,0 -80.858046999999999,35.725591000000001,0 -80.859463000000005,35.726647999999997,0 -80.860155000000006,35.727829999999997,0 -80.860335000000006,35.728991000000001,0 -80.860349999999997,35.729230999999999,0 -80.861379999999997,35.732326999999998,0 -80.860056999999998,35.736463999999998,0 -80.862976000000003,35.736389000000003,0 -80.866268000000005,35.736463000000001,0 -80.867108999999999,35.735152999999997,0 -80.867695999999995,35.735908999999999,0 -80.869326000000001,35.734948000000003,0 -80.872249999999994,35.73509,0 -80.874446000000006,35.734321999999999,0 -80.877982000000003,35.735177999999998,0 -80.879951000000005,35.734389,0 -80.879164000000003,35.733114999999998,0 -80.879846999999998,35.730187999999998,0 -80.884257000000005,35.727223000000002,0 -80.886054999999999,35.724198000000001,0 -80.888889000000006,35.721367000000001,0 -80.889837999999997,35.720590000000001,0 -80.893608999999998,35.718395000000001,0 -80.896636999999998,35.717942999999998,0 -80.897659000000004,35.718260999999998,0 -80.897795000000002,35.719287999999999,0 -80.897897,35.718055999999997,0 -80.896364000000005,35.713878999999999,0 -80.898511999999997,35.714937999999997,0 -80.899257000000006,35.715138000000003,0 -80.899591000000001,35.714601000000002,0 -80.896546000000001,35.711562000000001,0 -80.896923999999999,35.711208999999997,0 -80.903358999999995,35.711444,0 -80.904061999999996,35.706991000000002,0 -80.902167000000006,35.706581,0 -80.903199000000001,35.703422000000003,0 -80.906694000000002,35.703558000000001,0 -80.906638000000001,35.705841999999997,0 -80.910535999999993,35.706451000000001,0 -80.910481000000004,35.70505,0 -80.915484000000006,35.705075000000001,0 -80.915374,35.703048000000003,0 -80.918327000000005,35.704467000000001,0 -80.918529000000007,35.704315999999999,0 -80.919246999999999,35.703690000000002,0 -80.921357999999998,35.698708000000003,0 -80.923827000000003,35.694496999999998,0 -80.923291000000006,35.692070000000001,0 -80.924768,35.692059999999998,0 -80.925368000000006,35.688415999999997,0 -80.928145999999998,35.687126999999997,0 -80.930790000000002,35.682971999999999,0 -80.930790000000002,35.679327999999998,0 -80.944068999999999,35.679808999999999,0 -80.941844000000003,35.677436999999998,0 -80.938119999999998,35.675662000000003,0 -80.936302999999995,35.675283999999998,0 -80.936328000000003,35.674292000000001,0 -80.934458000000006,35.673577999999999,0 -80.932941,35.671582999999998,0 -80.934585999999996,35.669162999999998,0 -80.933175000000006,35.667909000000002,0 -80.930569000000006,35.671840000000003,0 -80.933181000000005,35.667292000000003,0 -80.935824999999994,35.666496000000002,0 -80.933834000000004,35.664372,0 -80.934280000000001,35.663575000000002,0 -80.936239999999998,35.663117,0 -80.936893999999995,35.662320000000001,0 -80.939774999999997,35.656599999999997,0 -80.937534999999997,35.655306000000003,0 -80.933138,35.649999999999999,0 -80.932929999999999,35.647731,0 -80.936435000000003,35.643652000000003,0 -80.942639,35.638840000000002,0 -80.943816999999996,35.637518,0 -80.950743000000003,35.640951000000001,0 -80.953394000000003,35.643942000000003,0 -80.955202,35.650286000000001,0 -80.958830000000006,35.654401,0 -80.959604999999996,35.657431000000003,0 -80.960948000000002,35.659931999999998,0 -80.963397999999998,35.662854000000003,0 -80.965620999999999,35.664349999999999,0 -80.966300000000004,35.666620000000002,0 -80.966674999999995,35.671011999999997,0 -80.972099999999998,35.675767999999998,0 -80.973557,35.676932999999998,0 -80.976133000000004,35.678480999999998,0 -80.981485000000006,35.681663,0 -80.982037000000005,35.682492000000003,0 -80.982596000000001,35.685943000000002,0 -80.983148,35.687131000000001,0 -80.986824999999996,35.691918999999999,0 -80.990927999999997,35.694139999999997,0 -80.992124000000004,35.696564000000002,0 -80.992739999999998,35.6999,0 -80.994444999999999,35.702109999999998,0 -80.999335000000002,35.705869,0 -81.001774999999995,35.708159999999999,0 -81.005320999999995,35.710208999999999,0 -81.006685000000004,35.710676999999997,0 -81.009836000000007,35.711378000000003,0 -81.015608,35.712522,0 -81.017733000000007,35.712727999999998,0 -81.023972999999998,35.711750000000002,0 -81.028717999999998,35.710548000000003,0 -81.035636999999994,35.708072999999999,0 -81.038461999999996,35.707549,0 -81.040666000000002,35.707360999999999,0 -81.046430999999998,35.707662999999997,0 -81.048682999999997,35.707909000000001,0 -81.055111999999994,35.709837999999998,0 -81.060580000000002,35.710332999999999,0 -81.061751000000001,35.710875999999999,0 -81.064897000000002,35.714343,0 -81.065573999999998,35.718338000000003,0 -81.065742,35.721344000000002,0 -81.064385999999999,35.725647000000002,0 -81.064037999999996,35.728484000000002,0 -81.067092000000002,35.736800000000002,0 -81.069305,35.739547999999999,0 -81.074714,35.743087000000003,0 -81.074898000000005,35.743203000000001,0 -81.077567000000002,35.745173999999999,0 -81.082753999999994,35.751109,0 -81.085983999999996,35.752997000000001,0 -81.090423999999999,35.757266000000001,0 -81.088908000000004,35.757384000000002,0 -81.086043000000004,35.760247,0 -81.084063,35.761186000000002,0 -81.086691000000002,35.7654,0 -81.087478000000004,35.767347000000001,0 -81.086804000000001,35.768836,0 -81.084753000000006,35.770096000000002,0 -81.085119000000006,35.771400999999997,0 -81.077898000000005,35.774445999999998,0 -81.076882999999995,35.777684999999998,0 -81.076625000000007,35.780377000000001,0 -81.071208999999996,35.780538999999997,0 -81.070204000000004,35.778458000000001,0 -81.067115000000001,35.775198000000003,0 -81.064001000000005,35.776665999999999,0 -81.060615999999996,35.780223999999997,0 -81.057280000000006,35.776480999999997,0 -81.051737000000003,35.773820999999998,0 -81.048193999999995,35.771776000000003,0 -81.038161000000002,35.774388000000002,0 -81.039769000000007,35.778388,0 -81.039831000000007,35.779578999999998,0 -81.037632000000002,35.784070999999997,0 -81.037600999999995,35.786358999999997,0 -81.039646000000005,35.792400000000001,0 -81.039163000000002,35.796967000000002,0 -81.040391,35.798791999999999,0 -81.039004000000006,35.800981,0 -81.038436000000004,35.806361000000003,0 -81.037766000000005,35.808934000000001,0 -81.038471000000001,35.809846,0 -81.040690999999995,35.811562000000002,0 -81.037576000000001,35.818755000000003,0 -81.029387999999997,35.823596000000002,0 -81.028869,35.824198000000003,0 -81.029365999999996,35.828505999999997,0 -81.028992000000002,35.829509000000002,0 -81.020542000000006,35.826475000000002,0 -81.017362000000006,35.826064000000002,0 -81.017218999999997,35.835966999999997,0 -81.014686999999995,35.845354,0 -81.013683,35.845204000000003,0 -81.013424000000001,35.845357999999997,0 -81.009800999999996,35.843854,0 -81.008645000000001,35.843460999999998,0 -81.005206999999999,35.844825,0 -81.004526999999996,35.845646000000002,0 -81.004316000000003,35.847639999999998,0 -81.005272000000005,35.853459999999998,0 -81.004682000000003,35.854824999999998,0 -81.005358999999999,35.857618000000002,0 -81.004529000000005,35.861517999999997,0 -81.003000999999998,35.861809000000001,0 -81.002795000000006,35.865043999999997,0 -80.997594000000007,35.864921000000002,0 -80.997409000000005,35.865875000000003,0 -80.994669999999999,35.865721000000001,0 -80.994985999999997,35.872509000000001,0 -80.994546,35.877051000000002,0 -80.991632999999993,35.876908999999998,0 -80.991524999999996,35.878746,0 -80.983326000000005,35.880952000000001,0 -80.983429999999998,35.882478999999996,0 -80.984751000000003,35.883284000000003,0 -80.985275000000001,35.884317000000003,0 -80.985399000000001,35.885871000000002,0 -80.986006000000003,35.886229999999998,0 -80.986469999999997,35.886949999999999,0 -80.989970999999997,35.886668999999998,0 -80.990269999999995,35.888320999999998,0 -80.988747000000004,35.890850999999998,0 -80.987488999999997,35.895040999999999,0 -80.980789999999999,35.903190000000002,0 -80.979719000000003,35.906094000000003,0 -80.973191,35.910358000000002,0 -80.973089000000002,35.912239,0 -80.975143000000003,35.914130999999998,0 -80.978157999999993,35.915649000000002,0 -80.979872999999998,35.915889,0 -80.980343000000005,35.917026999999997,0 -80.980332000000004,35.921149999999997,0 -80.977744999999999,35.923696999999997,0 -80.977699000000001,35.925683999999997,0 -80.979277999999994,35.926423999999997,0 -80.978791999999999,35.928981,0 -80.980419999999995,35.928736999999998,0 -80.982146,35.927430000000001,0 -80.983242000000004,35.929349000000002,0 -80.986408999999995,35.930131000000003,0 -80.987735999999998,35.931699000000002,0 -80.988911999999999,35.931542999999998,0 -80.990612999999996,35.933464000000001,0 -80.992853999999994,35.932561999999997,0 -80.992716999999999,35.930827000000001,0 -80.994288999999995,35.928700999999997,0 -80.997635000000002,35.927633,0 -80.999337999999995,35.927815000000002,0 -81.000973000000002,35.929253000000003,0 -81.000445999999997,35.931776999999997,0 -81.001182999999997,35.935470000000002,0 -81.004942999999997,35.937446000000001,0 -81.008673000000002,35.937444999999997,0 -81.008792999999997,35.949171999999997,0 -81.009843000000004,35.960970000000003,0 -81.011345000000006,35.959929000000002,0 -81.014616000000004,35.959936999999996,0 -81.017415999999997,35.959012000000001,0 -81.019655,35.959142999999997,0 -81.020846000000006,35.960979999999999,0 -81.023810999999995,35.963968000000001,0 -81.024615999999995,35.966424000000004,0 -81.024901999999997,35.964953000000001,0 -81.028418000000002,35.965367999999998,0 -81.034871999999993,35.983283,0 -81.039297000000005,35.985863000000002,0 -81.035791000000003,35.987057999999998,0 -81.034831999999994,35.985571,0 -81.031228999999996,35.985666999999999,0 -81.031419999999997,35.984583000000001,0 -81.019653000000005,35.983690000000003,0 -81.019558000000004,35.982987999999999,0 -81.012006999999997,35.982792000000003,0 -81.013666000000001,36.000253999999998,0 -81.011263,35.999952,0 -81.005448999999999,36.000692999999998,0 -80.999054000000001,36.001643000000001,0 -80.997246000000004,36.000867999999997,0 -80.994921000000005,36.001837000000002,0 -80.992144999999994,36.000416000000001,0 -80.988722999999993,36.000739000000003,0 -80.985301000000007,36.000093,0 -80.979941999999994,35.999642000000001,0 -80.978845000000007,35.998866999999997,0 -80.976648999999995,36.000933000000003,0 -80.970903000000007,35.997511000000003,0 -80.967394999999996,35.997810000000001,0 -80.966899999999995,36.000157999999999,0 -80.958635999999998,36.000996999999998,0 -80.957538,36.002741,0 -80.955022999999997,36.002172000000002,0 -80.954746,36.002816000000003,0 -80.955004000000002,36.003328000000003,0 -80.956492999999995,36.010371999999997,0 -80.959259000000003,36.010908000000001,0 -80.959118000000004,36.011879999999998,0 -80.960866999999993,36.012416999999999,0 -80.961675,36.013939999999998,0 -80.960189,36.013804999999998,0 -80.958218000000002,36.012734999999999,0 -80.957217,36.012953000000003,0 -80.957685999999995,36.014766999999999,0 -80.956845999999999,36.015566999999997,0 -80.956292000000005,36.015411999999998,0 -80.955650000000006,36.017713999999998,0 -80.956886999999995,36.025435000000002,0 -80.950331000000006,36.024942000000003,0 -80.946065000000004,36.022323999999998,0 -80.944995000000006,36.020229,0 -80.943481000000006,36.020308,0 -80.940346000000005,36.018810999999999,0 -80.940556000000001,36.017955000000001,0 -80.939252999999994,36.019150000000003,0 -80.936302999999995,36.018121000000001,0 -80.933636000000007,36.018022000000002,0 -80.930154999999999,36.018481000000001,0 -80.929965999999993,36.020111999999997,0 -80.927960999999996,36.020288000000001,0 -80.922490999999994,36.020266999999997,0 -80.919065000000003,36.018729999999998,0 -80.916617000000002,36.015976999999999,0 -80.913362000000006,36.016354,0 -80.910979999999995,36.017322,0 -80.910073999999994,36.016294000000002,0 -80.908576999999994,36.016527000000004,0 -80.909423000000004,36.012374999999999,0 -80.911506000000003,36.008526000000003,0 -80.914744999999996,36.004311999999999,0 -80.915886999999998,36.001480000000001,0 -80.912606999999994,36.001773,0 -80.908896999999996,36.001054000000003,0 -80.905410000000003,35.998359999999998,0 -80.912865999999994,35.989750000000001,0 -80.913312000000005,35.988435000000003,0 -80.912280999999993,35.987133999999998,0 -80.912322000000003,35.985401000000003,0 -80.906135000000006,35.987214999999999,0 -80.906440000000003,35.985033999999999,0 -80.905707000000007,35.982981000000002,0 -80.907122000000001,35.970342000000002,0 -80.907439999999994,35.967588999999997,0 -80.906638000000001,35.967393000000001,0 -80.900847999999996,35.967590999999999,0 -80.901635999999996,35.962800999999999,0 -80.903165999999999,35.961668000000003,0 -80.907379000000006,35.961103000000001,0 -80.908197999999999,35.960802000000001,0 -80.909285999999994,35.960016000000003,0 -80.908403000000007,35.958958000000003,0 -80.907712000000004,35.957954999999998,0 -80.906248000000005,35.954985999999998,0 -80.905058999999994,35.953592999999998,0 -80.902061000000003,35.952572000000004,0 -80.898836000000003,35.953893000000001,0 -80.896018999999995,35.953741999999998,0 -80.894188,35.952694000000001,0 -80.892330999999999,35.953251999999999,0 -80.889882999999998,35.953201,0 -80.889591999999993,35.949438000000001,0 -80.885875999999996,35.948998000000003,0 -80.881476000000006,35.946496000000003,0 -80.880870000000002,35.941899999999997,0 -80.881974,35.940344000000003,0 -80.882828000000003,35.932656000000001,0 -80.876289999999997,35.928032999999999,0 -80.873187999999999,35.926529000000002,0 -80.872268000000005,35.925198999999999,0 -80.868430000000004,35.924562999999999,0 -80.863945999999999,35.926175000000001,0 -80.861148999999997,35.925601999999998,0 -80.859460999999996,35.925809000000001,0 -80.856212999999997,35.927570000000003,0 -80.856202999999994,35.927473999999997,0 -80.853166000000002,35.929395,0 -80.849816000000004,35.928843999999998,0 -80.842838,35.929859,0 -80.840967000000006,35.928928999999997,0 -80.837576999999996,35.925274999999999,0 -80.835240999999996,35.921835000000002,0 -80.832768999999999,35.921059,0 -80.826757000000001,35.923524,0 -80.823610000000002,35.923976000000003,0 -80.820273999999998,35.921897000000001,0 -80.819058999999996,35.920544999999997,0 -80.820086000000003,35.919887000000003,0 -80.821166000000005,35.919761999999999,0 -80.821692999999996,35.919646999999998,0 -80.822395999999998,35.919758000000002,0 -80.822773999999995,35.919592999999999,0 -80.823611,35.919490000000003,0 -80.824556999999999,35.919226999999999,0 -80.824922000000001,35.91892,0 -80.825137999999995,35.918574999999997,0 -80.825111000000007,35.918332999999997,0 -80.824909000000005,35.918272000000002,0 -80.824611000000004,35.918425999999997,0 -80.824341000000004,35.918475000000001,0 -80.824117999999999,35.918661,0 -80.823936000000003,35.918705000000003,0 -80.823759999999993,35.918517999999999,0 -80.823733000000004,35.918145000000003,0 -80.823483999999993,35.917793000000003,0 -80.823166000000001,35.917265999999998,0 -80.822917000000004,35.917045999999999,0 -80.822761,35.916826,0 -80.824226999999993,35.915520999999998,0 -80.823715000000007,35.914422000000002,0 -80.8215,35.913805000000004,0 -80.818731999999997,35.910561999999999,0 -80.817389000000006,35.909770000000002,0 -80.816361999999998,35.910054000000002,0 -80.816192999999998,35.910493000000002,0 -80.816686000000004,35.911614,0 -80.818104000000005,35.911785999999999,0 -80.817798999999994,35.913839000000003,0 -80.815738999999994,35.913963000000003,0 -80.814334000000002,35.914357000000003,0 -80.811673999999996,35.913558000000002,0 -80.81268,35.912691000000002,0 -80.812728000000007,35.912213999999999,0 -80.812323000000006,35.911779000000003,0 -80.811715000000007,35.911619999999999,0 -80.811066999999994,35.911777999999998,0 -80.808473000000006,35.912889999999997,0 -80.807271,35.912261999999998,0 -80.808873000000006,35.910989999999998,0 -80.808825999999996,35.910100999999997,0 -80.807753000000005,35.909084,0 -80.807511000000005,35.909135999999997,0 -80.806504000000004,35.908560000000001,0 -80.806531000000007,35.908054999999997,0 -80.807057999999998,35.907584,0 -80.808745999999999,35.906883000000001,0 -80.808909,35.906421999999999,0 -80.807030999999995,35.906523999999997,0 -80.806167000000002,35.906154999999998,0 -80.805087,35.905406999999997,0 -80.804276999999999,35.905175,0 -80.803196999999997,35.904504000000003,0 -80.801793000000004,35.903897999999998,0 -80.801576999999995,35.903776999999998,0 -80.800126000000006,35.902771000000001,0 -80.797717000000006,35.90061,0 -80.794184000000001,35.895949999999999,0 -80.793604999999999,35.897311000000002,0 -80.790352999999996,35.895555999999999,0 -80.792513,35.893045000000001,0 -80.792362999999995,35.891289,0 -80.794150999999999,35.889505,0 -80.791438999999997,35.887065999999997,0 -80.790345000000002,35.885188999999997,0 -80.783924999999996,35.887943,0 -80.782748999999995,35.889853000000002,0 -80.779287999999994,35.892048000000003,0 -80.780949000000007,35.886732000000002,0 -80.782146999999995,35.881205999999999,0 -80.783687,35.877223000000001,0 -80.783704,35.876179,0 -80.782293999999993,35.876353000000002,0 -80.775322000000003,35.886603000000001,0 -80.775825999999995,35.886842000000001,0 -80.775632999999999,35.887388000000001,0 -80.775035000000003,35.886674999999997,0 -80.772186000000005,35.888114000000002,0 -80.770792999999998,35.887728000000003,0 -80.769481999999996,35.886035,0 -80.767443,35.886515000000003,0 -80.767589999999998,35.888134999999998,0 -80.769767000000002,35.891438999999998,0 -80.769777000000005,35.894413999999998,0 -80.766931999999997,35.896033000000003,0 -80.765994000000006,35.893701999999998,0 -80.764825999999999,35.892774000000003,0 -80.762373999999994,35.894773000000001,0 -80.763953000000001,35.898860999999997,0 -80.757974000000004,35.900103000000001,0 -80.755465999999998,35.902394999999999,0 -80.752838999999994,35.902983999999996,0 -80.749019000000004,35.898963999999999,0 -80.750037000000006,35.908217,0 -80.749330999999998,35.912354000000001,0 -80.748214000000004,35.915329,0 -80.742159000000001,35.918114000000003,0 -80.739999999999995,35.918666000000002,0 -80.731673999999998,35.919468999999999,0 -80.726438000000002,35.918562000000001,0 -80.720781000000002,35.918438000000002,0 -80.720701000000005,35.916311999999998,0 -80.719573999999994,35.913614000000003,0 -80.716421999999994,35.910916999999998,0 -80.713656,35.909928000000001,0 -80.707350000000005,35.908956000000003,0 -80.703796999999994,35.90757,0 -80.705304999999996,35.897367000000003,0 -80.705788999999996,35.890011999999999,0 -80.706663000000006,35.889476000000002,0 -80.707189,35.888942999999998,0 -80.707772000000006,35.887663000000003,0 -80.707549999999998,35.886966999999999,0 -80.706947999999997,35.886631000000001,0 -80.707133999999996,35.885458999999997,0 -80.707123999999993,35.884039000000001,0 -80.706305,35.883732999999999,0 -80.705571000000006,35.883540000000004,0 -80.706554999999994,35.870173999999999,0 -80.706571999999994,35.869945000000001,0 -80.701937000000001,35.871268999999998,0 -80.698250000000002,35.872996999999998,0 -80.698301999999998,35.865569999999998,0 -80.697706999999994,35.862862,0 -80.695943,35.863362000000002,0 -80.692079000000007,35.863421000000002,0 -80.692639,35.862146000000003,0 -80.692925000000002,35.860196999999999,0 -80.692746999999997,35.858102000000002,0 -80.693376000000001,35.853766,0 -80.693704999999994,35.853889000000002,0 -80.694400000000002,35.854351000000001,0 -80.695507000000006,35.854689,0 -80.696504000000004,35.854706,0 -80.698898,35.853158999999998,0 -80.699340000000007,35.850813000000002,0 -80.701814999999996,35.850926000000001,0 -80.702302000000003,35.851272000000002,0 -80.702706000000006,35.851517999999999,0 -80.703391999999994,35.851863000000002,0 -80.704110999999997,35.852051000000003,0 -80.705617000000004,35.852355000000003,0 -80.707470000000001,35.852065000000003,0 -80.707704000000007,35.852930000000001,0 -80.707824000000002,35.852961000000001,0 -80.709789000000001,35.849730000000001,0 -80.712732000000003,35.847487999999998,0 -80.714242999999996,35.844200000000001,0 -80.714600000000004,35.842139000000003,0 -80.717376000000002,35.841194999999999,0 -80.718737000000004,35.841988999999998,0 -80.723150000000004,35.846432999999998,0 -80.729029999999995,35.851708000000002,0 -80.729607000000001,35.853211000000002,0 -80.730160999999995,35.849297,0 -80.730890000000002,35.849679999999999,0 -80.732639000000006,35.847858000000002,0 -80.737212,35.847912999999998,0 -80.737257999999997,35.844842,0 -80.740409,35.844698000000001,0 -80.745020999999994,35.844059999999999,0 -80.745384999999999,35.839357,0 -80.745968000000005,35.837840999999997,0 -80.747570999999994,35.838794,0 -80.747614999999996,35.832858999999999,0 -80.750085999999996,35.831257999999998,0 -80.749480000000005,35.829509000000002,0 -80.748125999999999,35.830782999999997,0 -80.746219999999994,35.829270000000001,0 -80.744332,35.826953000000003,0 -80.742486,35.825673000000002,0 -80.738099000000005,35.825789999999998,0 -80.737936000000005,35.819305999999997,0 -80.738651000000004,35.818705999999999,0 -80.738304999999997,35.816682999999998,0 -80.742198000000002,35.816105999999998,0 -80.744309000000001,35.813355999999999,0 -80.746065999999999,35.811920000000001,0 -80.751009999999994,35.809747999999999,0 -80.731910999999997,35.808121,0 -80.731955999999997,35.807268999999998,0 -80.735648999999995,35.807161000000001,0 -80.737408000000002,35.806305000000002,0 -80.739080000000001,35.803758000000002,0 -80.737380999999999,35.803415000000001,0 -80.734376999999995,35.799878999999997,0 -80.733277999999999,35.797558000000002,0 -80.730530999999999,35.796669999999999,0 -80.730521999999993,35.793399000000001,0 -80.729572000000005,35.792385000000003,0 -80.738932000000005,35.766190999999999,0 -80.744810000000001,35.749758,0 -80.745272,35.748516000000002,0</coordinates></LinearRing></outerBoundaryIs></Polygon></Placemark><Placemark><name>Queen City Backsplash service area — part 3</name><styleUrl>#coverage</styleUrl><Polygon><tessellate>1</tessellate><outerBoundaryIs><LinearRing><coordinates>-81.692819,35.264795999999997,0 -81.692345000000003,35.265757999999998,0 -81.690669,35.265734999999999,0 -81.689273,35.266423000000003,0 -81.690641999999997,35.268140000000002,0 -81.690167000000002,35.269514000000001,0 -81.688072000000005,35.269674999999999,0 -81.688799000000003,35.271278000000002,0 -81.687319000000002,35.271256000000001,0 -81.686982999999998,35.272652999999998,0 -81.687961000000001,35.274324999999997,0 -81.686927999999995,35.276547000000001,0 -81.685168000000004,35.278173000000002,0 -81.684162999999998,35.279890000000002,0 -81.682068000000001,35.280669000000003,0 -81.681939999999997,35.283647999999999,0 -81.682407999999995,35.284706999999997,0 -81.691638999999995,35.289977,0 -81.693961999999999,35.288913999999998,0 -81.693813000000006,35.292563999999999,0 -81.694436999999994,35.294823000000001,0 -81.688997000000001,35.295295000000003,0 -81.685316,35.299151999999999,0 -81.685440999999997,35.299826000000003,0 -81.687113999999994,35.300415000000001,0 -81.695926999999998,35.302655000000001,0 -81.693638000000007,35.308453,0 -81.693082000000004,35.308985,0 -81.692289000000002,35.309305999999999,0 -81.688789,35.309713000000002,0 -81.689638000000002,35.311221000000003,0 -81.692599000000001,35.310763000000001,0 -81.693129999999996,35.313076000000002,0 -81.694890999999998,35.315046000000002,0 -81.694919999999996,35.316786,0 -81.696602999999996,35.318828000000003,0 -81.696133000000003,35.320385999999999,0 -81.694460000000007,35.321235999999999,0 -81.692290999999997,35.324308000000002,0 -81.692965000000001,35.325569000000002,0 -81.695459,35.327060000000003,0 -81.695212999999995,35.328665000000001,0 -81.696279000000004,35.330039999999997,0 -81.698352,35.329790000000003,0 -81.698300000000003,35.331142999999997,0 -81.699729000000005,35.331259000000003,0 -81.700798000000006,35.333435999999999,0 -81.699476000000004,35.336136000000003,0 -81.702268000000004,35.335445999999997,0 -81.703608000000003,35.335470999999998,0 -81.703873999999999,35.339047000000001,0 -81.701637000000005,35.34328,0 -81.703907000000001,35.342886999999997,0 -81.707301999999999,35.346601999999997,0 -81.702853000000005,35.357303999999999,0 -81.701963000000006,35.376561000000002,0 -81.701537000000002,35.386744,0 -81.703001999999998,35.385751999999997,0 -81.704076999999998,35.387203,0 -81.707824000000002,35.387121,0 -81.710008000000002,35.389311999999997,0 -81.706322999999998,35.391295,0 -81.703609,35.394233,0 -81.701160999999999,35.395606000000001,0 -81.700970999999996,35.400655999999998,0 -81.702670999999995,35.402216000000003,0 -81.705618000000001,35.406100000000002,0 -81.703146000000004,35.407854999999998,0 -81.700252000000006,35.408783,0 -81.699348999999998,35.425604999999997,0 -81.695712999999998,35.426808000000001,0 -81.693830000000005,35.427992000000003,0 -81.692323000000002,35.429737000000003,0 -81.690725999999998,35.430233999999999,0 -81.687285000000003,35.429608999999999,0 -81.685705999999996,35.427641000000001,0 -81.684192999999993,35.427641000000001,0 -81.683351999999999,35.425877,0 -81.682062999999999,35.425122000000002,0 -81.680774,35.426771000000002,0 -81.679260999999997,35.427321999999997,0 -81.676354000000003,35.430973999999999,0 -81.675729000000004,35.434249000000001,0 -81.674414999999996,35.435285999999998,0 -81.671841000000001,35.436186999999997,0 -81.668735999999996,35.438533999999997,0 -81.664295999999993,35.439915999999997,0 -81.661601000000005,35.438932999999999,0 -81.660532000000003,35.439967000000003,0 -81.658259000000001,35.440313000000003,0 -81.654494,35.437044,0 -81.652552999999997,35.436604000000003,0 -81.649429999999995,35.430782999999998,0 -81.648566000000002,35.426974000000001,0 -81.645809999999997,35.427605999999997,0 -81.642438999999996,35.427588,0 -81.644335999999996,35.422685999999999,0 -81.643985999999998,35.417419000000002,0 -81.643709000000001,35.416542,0 -81.641493999999994,35.416632999999997,0 -81.642927,35.420124000000001,0 -81.639600999999999,35.420808999999998,0 -81.639447000000004,35.422632999999998,0 -81.642328000000006,35.423428999999999,0 -81.638552000000004,35.426363000000002,0 -81.635758999999993,35.425004999999999,0 -81.633309999999994,35.422955999999999,0 -81.631930999999994,35.421368999999999,0 -81.630340000000004,35.417575999999997,0 -81.628173000000004,35.418712999999997,0 -81.628647000000001,35.42192,0 -81.625848000000005,35.422857,0 -81.625343000000001,35.424987000000002,0 -81.621801000000005,35.427163,0 -81.621213999999995,35.428358000000003,0 -81.617637000000002,35.424774999999997,0 -81.616341000000006,35.421844,0 -81.616788999999997,35.419835999999997,0 -81.621661000000003,35.419091999999999,0 -81.621199000000004,35.417375,0 -81.626845000000003,35.409002999999998,0 -81.629755000000003,35.407938999999999,0 -81.623784999999998,35.401646,0 -81.623074000000003,35.399340000000002,0 -81.614906000000005,35.397646000000002,0 -81.615206999999998,35.390847000000001,0 -81.615647999999993,35.389754000000003,0 -81.604455999999999,35.392113999999999,0 -81.601135999999997,35.392451999999999,0 -81.597103000000004,35.390385999999999,0 -81.597865999999996,35.385885999999999,0 -81.596400000000003,35.381591999999998,0 -81.596427000000006,35.380344000000001,0 -81.594689000000002,35.380628000000002,0 -81.591296999999997,35.379731,0 -81.588789000000006,35.376981000000001,0 -81.585915999999997,35.376435000000001,0 -81.580991999999995,35.375667999999997,0 -81.580110000000005,35.375928000000002,0 -81.581697000000005,35.373179,0 -81.575813999999994,35.372393000000002,0 -81.575688999999997,35.374012999999998,0 -81.573566,35.373913999999999,0 -81.572497999999996,35.372647000000001,0 -81.569891999999996,35.372293999999997,0 -81.566479999999999,35.373201000000002,0 -81.564762999999999,35.373660000000001,0 -81.564370999999994,35.374051000000001,0 -81.564076,35.374346000000003,0 -81.563293999999999,35.374597999999999,0 -81.562174999999996,35.374659000000001,0 -81.561475999999999,35.374552000000001,0 -81.560889000000003,35.374529000000003,0 -81.559753000000001,35.374670000000002,0 -81.559027,35.374876,0 -81.559763000000004,35.378829000000003,0 -81.554338999999999,35.378160999999999,0 -81.552863000000002,35.378500000000003,0 -81.548913999999996,35.382145999999999,0 -81.549533999999994,35.383220000000001,0 -81.548439999999999,35.384802000000001,0 -81.547882000000001,35.389045000000003,0 -81.545587999999995,35.389319,0 -81.548328999999995,35.393349000000001,0 -81.547629000000001,35.395501000000003,0 -81.546621999999999,35.396372,0 -81.545810000000003,35.399073000000001,0 -81.543824000000001,35.399805000000001,0 -81.542085,35.395670000000003,0 -81.536339999999996,35.38964,0 -81.534774999999996,35.389467000000003,0 -81.532923999999994,35.388311000000002,0 -81.532272000000006,35.385061,0 -81.530404000000004,35.385337,0 -81.530278999999993,35.386740000000003,0 -81.526633000000004,35.386459000000002,0 -81.524699999999996,35.38702,0 -81.516878000000005,35.380943000000002,0 -81.516628999999995,35.381878,0 -81.513729999999995,35.381473,0 -81.512152,35.383727999999998,0 -81.510234999999994,35.382531,0 -81.510841999999997,35.381019000000002,0 -81.508419000000004,35.376075,0 -81.504419999999996,35.376730999999999,0 -81.504541000000003,35.378208999999998,0 -81.504881999999995,35.382390999999998,0 -81.513959999999997,35.386087000000003,0 -81.514825000000002,35.385404999999999,0 -81.519585000000006,35.388381000000003,0 -81.522951000000006,35.389344999999999,0 -81.522063000000003,35.393546000000001,0 -81.524118000000001,35.393652000000003,0 -81.521141999999998,35.395178000000001,0 -81.521559999999994,35.397629000000002,0 -81.521306999999993,35.400835000000001,0 -81.521921000000006,35.402667000000001,0 -81.519875999999996,35.408118000000002,0 -81.519623999999993,35.410865999999999,0 -81.518671999999995,35.411965000000002,0 -81.516126999999997,35.411895000000001,0 -81.512826000000004,35.413589999999999,0 -81.510953000000001,35.418049000000003,0 -81.510337000000007,35.418042999999997,0 -81.503245000000007,35.417898999999998,0 -81.502332999999993,35.418033999999999,0 -81.502390000000005,35.416825000000003,0 -81.501609999999999,35.416815999999997,0 -81.499307000000002,35.417591000000002,0 -81.499221000000006,35.4148,0 -81.498238000000001,35.411481000000002,0 -81.495996000000005,35.408133999999997,0 -81.494367999999994,35.404924999999999,0 -81.491287999999997,35.402656,0 -81.490697999999995,35.399791,0 -81.487810999999994,35.396377000000001,0 -81.487416999999994,35.394061999999998,0 -81.485060000000004,35.390115999999999,0 -81.481252999999995,35.390394999999998,0 -81.476918999999995,35.388891999999998,0 -81.474568000000005,35.389163000000003,0 -81.471969999999999,35.391969000000003,0 -81.467985999999996,35.393099999999997,0 -81.465456000000003,35.390400999999997,0 -81.459907000000001,35.388855,0 -81.457226000000006,35.390599000000002,0 -81.452825000000004,35.392581999999997,0 -81.449067999999997,35.386488,0 -81.444246000000007,35.381954999999998,0 -81.442949999999996,35.378933000000004,0 -81.441028000000003,35.376595999999999,0 -81.443917999999996,35.375577999999997,0 -81.453086999999996,35.374619000000003,0 -81.458078,35.375427000000002,0 -81.461515000000006,35.375373000000003,0 -81.461422999999996,35.372101999999998,0 -81.462120999999996,35.371105,0 -81.463401000000005,35.366002000000002,0 -81.466110999999998,35.364128000000001,0 -81.470554000000007,35.364184000000002,0 -81.471890000000002,35.36327,0 -81.468800000000002,35.363419,0 -81.466087999999999,35.362943999999999,0 -81.461631999999994,35.359040999999998,0 -81.462903999999995,35.356355999999998,0 -81.462072000000006,35.355212999999999,0 -81.463138000000001,35.354064000000001,0 -81.455278000000007,35.349775999999999,0 -81.458348000000001,35.347693999999997,0 -81.459397999999993,35.345775000000003,0 -81.474041999999997,35.345658999999998,0 -81.469866999999994,35.344003999999998,0 -81.469335999999998,35.342084999999997,0 -81.466300000000004,35.340834999999998,0 -81.462753000000006,35.34113,0 -81.460261000000003,35.340809999999998,0 -81.460408000000001,35.339067,0 -81.461209999999994,35.336542999999999,0 -81.471171999999996,35.326602999999999,0 -81.473151999999999,35.323788999999998,0 -81.473341000000005,35.323534000000002,0 -81.472718999999998,35.322758999999998,0 -81.472826999999995,35.321210000000001,0 -81.470945999999998,35.319364999999998,0 -81.470601000000002,35.317605999999998,0 -81.468728999999996,35.317132000000001,0 -81.468226000000001,35.315801,0 -81.470787000000001,35.310727,0 -81.468789000000001,35.308929999999997,0 -81.467247999999998,35.306601000000001,0 -81.461858000000007,35.305959999999999,0 -81.456027000000006,35.301892000000002,0 -81.453689999999995,35.301878000000002,0 -81.450237999999999,35.300336000000001,0 -81.447889000000004,35.304150999999997,0 -81.447226999999998,35.304309000000003,0 -81.446997999999994,35.305210000000002,0 -81.445245999999997,35.305038000000003,0 -81.446858000000006,35.307716999999997,0 -81.444697000000005,35.307000000000002,0 -81.445125000000004,35.30827,0 -81.443151999999998,35.309618999999998,0 -81.440629999999999,35.309956,0 -81.438721999999999,35.308779000000001,0 -81.437804999999997,35.309522000000001,0 -81.442115000000001,35.311501999999997,0 -81.440718000000004,35.313654999999997,0 -81.438795999999996,35.314793999999999,0 -81.442003,35.316403000000001,0 -81.442115000000001,35.317686000000002,0 -81.440074999999993,35.319450000000003,0 -81.440354999999997,35.322907999999998,0 -81.439432999999994,35.324511000000001,0 -81.440438999999998,35.327672,0 -81.436638000000002,35.326346999999998,0 -81.434291000000002,35.327150000000003,0 -81.430546000000007,35.330154999999998,0 -81.427723,35.335039999999999,0 -81.426969999999997,35.341270000000002,0 -81.425848999999999,35.342483999999999,0 -81.425205000000005,35.349086999999997,0 -81.429370000000006,35.350988000000001,0 -81.430813999999998,35.352750999999998,0 -81.42841,35.354343999999998,0 -81.425381000000002,35.354767000000002,0 -81.422891000000007,35.356037999999998,0 -81.420642999999998,35.358021999999998,0 -81.419869000000006,35.359862999999997,0 -81.413905,35.363962000000001,0 -81.413966000000002,35.363168999999999,0 -81.412187000000003,35.360365999999999,0 -81.411696000000006,35.356760999999999,0 -81.410032000000001,35.352902999999998,0 -81.407366999999994,35.349356,0 -81.409069000000002,35.349003000000003,0 -81.412664000000007,35.346997999999999,0 -81.419055999999998,35.347059999999999,0 -81.419568999999996,35.345261000000001,0 -81.419381999999999,35.343856000000002,0 -81.416214999999994,35.344937999999999,0 -81.410229999999999,35.338175999999997,0 -81.409566999999996,35.338092000000003,0 -81.410561999999999,35.334952999999999,0 -81.412965999999997,35.333098999999997,0 -81.411931999999993,35.330922999999999,0 -81.414364000000006,35.329686000000002,0 -81.412267999999997,35.328288999999998,0 -81.413863000000006,35.321876000000003,0 -81.417355999999998,35.320296999999997,0 -81.417748000000003,35.319724000000001,0 -81.415764999999993,35.315784000000001,0 -81.416408000000004,35.313105,0 -81.416031000000004,35.308689000000001,0 -81.416829000000007,35.306995999999998,0 -81.421948999999998,35.302171000000001,0 -81.425066000000001,35.301703000000003,0 -81.424749000000006,35.298465999999998,0 -81.427282000000005,35.296031999999997,0 -81.428269,35.295960000000001,0 -81.429283999999996,35.301296000000001,0 -81.432736000000006,35.305067000000001,0 -81.434571000000005,35.303243000000002,0 -81.437138000000004,35.300063999999999,0 -81.439905999999993,35.300173000000001,0 -81.441497999999996,35.298850000000002,0 -81.446163999999996,35.297255999999997,0 -81.445549999999997,35.295538000000001,0 -81.447644999999994,35.297164000000002,0 -81.447337000000005,35.294485000000002,0 -81.448454999999996,35.294438999999997,0 -81.448790000000002,35.292560999999999,0 -81.447281000000004,35.292034000000001,0 -81.449376000000001,35.290156000000003,0 -81.445380999999998,35.290728999999999,0 -81.447867000000002,35.289422999999999,0 -81.447895000000003,35.288300999999997,0 -81.449376000000001,35.288483999999997,0 -81.448789000000005,35.287041000000002,0 -81.446106999999998,35.286881000000001,0 -81.448145999999994,35.285781,0 -81.450073000000003,35.286262000000001,0 -81.45147,35.284154999999998,0 -81.449263000000002,35.283628,0 -81.451273999999998,35.283216000000003,0 -81.454094999999995,35.283558999999997,0 -81.453871000000007,35.282756999999997,0 -81.449597999999995,35.282505999999998,0 -81.449346000000006,35.281360999999997,0 -81.447785999999994,35.280481999999999,0 -81.448453000000001,35.280467999999999,0 -81.448759999999993,35.279941000000001,0 -81.448200999999997,35.279437000000001,0 -81.448200999999997,35.279254000000002,0 -81.448340999999999,35.279069999999997,0 -81.448340999999999,35.278868000000003,0 -81.448340000000002,35.276757000000003,0 -81.451104999999998,35.276733999999998,0 -81.450992999999997,35.274833000000001,0 -81.452528999999998,35.274673,0 -81.453227999999996,35.276505,0 -81.456215999999998,35.276617999999999,0 -81.456997999999999,35.276319999999998,0 -81.455855,35.275188999999997,0 -81.456264000000004,35.274569999999997,0 -81.456342000000006,35.274451999999997,0 -81.456665000000001,35.273958,0 -81.457668999999996,35.271321,0 -81.457976000000002,35.268661000000002,0 -81.460319999999996,35.266641,0 -81.458672000000007,35.265815000000003,0 -81.456379999999996,35.259462999999997,0 -81.457655000000003,35.256301999999998,0 -81.458433999999997,35.256017999999997,0 -81.458646000000002,35.256061000000003,0 -81.468635000000006,35.248061999999997,0 -81.468467000000004,35.246138000000002,0 -81.467335000000006,35.245553000000001,0 -81.488820000000004,35.244506999999999,0 -81.488491999999994,35.24391,0 -81.487803,35.242348999999997,0 -81.485984000000002,35.241458000000002,0 -81.491056,35.239817000000002,0 -81.492709000000005,35.239671999999999,0 -81.492783000000003,35.237729000000002,0 -81.494465000000005,35.238129000000001,0 -81.486774999999994,35.227268000000002,0 -81.492267999999996,35.226844,0 -81.493356000000006,35.225057,0 -81.497345999999993,35.224069999999998,0 -81.502261000000004,35.224513999999999,0 -81.505037000000002,35.221466999999997,0 -81.506713000000005,35.220405999999997,0 -81.511904000000001,35.226529999999997,0 -81.509433000000001,35.228535000000001,0 -81.508349999999993,35.230181999999999,0 -81.511455999999995,35.230696000000002,0 -81.513534000000007,35.231976000000003,0 -81.515669000000003,35.231478000000003,0 -81.516339000000002,35.232534999999999,0 -81.518767999999994,35.229520000000001,0 -81.523022999999995,35.227463999999998,0 -81.523097000000007,35.227428000000003,0 -81.522873000000004,35.226886999999998,0 -81.526550999999998,35.224040000000002,0 -81.529298999999995,35.219819000000001,0 -81.529342,35.217742999999999,0 -81.532126000000005,35.218105000000001,0 -81.535072999999997,35.219959000000003,0 -81.536496,35.218268999999999,0 -81.531878000000006,35.202945999999997,0 -81.531976,35.202669999999998,0 -81.537914999999998,35.202620000000003,0 -81.540604999999999,35.201444000000002,0 -81.542066000000005,35.199857000000002,0 -81.543306999999999,35.196120999999998,0 -81.543223999999995,35.194406000000001,0 -81.536578000000006,35.193758000000003,0 -81.534687000000005,35.194091,0 -81.534496000000004,35.19312,0 -81.535887000000002,35.192691000000003,0 -81.537243000000004,35.190652,0 -81.538955999999999,35.189109999999999,0 -81.535937000000004,35.188267000000003,0 -81.537177999999997,35.185893,0 -81.536452999999995,35.185133,0 -81.537676000000005,35.180107999999997,0 -81.535408000000004,35.179855000000003,0 -81.535655000000006,35.179087000000003,0 -81.537889000000007,35.179411000000002,0 -81.538145999999998,35.178603000000003,0 -81.545595000000006,35.179554000000003,0 -81.548674000000005,35.177900999999999,0 -81.547497000000007,35.177402999999998,0 -81.548288999999997,35.175953999999997,0 -81.550462999999993,35.176316,0 -81.546499999999995,35.172693000000002,0 -81.544437795263704,35.171717938779203,0 -81.545150000000007,35.171743999999997,0 -81.563885396378694,35.1724291848994,0 -81.572804773189603,35.172755381483697,0 -81.581681000000003,35.173079999999999,0 -81.609005198779499,35.174252118901698,0 -81.609549097521494,35.1742754503816,0 -81.610197235906597,35.174303253401902,0 -81.609902000000005,35.176869000000003,0 -81.610517000000002,35.178106,0 -81.611270000000005,35.178700999999997,0 -81.617046999999999,35.180737000000001,0 -81.621816999999993,35.181330000000003,0 -81.624816999999993,35.180917000000001,0 -81.627482000000001,35.181078999999997,0 -81.629936999999998,35.181925999999997,0 -81.632028000000005,35.183346999999998,0 -81.632863,35.185156999999997,0 -81.631439,35.187263000000002,0 -81.626221999999999,35.187489999999997,0 -81.623524000000003,35.188406000000001,0 -81.623133999999993,35.189529,0 -81.624028999999993,35.192160999999999,0 -81.624816999999993,35.192711000000003,0 -81.629481999999996,35.194088000000001,0 -81.636875000000003,35.194296999999999,0 -81.639775999999998,35.195008000000001,0 -81.643822,35.196750000000002,0 -81.649232999999995,35.198630000000001,0 -81.650377000000006,35.199362999999998,0 -81.654979999999995,35.200670000000002,0 -81.657435000000007,35.201999000000001,0 -81.660756000000006,35.201565000000002,0 -81.663056999999995,35.200063999999998,0 -81.665649999999999,35.200932999999999,0 -81.665407999999999,35.201819999999998,0 -81.668066999999994,35.203280999999997,0 -81.671198000000004,35.203919999999997,0 -81.674009999999996,35.203833000000003,0 -81.678027,35.205551,0 -81.679366000000002,35.209077999999998,0 -81.681319999999999,35.212147999999999,0 -81.683468000000005,35.213476,0 -81.687431000000004,35.214849999999998,0 -81.691616999999994,35.215446,0 -81.694799000000003,35.215400000000002,0 -81.696557999999996,35.219428999999998,0 -81.700688,35.219771999999999,0 -81.701319999999996,35.220618999999999,0 -81.702977000000004,35.221603999999999,0 -81.700744999999998,35.222796000000002,0 -81.698036000000002,35.223253,0 -81.696021999999999,35.221899999999998,0 -81.693729000000005,35.221257999999999,0 -81.693505000000002,35.222400999999998,0 -81.696263999999999,35.225123000000004,0 -81.696573000000001,35.226956000000001,0 -81.699763000000004,35.227831000000002,0 -81.702337,35.227902999999998,0 -81.702393000000001,35.229162000000002,0 -81.699741000000003,35.230353999999998,0 -81.696223000000003,35.230904000000002,0 -81.695721000000006,35.232782,0 -81.693712000000005,35.233927000000001,0 -81.693934999999996,35.235804999999999,0 -81.696894,35.237248000000001,0 -81.695972999999995,35.237980999999998,0 -81.692344000000006,35.238874000000003,0 -81.691360000000003,35.240971000000002,0 -81.700254000000001,35.239607999999997,0 -81.709851999999998,35.239311000000001,0 -81.712361000000001,35.240451999999998,0 -81.711775000000003,35.242673000000003,0 -81.713143000000002,35.243474999999997,0 -81.712333999999998,35.245009000000003,0 -81.713200000000001,35.245764999999999,0 -81.712914999999995,35.247487999999997,0 -81.699607,35.260446000000002,0 -81.700163000000003,35.260696000000003,0 -81.699185,35.261887000000002,0 -81.696393,35.262987000000003,0 -81.692373000000003,35.263170000000002,0 -81.692819,35.264795999999997,0</coordinates></LinearRing></outerBoundaryIs><innerBoundaryIs><LinearRing><coordinates>-81.669116000000002,35.250850999999997,0 -81.669756000000007,35.248842000000003,0 -81.674430000000001,35.249369000000002,0 -81.675676999999993,35.245213999999997,0 -81.673614999999998,35.244278000000001,0 -81.669397000000004,35.244428999999997,0 -81.666145,35.245353000000001,0 -81.666560000000004,35.248801,0 -81.666659999999993,35.250473999999997,0 -81.669116000000002,35.250850999999997,0</coordinates></LinearRing></innerBoundaryIs><innerBoundaryIs><LinearRing><coordinates>-81.652213000000003,35.316606,0 -81.650796,35.317722000000003,0 -81.650774999999996,35.320098999999999,0 -81.654078999999996,35.320193000000003,0 -81.657793999999996,35.323636,0 -81.657560000000004,35.324981000000001,0 -81.658980999999997,35.324095,0 -81.660595000000001,35.324514999999998,0 -81.663844999999995,35.324441999999998,0 -81.666066999999998,35.323680000000003,0 -81.669238000000007,35.321697999999998,0 -81.670569999999998,35.319704000000002,0 -81.667332999999999,35.318877999999998,0 -81.667575999999997,35.316820999999997,0 -81.665430999999998,35.316679999999998,0 -81.665290999999996,35.317822999999997,0 -81.657112999999995,35.316591000000003,0 -81.652213000000003,35.316606,0</coordinates></LinearRing></innerBoundaryIs><innerBoundaryIs><LinearRing><coordinates>-81.626940000000005,35.385078,0 -81.624759999999995,35.386541000000001,0 -81.622759000000002,35.387084999999999,0 -81.624466999999996,35.391100999999999,0 -81.625764000000004,35.396014000000001,0 -81.626582999999997,35.397581000000002,0 -81.629650999999996,35.400750000000002,0 -81.634664999999998,35.403784999999999,0 -81.635690999999994,35.403024000000002,0 -81.638183999999995,35.403024000000002,0 -81.638931999999997,35.396293,0 -81.642048000000003,35.396386999999997,0 -81.642204000000007,35.393988,0 -81.641508000000002,35.387354999999999,0 -81.643401999999995,35.386830000000003,0 -81.643055000000004,35.385564000000002,0 -81.640360000000001,35.385216999999997,0 -81.639095999999995,35.387248,0 -81.636711000000005,35.386960000000002,0 -81.634612000000004,35.385221000000001,0 -81.633081000000004,35.384703999999999,0 -81.626940000000005,35.385078,0</coordinates></LinearRing></innerBoundaryIs></Polygon></Placemark><Placemark><name>Queen City Backsplash service area — part 4</name><styleUrl>#coverage</styleUrl><Polygon><tessellate>1</tessellate><outerBoundaryIs><LinearRing><coordinates>-80.466223999999997,35.261639000000002,0 -80.459345999999996,35.262813000000001,0 -80.459650999999994,35.264507999999999,0 -80.459041999999997,35.264674999999997,0 -80.457254000000006,35.265794,0 -80.455245000000005,35.268228000000001,0 -80.454167999999996,35.269368,0 -80.452304999999996,35.267769999999999,0 -80.451048,35.267080999999997,0 -80.447046999999998,35.273147000000002,0 -80.446174999999997,35.274473,0 -80.445341999999997,35.275719000000002,0 -80.434920000000005,35.291559999999997,0 -80.433391,35.293911999999999,0 -80.434603999999993,35.294943000000004,0 -80.436430000000001,35.296410000000002,0 -80.436657999999994,35.296619999999997,0 -80.437047000000007,35.297061999999997,0 -80.434576000000007,35.299515,0 -80.430166999999997,35.304836000000002,0 -80.428752000000003,35.303885999999999,0 -80.427616999999998,35.302762000000001,0 -80.405361999999997,35.336880999999998,0 -80.399930999999995,35.345101999999997,0 -80.398820000000001,35.343060999999999,0 -80.397036,35.342889999999997,0 -80.394757999999996,35.344276999999998,0 -80.393129999999999,35.346997000000002,0 -80.388396,35.351928000000001,0 -80.386671000000007,35.352947,0 -80.383994000000001,35.357294000000003,0 -80.381482000000005,35.352969000000002,0 -80.378380000000007,35.350918,0 -80.375888000000003,35.348433999999997,0 -80.374289000000005,35.344898000000001,0 -80.371476000000001,35.341448999999997,0 -80.368667000000002,35.340314999999997,0 -80.366040999999996,35.338524,0 -80.362620000000007,35.339466999999999,0 -80.361626000000001,35.340567999999998,0 -80.358979000000005,35.337660999999997,0 -80.356599000000003,35.340170999999998,0 -80.353875000000002,35.340206999999999,0 -80.353244000000004,35.338970000000003,0 -80.352197000000004,35.339267,0 -80.351498000000007,35.337899,0 -80.349823999999998,35.337108000000001,0 -80.350121999999999,35.336159000000002,0 -80.343474000000001,35.335388000000002,0 -80.343194999999994,35.337459000000003,0 -80.340513000000001,35.340598,0 -80.346244999999996,35.346206000000002,0 -80.348314999999999,35.351405,0 -80.352118000000004,35.354289000000001,0 -80.351337000000001,35.358252,0 -80.352148999999997,35.359923000000002,0 -80.356230999999994,35.361136000000002,0 -80.357405999999997,35.361960000000003,0 -80.357518999999996,35.365600999999998,0 -80.358275000000006,35.367502000000002,0 -80.357718000000006,35.370753999999998,0 -80.361493999999993,35.373981999999998,0 -80.366504000000006,35.377848,0 -80.367958000000002,35.38035,0 -80.366189000000006,35.381827999999999,0 -80.364553000000001,35.384813999999999,0 -80.358228999999994,35.384850999999998,0 -80.356341,35.384419000000001,0 -80.354928999999998,35.388035000000002,0 -80.351670999999996,35.387732,0 -80.349306999999996,35.392003000000003,0 -80.342035999999993,35.389532000000003,0 -80.344078999999994,35.384475000000002,0 -80.342759000000001,35.382609000000002,0 -80.341448,35.382899000000002,0 -80.339485999999994,35.383572999999998,0 -80.336618000000001,35.384594,0 -80.328424999999996,35.384501,0 -80.326273,35.383727999999998,0 -80.323173999999995,35.382255000000001,0 -80.322546000000003,35.385554999999997,0 -80.320196999999993,35.389288999999998,0 -80.318434999999994,35.391005999999997,0 -80.316610999999995,35.390867999999998,0 -80.316610999999995,35.390022999999999,0 -80.310913999999997,35.388454000000003,0 -80.310406999999998,35.383409,0 -80.307340999999994,35.383482000000001,0 -80.307124000000002,35.382539999999999,0 -80.304419999999993,35.382178000000003,0 -80.304260999999997,35.380858000000003,0 -80.303809999999999,35.380780999999999,0 -80.295835999999994,35.377974999999999,0 -80.293897000000001,35.377263999999997,0 -80.290875999999997,35.375512999999998,0 -80.290250999999998,35.37632,0 -80.284548000000001,35.376013999999998,0 -80.284505999999993,35.376711,0 -80.282060999999999,35.376007000000001,0 -80.282246000000001,35.378489000000002,0 -80.275503999999998,35.381934000000001,0 -80.277431000000007,35.389749999999999,0 -80.274355999999997,35.389861000000003,0 -80.274208000000002,35.392121000000003,0 -80.270763000000002,35.392527999999999,0 -80.270689000000004,35.390416999999999,0 -80.269281000000007,35.391269000000001,0 -80.265910000000005,35.389341999999999,0 -80.263814999999994,35.389302000000001,0 -80.261521999999999,35.391458,0 -80.258741999999998,35.393009999999997,0 -80.255126000000004,35.396653000000001,0 -80.250694999999993,35.399175999999997,0 -80.235174000000001,35.403554,0 -80.223151999999999,35.389389000000001,0 -80.221648999999999,35.389681000000003,0 -80.222103000000004,35.391106999999998,0 -80.221411000000003,35.391255999999998,0 -80.221829999999997,35.392522999999997,0 -80.220432000000002,35.392845000000001,0 -80.219964000000004,35.391579999999998,0 -80.217967000000002,35.393602000000001,0 -80.217494000000002,35.394821999999998,0 -80.216829000000004,35.396408000000001,0 -80.215943999999993,35.396796999999999,0 -80.214791000000005,35.396979999999999,0 -80.212830999999994,35.398999000000003,0 -80.208237999999994,35.406334999999999,0 -80.201784000000004,35.406716000000003,0 -80.196715999999995,35.407195000000002,0 -80.197187999999997,35.409241999999999,0 -80.190852000000007,35.409174,0 -80.189854999999994,35.406666000000001,0 -80.187883999999997,35.406429000000003,0 -80.188007999999996,35.405790000000003,0 -80.187226999999993,35.405611,0 -80.185565999999994,35.405417999999997,0 -80.184306000000007,35.405523000000002,0 -80.183246999999994,35.403990999999998,0 -80.182644999999994,35.401502999999998,0 -80.182678999999993,35.401080999999998,0 -80.182674000000006,35.400722999999999,0 -80.182777000000002,35.400455000000001,0 -80.182776000000004,35.400168999999998,0 -80.182015000000007,35.398719,0 -80.181848000000002,35.397475999999997,0 -80.181511,35.396371000000002,0 -80.181539000000001,35.395381,0 -80.182046999999997,35.393886000000002,0 -80.182366999999999,35.393611999999997,0 -80.182374999999993,35.392527999999999,0 -80.177807000000001,35.395847000000003,0 -80.176751999999993,35.397055000000002,0 -80.169949000000003,35.401083,0 -80.171885000000003,35.404000000000003,0 -80.171977999999996,35.404479000000002,0 -80.172109000000006,35.407691999999997,0 -80.172944000000001,35.408628,0 -80.173052999999996,35.410634999999999,0 -80.174723,35.413418999999998,0 -80.175640000000001,35.418030000000002,0 -80.174828000000005,35.419656000000003,0 -80.167961000000005,35.419589000000002,0 -80.167821000000004,35.421945999999998,0 -80.168981000000002,35.428381999999999,0 -80.168413000000001,35.431210999999998,0 -80.157849999999996,35.435755,0 -80.158063999999996,35.434356000000001,0 -80.153533999999993,35.426568000000003,0 -80.151799999999994,35.425285000000002,0 -80.150098999999997,35.422714999999997,0 -80.153066999999993,35.419939999999997,0 -80.160965000000004,35.403829000000002,0 -80.160386000000003,35.403810999999997,0 -80.158469999999994,35.403072000000002,0 -80.156875999999997,35.402757000000001,0 -80.155698999999998,35.406413000000001,0 -80.156497999999999,35.406452000000002,0 -80.147054999999995,35.411026,0 -80.137793000000002,35.413254999999999,0 -80.135285999999994,35.41386,0 -80.125681999999998,35.415852000000001,0 -80.129748000000006,35.411400999999998,0 -80.129931999999997,35.407076000000004,0 -80.132131999999999,35.404308999999998,0 -80.128981999999993,35.402633000000002,0 -80.124775999999997,35.401766000000002,0 -80.122681,35.400708000000002,0 -80.121767000000006,35.399993000000002,0 -80.121168999999995,35.397227000000001,0 -80.121148000000005,35.395459000000002,0 -80.121482,35.393557999999999,0 -80.114431999999994,35.393649000000003,0 -80.113135999999997,35.393658000000002,0 -80.113518999999997,35.397592000000003,0 -80.113046999999995,35.398268000000002,0 -80.111206999999993,35.397682000000003,0 -80.111052999999998,35.397939000000001,0 -80.085871999999995,35.393873999999997,0 -80.083904000000004,35.395094,0 -80.078322999999997,35.395521000000002,0 -80.075033000000005,35.395071999999999,0 -80.070922999999993,35.392738000000001,0 -80.066136999999998,35.389513999999998,0 -80.062270999999996,35.386133999999998,0 -80.059780000000003,35.381137000000003,0 -80.057924999999997,35.377687999999999,0 -80.055903000000001,35.375613999999999,0 -80.051738999999998,35.372585000000001,0 -80.051225000000002,35.371536999999996,0 -80.052666000000002,35.367562999999997,0 -80.054137999999995,35.365958999999997,0 -80.056742,35.364172000000003,0 -80.060615999999996,35.362653999999999,0 -80.063439000000002,35.361973999999996,0 -80.065387999999999,35.360474000000004,0 -80.066371000000004,35.357145000000003,0 -80.066387000000006,35.353625000000001,0 -80.065957999999995,35.345213000000001,0 -80.066334999999995,35.340646999999997,0 -80.067599999999999,35.338619999999999,0 -80.071085999999994,35.335572999999997,0 -80.075181999999998,35.331277999999998,0 -80.079372000000006,35.325848999999998,0 -80.081937999999994,35.321457000000002,0 -80.081958,35.318612999999999,0 -80.079915999999997,35.314543,0 -80.079537000000002,35.311103000000003,0 -80.080207999999999,35.308638000000002,0 -80.080483000000001,35.307623,0 -80.083820000000003,35.303009000000003,0 -80.087045000000003,35.299314000000003,0 -80.090468999999999,35.294266999999998,0 -80.092888000000002,35.290219,0 -80.093965999999995,35.287087,0 -80.099024,35.289279999999998,0 -80.104837000000003,35.292687000000001,0 -80.111016000000006,35.291040000000002,0 -80.116041999999993,35.292620999999997,0 -80.115374000000003,35.291682000000002,0 -80.117018999999999,35.290920999999997,0 -80.114557000000005,35.291176999999998,0 -80.112018000000006,35.289870000000001,0 -80.108549999999994,35.290142000000003,0 -80.108626999999998,35.291277000000001,0 -80.106644000000003,35.291843,0 -80.104714000000001,35.290717000000001,0 -80.105928000000006,35.287802999999997,0 -80.105621999999997,35.286596000000003,0 -80.105474000000001,35.286847000000002,0 -80.105214000000004,35.287515999999997,0 -80.104912999999996,35.288111000000001,0 -80.104769000000005,35.288350999999999,0 -80.104708000000002,35.288654999999999,0 -80.104723000000007,35.288851000000001,0 -80.104427000000001,35.289245000000001,0 -80.104320000000001,35.289513999999997,0 -80.104178000000005,35.289610000000003,0 -80.103976000000003,35.289636000000002,0 -80.103375999999997,35.290028999999997,0 -80.102918000000003,35.290140999999998,0 -80.102518000000003,35.290016999999999,0 -80.101912999999996,35.289548000000003,0 -80.101510000000005,35.289462999999998,0 -80.102080000000001,35.288603000000002,0 -80.101877999999999,35.288308999999998,0 -80.101899000000003,35.287523,0 -80.099732000000003,35.272846999999999,0 -80.101263000000003,35.2729,0 -80.100800000000007,35.271076999999998,0 -80.101913999999994,35.271504999999998,0 -80.102562000000006,35.271394999999998,0 -80.103120000000004,35.270809999999997,0 -80.103668999999996,35.268720000000002,0 -80.105168000000006,35.268745000000003,0 -80.105715000000004,35.269331000000001,0 -80.108801999999997,35.269205999999997,0 -80.109217000000001,35.270783999999999,0 -80.111514,35.270521000000002,0 -80.111975999999999,35.27205,0 -80.113434999999996,35.272086000000002,0 -80.113061000000002,35.274113999999997,0 -80.117925,35.273676999999999,0 -80.117626000000001,35.274726000000001,0 -80.121056999999993,35.275381000000003,0 -80.121657999999996,35.271894000000003,0 -80.124337999999995,35.272708999999999,0 -80.124803999999997,35.269562999999998,0 -80.128696000000005,35.269492999999997,0 -80.128556000000003,35.272336000000003,0 -80.129464999999996,35.275948999999997,0 -80.130583999999999,35.275646000000002,0 -80.131771999999998,35.276857,0 -80.132773999999998,35.279420999999999,0 -80.136619999999994,35.278582,0 -80.135966999999994,35.277043999999997,0 -80.139812000000006,35.276088000000001,0 -80.138972999999993,35.278559000000001,0 -80.146128000000004,35.282263999999998,0 -80.147199999999998,35.281635000000001,0 -80.143355,35.275202999999998,0 -80.149040999999997,35.276158000000002,0 -80.148668000000001,35.280493,0 -80.153655000000001,35.280866000000003,0 -80.154448000000002,35.281658,0 -80.157686999999996,35.281542000000002,0 -80.157757000000004,35.280329999999999,0 -80.167322999999996,35.281691000000002,0 -80.169754999999995,35.282083,0 -80.171730999999994,35.278956999999998,0 -80.171930000000003,35.277574999999999,0 -80.170136999999997,35.272830999999996,0 -80.188485999999997,35.278514000000001,0 -80.188298000000003,35.277588000000002,0 -80.187535999999994,35.276240000000001,0 -80.185523000000003,35.275440000000003,0 -80.187867999999995,35.273671999999998,0 -80.189651999999995,35.273290000000003,0 -80.189843999999994,35.275775000000003,0 -80.191946999999999,35.275838999999998,0 -80.194517000000005,35.272694999999999,0 -80.195919000000004,35.272376000000001,0 -80.197597999999999,35.273353,0 -80.197745999999995,35.271037999999997,0 -80.196196,35.270527999999999,0 -80.196302000000003,35.269126,0 -80.198745000000002,35.269551,0 -80.203355000000002,35.269011999999996,0 -80.203695999999994,35.269598999999999,0 -80.203945000000004,35.267927999999998,0 -80.207325999999995,35.263350000000003,0 -80.210749000000007,35.256884999999997,0 -80.213072999999994,35.253605,0 -80.214230000000001,35.253490999999997,0 -80.217290000000006,35.251801,0 -80.221765000000005,35.249797000000001,0 -80.224304000000004,35.247717999999999,0 -80.226657000000003,35.244954,0 -80.227373,35.244650999999998,0 -80.228810999999993,35.245483999999998,0 -80.247390999999993,35.247373000000003,0 -80.248649,35.247698,0 -80.250540000000001,35.249358000000001,0 -80.252539999999996,35.248251000000003,0 -80.255080000000007,35.247584000000003,0 -80.259242,35.244653999999997,0 -80.260863000000001,35.241861,0 -80.261979999999994,35.241197,0 -80.262038000000004,35.238449000000003,0 -80.262820000000005,35.237257999999997,0 -80.265778999999995,35.236182999999997,0 -80.265918999999997,35.236825000000003,0 -80.269294000000002,35.240192999999998,0 -80.270717000000005,35.242575000000002,0 -80.274735000000007,35.245462000000003,0 -80.274844999999999,35.248759999999997,0 -80.273283000000006,35.250582000000001,0 -80.273084999999995,35.254182999999998,0 -80.273866999999996,35.255305999999997,0 -80.275122999999994,35.255626999999997,0 -80.279284000000004,35.254047999999997,0 -80.279702999999998,35.251756999999998,0 -80.279424000000006,35.248876000000003,0 -80.280512999999999,35.248258,0 -80.282578000000001,35.249673000000001,0 -80.282578999999998,35.250514000000003,0 -80.284616999999997,35.251759,0 -80.286878000000002,35.254187000000002,0 -80.287521999999996,35.255878000000003,0 -80.282899999999998,35.259014000000001,0 -80.285060999999999,35.261374000000004,0 -80.287637000000004,35.261938000000001,0 -80.289377999999999,35.261119000000001,0 -80.292627999999993,35.261724000000001,0 -80.293218999999993,35.265475000000002,0 -80.294117999999997,35.266274000000003,0 -80.296237000000005,35.265073000000001,0 -80.296507000000005,35.269877000000001,0 -80.298041999999995,35.272579999999998,0 -80.299941000000004,35.273198000000001,0 -80.300639000000004,35.276290000000003,0 -80.303487000000004,35.281604000000002,0 -80.303487000000004,35.282519999999998,0 -80.305553000000003,35.284351999999998,0 -80.307843000000005,35.287604999999999,0 -80.308792999999994,35.290101,0 -80.310328999999996,35.291727000000002,0 -80.313485,35.297016999999997,0 -80.315664999999996,35.302033000000002,0 -80.318291000000002,35.303955999999999,0 -80.318066999999999,35.305491000000004,0 -80.319072000000006,35.306888999999998,0 -80.319941,35.306241999999997,0 -80.330579,35.306246999999999,0 -80.339160000000007,35.296095000000001,0 -80.341733000000005,35.294933,0 -80.342185999999998,35.293850999999997,0 -80.347243000000006,35.285702000000001,0 -80.347521,35.285009000000002,0 -80.349807999999996,35.285958999999998,0 -80.353133,35.279069999999997,0 -80.354596000000001,35.278134999999999,0 -80.354684000000006,35.278585999999997,0 -80.361143999999996,35.278720999999997,0 -80.360375000000005,35.280656999999998,0 -80.361198999999999,35.280980999999997,0 -80.362523999999993,35.283659,0 -80.362376999999995,35.285896000000001,0 -80.361586000000003,35.287886,0 -80.363282999999996,35.288035000000001,0 -80.363457999999994,35.287075000000002,0 -80.366260999999994,35.286752,0 -80.368575000000007,35.288243000000001,0 -80.372255999999993,35.288491999999998,0 -80.371590999999995,35.287357999999998,0 -80.372694999999993,35.283648999999997,0 -80.375641000000002,35.282518000000003,0 -80.375043000000005,35.280757000000001,0 -80.377566000000002,35.279611000000003,0 -80.377835000000005,35.277920999999999,0 -80.375793000000002,35.277062000000001,0 -80.377126000000004,35.275435000000002,0 -80.380538999999999,35.276347000000001,0 -80.381488000000004,35.275488000000003,0 -80.380028999999993,35.273980000000002,0 -80.379397999999995,35.269742999999998,0 -80.379715000000004,35.267741999999998,0 -80.379407999999998,35.264589000000001,0 -80.377941000000007,35.261215999999997,0 -80.378288999999995,35.260716000000002,0 -80.383895999999993,35.262503000000002,0 -80.385183999999995,35.259411,0 -80.386964000000006,35.258135000000003,0 -80.389915000000002,35.258507000000002,0 -80.389522999999997,35.262090000000001,0 -80.390360999999999,35.261755000000001,0 -80.391022000000007,35.263989000000002,0 -80.390489000000002,35.264024999999997,0 -80.389491000000007,35.264251999999999,0 -80.389539999999997,35.264426999999998,0 -80.395394999999994,35.263209000000003,0 -80.395860999999996,35.263061999999998,0 -80.396523000000002,35.262788,0 -80.397371000000007,35.262390000000003,0 -80.397537,35.260612999999999,0 -80.401071999999999,35.259816000000001,0 -80.401854999999998,35.257182999999998,0 -80.401855999999995,35.256495999999999,0 -80.401302999999999,35.254786000000003,0 -80.412715000000006,35.255144999999999,0 -80.415407999999999,35.253076,0 -80.417456000000001,35.252811000000001,0 -80.419998000000007,35.251730000000002,0 -80.419612999999998,35.250523000000001,0 -80.422493000000003,35.250833,0 -80.421711000000002,35.252721000000001,0 -80.424008000000001,35.252791000000002,0 -80.423928000000004,35.251193000000001,0 -80.425521000000003,35.252676999999998,0 -80.428391000000005,35.252695000000003,0 -80.427595999999994,35.247878999999998,0 -80.427599000000001,35.247779999999999,0 -80.428297000000001,35.246451999999998,0 -80.428715999999994,35.246087000000003,0 -80.428769000000003,35.246006999999999,0 -80.429023000000001,35.245308000000001,0 -80.432513,35.241598000000003,0 -80.435650999999993,35.241764000000003,0 -80.443607999999998,35.241295999999998,0 -80.443993000000006,35.240814999999998,0 -80.447551000000004,35.242170999999999,0 -80.455875000000006,35.243074999999997,0 -80.458223000000004,35.240214000000002,0 -80.459755000000001,35.240777000000001,0 -80.459926999999993,35.240344999999998,0 -80.462913,35.241827999999998,0 -80.466166999999999,35.243020000000001,0 -80.466702999999995,35.243245000000002,0 -80.465289999999996,35.245398000000002,0 -80.463181000000006,35.248609000000002,0 -80.462102999999999,35.250242999999998,0 -80.461582000000007,35.251038000000001,0 -80.460907000000006,35.252074,0 -80.459695999999994,35.253908000000003,0 -80.459682000000001,35.253948000000001,0 -80.462367999999998,35.253529,0 -80.468845999999999,35.254016999999997,0 -80.465373999999997,35.254075,0 -80.465480999999997,35.257891000000001,0 -80.466721000000007,35.259642999999997,0 -80.466576000000003,35.259945000000002,0 -80.466206,35.260511999999999,0 -80.466137000000003,35.260852,0 -80.466223999999997,35.261639000000002,0</coordinates></LinearRing></outerBoundaryIs></Polygon></Placemark><Placemark><name>Queen City Backsplash service area — part 5</name><styleUrl>#coverage</styleUrl><Polygon><tessellate>1</tessellate><outerBoundaryIs><LinearRing><coordinates>-81.426312999999993,35.376502000000002,0 -81.424599999999998,35.375574,0 -81.425263000000001,35.378588000000001,0 -81.422821999999996,35.376539000000001,0 -81.422009000000003,35.376477999999999,0 -81.421135000000007,35.374398999999997,0 -81.418211999999997,35.374308999999997,0 -81.418242000000006,35.372138999999997,0 -81.427372000000005,35.370511999999998,0 -81.427457000000004,35.368917000000003,0 -81.427340999999998,35.372852999999999,0 -81.431325000000001,35.373061,0 -81.430294000000004,35.371640999999997,0 -81.430379000000002,35.369129999999998,0 -81.430369999999996,35.367966000000003,0 -81.430974000000006,35.367351999999997,0 -81.432322999999997,35.368502999999997,0 -81.434044999999998,35.370029000000002,0 -81.437189000000004,35.371676000000001,0 -81.439206999999996,35.375166999999998,0 -81.435175999999998,35.375363,0 -81.435085999999998,35.376748999999997,0 -81.430687000000006,35.376629000000001,0 -81.430565999999999,35.378618000000003,0 -81.426407999999995,35.378104999999998,0 -81.426312999999993,35.376502000000002,0</coordinates></LinearRing></outerBoundaryIs></Polygon></Placemark></Document></kml>